timestamp,camera_name,frame_sequence_num,local_track_id,global_id,bbox_x1,bbox_y1,bbox_x2,bbox_y2,confidence_score
2025-11-18T23:36:34.487809,Source c1.avi,1,1,,231,0,256,85,0.827
2025-11-18T23:36:34.607839,Source c1.avi,2,1,,230,0,255,87,0.759
2025-11-18T23:36:34.695871,Source c1.avi,3,1,,228,0,255,89,0.798
2025-11-18T23:36:34.792903,Source c1.avi,4,1,,228,0,254,87,0.802
2025-11-18T23:36:34.890937,Source c1.avi,5,1,,227,0,253,88,0.832
2025-11-18T23:36:34.989967,Source c1.avi,6,1,,226,0,252,91,0.829
2025-11-18T23:36:35.087005,Source c1.avi,7,1,,225,0,252,94,0.817
2025-11-18T23:36:35.183252,Source c1.avi,8,1,,224,0,251,94,0.875
2025-11-18T23:36:35.362803,Source c1.avi,9,1,1,224,0,251,94,0.811
2025-11-18T23:36:35.463848,Source c1.avi,10,1,,223,0,250,96,0.852
2025-11-18T23:36:35.557705,Source c1.avi,11,1,,222,0,249,96,0.840
2025-11-18T23:36:35.652745,Source c1.avi,12,1,,221,0,249,97,0.787
2025-11-18T23:36:35.754698,Source c1.avi,13,1,,220,0,248,99,0.839
2025-11-18T23:36:35.852738,Source c1.avi,14,1,,220,0,247,99,0.820
2025-11-18T23:36:35.948782,Source c1.avi,15,1,,219,0,246,99,0.809
2025-11-18T23:36:36.041805,Source c1.avi,16,1,,218,0,245,98,0.844
2025-11-18T23:36:36.130806,Source c1.avi,17,1,,217,0,245,99,0.826
2025-11-18T23:36:36.220423,Source c1.avi,18,1,,217,0,244,99,0.835
2025-11-18T23:36:36.342319,Source c1.avi,19,1,1,216,0,243,100,0.806
2025-11-18T23:36:36.412346,Source c1.avi,20,1,,215,0,242,100,0.806
2025-11-18T23:36:36.483864,Source c1.avi,21,1,,214,0,242,101,0.806
2025-11-18T23:36:36.567900,Source c1.avi,22,1,,213,0,240,99,0.825
2025-11-18T23:36:36.653928,Source c1.avi,23,1,,212,0,239,100,0.882
2025-11-18T23:36:36.741629,Source c1.avi,24,1,,211,0,239,101,0.868
2025-11-18T23:36:36.831639,Source c1.avi,25,1,,208,0,237,102,0.871
2025-11-18T23:36:36.925664,Source c1.avi,26,1,,206,0,235,103,0.875
2025-11-18T23:36:37.021264,Source c1.avi,27,1,,204,0,234,103,0.876
2025-11-18T23:36:37.110946,Source c1.avi,28,1,,201,1,232,104,0.885
2025-11-18T23:36:37.234893,Source c1.avi,29,1,1,199,1,231,106,0.880
2025-11-18T23:36:37.327901,Source c1.avi,30,1,,198,1,230,107,0.857
2025-11-18T23:36:37.419935,Source c1.avi,31,1,,196,1,229,108,0.815
2025-11-18T23:36:37.507971,Source c1.avi,32,1,,195,1,229,110,0.805
2025-11-18T23:36:37.597002,Source c1.avi,33,1,,193,1,228,111,0.849
2025-11-18T23:36:37.691740,Source c1.avi,34,1,,191,0,227,111,0.841
2025-11-18T23:36:37.792378,Source c1.avi,35,1,,190,0,226,112,0.875
2025-11-18T23:36:37.892407,Source c1.avi,36,1,,190,0,226,111,0.855
2025-11-18T23:36:37.984586,Source c1.avi,37,1,,189,0,224,110,0.865
2025-11-18T23:36:38.084617,Source c1.avi,38,1,,189,0,223,108,0.829
2025-11-18T23:36:38.236146,Source c1.avi,39,1,1,188,0,223,110,0.847
2025-11-18T23:36:38.347175,Source c1.avi,40,1,,188,0,222,109,0.871
2025-11-18T23:36:38.363175,Source c2.avi,1,1,,4,0,33,172,0.764
2025-11-18T23:36:38.457097,Source c1.avi,41,1,,187,0,222,111,0.858
2025-11-18T23:36:38.475099,Source c2.avi,2,1,,5,0,35,172,0.807
2025-11-18T23:36:38.570120,Source c1.avi,42,1,,186,0,221,112,0.870
2025-11-18T23:36:38.588640,Source c2.avi,3,1,,7,0,37,172,0.857
2025-11-18T23:36:38.689667,Source c1.avi,43,1,,185,0,220,114,0.849
2025-11-18T23:36:38.706668,Source c2.avi,4,1,,9,0,40,173,0.877
2025-11-18T23:36:38.821695,Source c1.avi,44,1,,185,0,219,115,0.882
2025-11-18T23:36:38.839696,Source c2.avi,5,1,,12,0,44,173,0.895
2025-11-18T23:36:38.933718,Source c1.avi,45,1,,184,0,219,118,0.844
2025-11-18T23:36:38.952718,Source c2.avi,6,1,,15,0,48,173,0.893
2025-11-18T23:36:39.069465,Source c1.avi,46,1,,183,1,217,118,0.841
2025-11-18T23:36:39.087987,Source c2.avi,7,1,,16,0,52,172,0.905
2025-11-18T23:36:39.219010,Source c1.avi,47,1,,182,1,216,120,0.859
2025-11-18T23:36:39.236010,Source c2.avi,8,1,,18,0,56,173,0.904
2025-11-18T23:36:39.251008,Source c3.avi,1,1,,13,0,145,285,0.901
2025-11-18T23:36:39.367033,Source c1.avi,48,1,,181,2,215,121,0.849
2025-11-18T23:36:39.385038,Source c2.avi,9,1,,19,0,60,174,0.908
2025-11-18T23:36:39.405547,Source c3.avi,2,1,,21,0,153,286,0.903
2025-11-18T23:36:39.535231,Source c0.avi,1,1,1,288,1,348,169,0.914
2025-11-18T23:36:39.578235,Source c1.avi,49,1,1,180,3,214,124,0.835
2025-11-18T23:36:39.620744,Source c2.avi,10,1,1,19,0,63,175,0.924
2025-11-18T23:36:39.678749,Source c3.avi,3,1,2,29,0,161,286,0.892
2025-11-18T23:36:39.774776,Source c0.avi,2,1,,284,1,344,168,0.917
2025-11-18T23:36:39.803294,Source c1.avi,50,1,,179,3,214,126,0.827
2025-11-18T23:36:39.820292,Source c2.avi,11,1,,19,0,66,177,0.924
2025-11-18T23:36:39.844295,Source c3.avi,4,1,,37,0,168,286,0.906
2025-11-18T23:36:39.946327,Source c0.avi,3,1,,282,3,343,168,0.928
2025-11-18T23:36:39.946327,Source c1.avi,51,1,,178,3,213,128,0.928
2025-11-18T23:36:39.965328,Source c2.avi,12,1,,18,0,68,178,0.922
2025-11-18T23:36:39.982332,Source c3.avi,5,1,,46,0,177,286,0.886
2025-11-18T23:36:40.085359,Source c0.avi,4,1,,279,3,341,168,0.914
2025-11-18T23:36:40.102886,Source c1.avi,52,1,,177,3,212,129,0.780
2025-11-18T23:36:40.121885,Source c2.avi,13,1,,19,0,71,178,0.920
2025-11-18T23:36:40.137886,Source c3.avi,6,1,,54,0,184,287,0.919
2025-11-18T23:36:40.235471,Source c0.avi,5,1,,276,3,339,168,0.896
2025-11-18T23:36:40.253467,Source c1.avi,53,1,,171,2,208,130,0.823
2025-11-18T23:36:40.269469,Source c2.avi,14,1,,19,0,73,180,0.901
2025-11-18T23:36:40.289981,Source c3.avi,7,1,,62,0,191,286,0.909
2025-11-18T23:36:40.388775,Source c0.avi,6,1,,274,3,338,167,0.903
2025-11-18T23:36:40.406773,Source c1.avi,54,1,,169,2,206,130,0.815
2025-11-18T23:36:40.423774,Source c2.avi,15,1,,19,0,76,182,0.894
2025-11-18T23:36:40.440775,Source c3.avi,8,1,,70,0,196,285,0.908
2025-11-18T23:36:40.554723,Source c0.avi,7,1,,271,3,337,168,0.884
2025-11-18T23:36:40.572725,Source c1.avi,55,1,,168,2,206,130,0.797
2025-11-18T23:36:40.589243,Source c2.avi,16,1,,20,0,77,182,0.889
2025-11-18T23:36:40.607241,Source c3.avi,9,1,,78,0,202,285,0.909
2025-11-18T23:36:40.716190,Source c0.avi,8,1,,270,2,336,165,0.882
2025-11-18T23:36:40.735191,Source c1.avi,56,1,,167,1,205,130,0.833
2025-11-18T23:36:40.750189,Source c2.avi,17,1,,21,0,80,183,0.884
2025-11-18T23:36:40.766187,Source c3.avi,10,1,,84,0,206,284,0.897
2025-11-18T23:36:40.860208,Source c0.avi,9,1,,267,1,333,163,0.900
2025-11-18T23:36:40.876222,Source c1.avi,57,1,,168,2,206,130,0.777
2025-11-18T23:36:40.896729,Source c2.avi,18,1,,22,0,81,183,0.888
2025-11-18T23:36:40.912726,Source c3.avi,11,1,,89,0,210,284,0.899
2025-11-18T23:36:41.008760,Source c0.avi,10,1,,264,0,330,160,0.868
2025-11-18T23:36:41.026759,Source c1.avi,58,1,,167,1,205,130,0.789
2025-11-18T23:36:41.042759,Source c2.avi,19,1,,23,0,82,183,0.898
2025-11-18T23:36:41.057759,Source c3.avi,12,1,,95,0,214,284,0.882
2025-11-18T23:36:41.176801,Source c0.avi,11,1,1,262,0,326,159,0.849
2025-11-18T23:36:41.219292,Source c1.avi,59,1,1,166,1,205,130,0.824
2025-11-18T23:36:41.262292,Source c2.avi,20,1,1,24,0,83,183,0.892
2025-11-18T23:36:41.305801,Source c3.avi,13,1,2,101,0,218,284,0.906
2025-11-18T23:36:41.407833,Source c0.avi,12,1,,260,0,324,157,0.841
2025-11-18T23:36:41.425833,Source c1.avi,60,1,,166,1,205,130,0.801
2025-11-18T23:36:41.442834,Source c2.avi,21,1,,25,0,84,183,0.878
2025-11-18T23:36:41.463835,Source c3.avi,14,1,,106,0,221,284,0.901
2025-11-18T23:36:41.569815,Source c0.avi,13,1,,258,0,321,157,0.788
2025-11-18T23:36:41.588327,Source c1.avi,61,1,,165,2,204,131,0.812
2025-11-18T23:36:41.607335,Source c2.avi,22,1,,26,0,85,185,0.869
2025-11-18T23:36:41.623332,Source c3.avi,15,1,,111,0,225,285,0.890
2025-11-18T23:36:41.708363,Source c0.avi,14,1,,256,0,319,156,0.890
2025-11-18T23:36:41.728363,Source c1.avi,62,1,,162,2,202,132,0.806
2025-11-18T23:36:41.747364,Source c2.avi,23,1,,27,0,86,189,0.895
2025-11-18T23:36:41.765360,Source c3.avi,16,1,,115,0,228,285,0.875
2025-11-18T23:36:41.872387,Source c0.avi,15,1,,255,0,316,157,0.797
2025-11-18T23:36:41.890903,Source c1.avi,63,1,,160,3,200,132,0.783
2025-11-18T23:36:41.908905,Source c2.avi,24,1,,29,0,89,193,0.860
2025-11-18T23:36:41.930908,Source c3.avi,17,1,,120,0,231,284,0.886
2025-11-18T23:36:42.012920,Source c0.avi,16,1,,253,0,314,156,0.886
2025-11-18T23:36:42.032920,Source c1.avi,64,1,,156,3,196,133,0.792
2025-11-18T23:36:42.050920,Source c2.avi,25,1,,32,0,92,195,0.857
2025-11-18T23:36:42.068922,Source c3.avi,18,1,,124,0,233,284,0.878
2025-11-18T23:36:42.168784,Source c0.avi,17,1,,247,0,308,157,0.857
2025-11-18T23:36:42.186792,Source c1.avi,65,1,,153,3,194,133,0.850
2025-11-18T23:36:42.205306,Source c2.avi,26,1,,36,0,97,196,0.860
2025-11-18T23:36:42.223306,Source c3.avi,19,1,,128,0,234,279,0.852
2025-11-18T23:36:42.320338,Source c0.avi,18,1,,243,0,302,157,0.874
2025-11-18T23:36:42.339336,Source c1.avi,66,1,,150,3,192,133,0.849
2025-11-18T23:36:42.358341,Source c2.avi,27,1,,40,0,101,195,0.848
2025-11-18T23:36:42.377347,Source c3.avi,20,1,,134,0,240,281,0.827
2025-11-18T23:36:42.483366,Source c0.avi,19,1,,238,0,298,157,0.880
2025-11-18T23:36:42.503879,Source c1.avi,67,1,,148,4,192,135,0.856
2025-11-18T23:36:42.523879,Source c2.avi,28,1,,43,0,105,196,0.873
2025-11-18T23:36:42.540882,Source c3.avi,21,1,,141,0,247,284,0.813
2025-11-18T23:36:42.643347,Source c0.avi,20,1,,233,0,293,157,0.831
2025-11-18T23:36:42.662346,Source c1.avi,68,1,,146,5,190,137,0.858
2025-11-18T23:36:42.688868,Source c2.avi,29,1,,45,0,108,198,0.874
2025-11-18T23:36:42.708869,Source c3.avi,22,1,,145,0,252,285,0.808
2025-11-18T23:36:42.865906,Source c0.avi,21,1,1,229,0,289,156,0.882
2025-11-18T23:36:42.918420,Source c1.avi,69,1,1,146,6,191,139,0.851
2025-11-18T23:36:42.972420,Source c2.avi,30,1,1,47,0,111,200,0.881
2025-11-18T23:36:43.033935,Source c3.avi,23,1,2,147,0,253,285,0.837
2025-11-18T23:36:43.130957,Source c0.avi,22,1,,226,0,286,156,0.865
2025-11-18T23:36:43.149958,Source c1.avi,70,1,,145,6,191,140,0.811
2025-11-18T23:36:43.167955,Source c2.avi,31,1,,48,0,114,204,0.867
2025-11-18T23:36:43.190470,Source c3.avi,24,1,,149,0,256,285,0.822
2025-11-18T23:36:43.296399,Source c0.avi,23,1,,224,0,285,156,0.908
2025-11-18T23:36:43.315405,Source c1.avi,71,1,,144,6,191,142,0.816
2025-11-18T23:36:43.336403,Source c2.avi,32,1,,50,0,116,207,0.853
2025-11-18T23:36:43.353402,Source c3.avi,25,1,,150,2,256,285,0.839
2025-11-18T23:36:43.456449,Source c0.avi,24,1,,223,0,284,156,0.915
2025-11-18T23:36:43.474454,Source c1.avi,72,1,,138,5,187,143,0.809
2025-11-18T23:36:43.494966,Source c2.avi,33,1,,51,0,117,210,0.836
2025-11-18T23:36:43.514968,Source c3.avi,26,1,,153,1,259,284,0.857
2025-11-18T23:36:43.614182,Source c0.avi,25,1,,223,0,284,156,0.862
2025-11-18T23:36:43.633183,Source c1.avi,73,1,,139,5,188,144,0.850
2025-11-18T23:36:43.651180,Source c2.avi,34,1,,52,0,119,211,0.823
2025-11-18T23:36:43.669179,Source c3.avi,27,1,,158,19,259,284,0.867
2025-11-18T23:36:43.768771,Source c0.avi,26,1,,222,0,283,155,0.859
2025-11-18T23:36:43.786774,Source c1.avi,74,1,,138,6,187,144,0.853
2025-11-18T23:36:43.805283,Source c2.avi,35,1,,53,0,120,212,0.839
2025-11-18T23:36:43.822284,Source c3.avi,28,1,,162,15,266,284,0.828
2025-11-18T23:36:43.924316,Source c0.avi,27,1,,220,0,281,154,0.843
2025-11-18T23:36:43.944317,Source c1.avi,75,1,,136,5,184,144,0.818
2025-11-18T23:36:43.963314,Source c2.avi,36,1,,54,0,121,212,0.845
2025-11-18T23:36:43.983318,Source c3.avi,29,1,,169,24,269,281,0.860
2025-11-18T23:36:44.086992,Source c0.avi,28,1,,218,0,279,153,0.870
2025-11-18T23:36:44.105505,Source c1.avi,76,1,,135,5,182,145,0.820
2025-11-18T23:36:44.124503,Source c2.avi,37,1,,55,0,121,213,0.818
2025-11-18T23:36:44.142501,Source c3.avi,30,1,,174,16,275,274,0.837
2025-11-18T23:36:44.242538,Source c0.avi,29,1,,217,0,275,146,0.812
2025-11-18T23:36:44.264535,Source c1.avi,77,1,,133,5,179,144,0.836
2025-11-18T23:36:44.286544,Source c2.avi,38,1,,56,0,122,213,0.849
2025-11-18T23:36:44.305959,Source c3.avi,31,1,,179,7,281,267,0.856
2025-11-18T23:36:44.405990,Source c0.avi,30,1,,216,0,270,141,0.809
2025-11-18T23:36:44.425987,Source c1.avi,78,1,,131,5,177,144,0.831
2025-11-18T23:36:44.444984,Source c2.avi,39,1,,60,0,125,213,0.862
2025-11-18T23:36:44.461985,Source c3.avi,32,1,,186,5,286,260,0.861
2025-11-18T23:36:44.597064,Source c0.avi,31,1,1,214,0,267,140,0.763
2025-11-18T23:36:44.650061,Source c1.avi,79,1,1,130,5,175,144,0.854
2025-11-18T23:36:44.705097,Source c2.avi,40,1,1,63,0,128,213,0.858
2025-11-18T23:36:44.760095,Source c3.avi,33,1,2,193,1,292,255,0.852
2025-11-18T23:36:44.870126,Source c0.avi,32,1,,211,0,263,140,0.853
2025-11-18T23:36:44.889647,Source c1.avi,80,1,,128,5,173,146,0.857
2025-11-18T23:36:44.911646,Source c2.avi,41,1,,66,0,131,213,0.827
2025-11-18T23:36:44.931647,Source c3.avi,34,1,,199,0,295,250,0.785
2025-11-18T23:36:45.035680,Source c0.avi,33,1,,210,0,260,138,0.840
2025-11-18T23:36:45.059676,Source c1.avi,81,1,,127,5,171,148,0.849
2025-11-18T23:36:45.079683,Source c2.avi,42,1,,69,0,134,214,0.876
2025-11-18T23:36:45.099193,Source c3.avi,35,1,,202,0,297,250,0.832
2025-11-18T23:36:45.208226,Source c0.avi,34,1,,209,0,258,138,0.848
2025-11-18T23:36:45.232228,Source c1.avi,82,1,,126,5,169,148,0.840
2025-11-18T23:36:45.262226,Source c2.avi,43,1,,74,0,139,213,0.875
2025-11-18T23:36:45.280237,Source c3.avi,36,1,,205,0,298,250,0.845
2025-11-18T23:36:45.386263,Source c0.avi,35,1,,207,0,255,138,0.840
2025-11-18T23:36:45.408777,Source c1.avi,83,1,,125,5,168,152,0.831
2025-11-18T23:36:45.428777,Source c2.avi,44,1,,78,0,145,215,0.878
2025-11-18T23:36:45.446775,Source c3.avi,37,1,,207,0,300,250,0.851
2025-11-18T23:36:45.545291,Source c0.avi,36,1,,205,0,252,137,0.850
2025-11-18T23:36:45.566292,Source c1.avi,84,1,,124,5,167,151,0.819
2025-11-18T23:36:45.586301,Source c2.avi,45,1,,83,0,151,215,0.877
2025-11-18T23:36:45.605814,Source c3.avi,38,1,,211,0,302,250,0.847
2025-11-18T23:36:45.713406,Source c0.avi,37,1,,200,0,247,136,0.854
2025-11-18T23:36:45.735408,Source c1.avi,85,1,,121,6,164,154,0.804
2025-11-18T23:36:45.757404,Source c2.avi,46,1,,86,0,157,216,0.897
2025-11-18T23:36:45.775409,Source c3.avi,39,1,,217,15,302,250,0.825
2025-11-18T23:36:45.883282,Source c0.avi,38,1,,195,0,242,135,0.896
2025-11-18T23:36:45.912796,Source c1.avi,86,1,,119,7,161,156,0.801
2025-11-18T23:36:45.934797,Source c2.avi,47,1,,90,0,164,217,0.869
2025-11-18T23:36:45.957796,Source c3.avi,40,1,,220,21,302,249,0.879
2025-11-18T23:36:46.075393,Source c0.avi,39,1,,191,0,239,136,0.904
2025-11-18T23:36:46.097913,Source c1.avi,87,1,,116,8,159,156,0.843
2025-11-18T23:36:46.121910,Source c2.avi,48,1,,94,0,170,218,0.856
2025-11-18T23:36:46.146910,Source c3.avi,41,1,,221,21,303,249,0.859
2025-11-18T23:36:46.246491,Source c0.avi,40,1,,188,0,237,136,0.862
2025-11-18T23:36:46.267494,Source c1.avi,88,1,,115,8,158,157,0.863
2025-11-18T23:36:46.284496,Source c2.avi,49,1,,97,0,176,223,0.824
2025-11-18T23:36:46.303005,Source c3.avi,42,1,,223,23,304,248,0.863
2025-11-18T23:36:46.434037,Source c0.avi,41,1,1,186,0,235,136,0.848
2025-11-18T23:36:46.484042,Source c1.avi,89,1,1,113,10,157,162,0.839
2025-11-18T23:36:46.532553,Source c2.avi,50,1,1,99,0,182,228,0.868
2025-11-18T23:36:46.580557,Source c3.avi,43,1,2,225,24,305,248,0.841
2025-11-18T23:36:46.677293,Source c0.avi,42,1,,184,0,235,136,0.861
2025-11-18T23:36:46.696804,Source c1.avi,90,1,,112,10,156,162,0.798
2025-11-18T23:36:46.715804,Source c2.avi,51,1,,100,0,185,232,0.873
2025-11-18T23:36:46.733800,Source c3.avi,44,1,,224,11,307,247,0.857
2025-11-18T23:36:46.834821,Source c0.avi,43,1,,182,0,234,136,0.865
2025-11-18T23:36:46.856822,Source c1.avi,91,1,,112,10,156,163,0.811
2025-11-18T23:36:46.875824,Source c2.avi,52,1,,101,0,188,234,0.873
2025-11-18T23:36:46.894333,Source c3.avi,45,1,,226,18,307,251,0.838
2025-11-18T23:36:46.994228,Source c0.avi,44,1,,180,0,233,136,0.859
2025-11-18T23:36:47.014227,Source c1.avi,92,1,,111,10,155,162,0.813
2025-11-18T23:36:47.033226,Source c2.avi,53,1,,101,0,189,235,0.877
2025-11-18T23:36:47.052226,Source c3.avi,46,1,,225,6,309,250,0.842
2025-11-18T23:36:47.154249,Source c0.avi,45,1,,180,0,233,135,0.857
2025-11-18T23:36:47.177255,Source c1.avi,93,1,,110,10,153,161,0.808
2025-11-18T23:36:47.196761,Source c2.avi,54,1,,101,0,190,237,0.891
2025-11-18T23:36:47.213761,Source c3.avi,47,1,,227,4,310,248,0.808
2025-11-18T23:36:47.313793,Source c0.avi,46,1,,180,0,233,134,0.855
2025-11-18T23:36:47.335791,Source c1.avi,94,1,,109,10,152,162,0.809
2025-11-18T23:36:47.357791,Source c2.avi,55,1,,102,0,192,238,0.882
2025-11-18T23:36:47.376799,Source c3.avi,48,1,,230,1,313,246,0.835
2025-11-18T23:36:47.478828,Source c0.avi,47,1,,179,0,232,133,0.835
2025-11-18T23:36:47.478828,Source c1.avi,95,1,,107,10,151,163,0.835
2025-11-18T23:36:47.499339,Source c2.avi,56,1,,104,0,193,238,0.845
2025-11-18T23:36:47.521339,Source c3.avi,49,1,,234,8,312,243,0.785
2025-11-18T23:36:47.623376,Source c0.avi,48,1,,178,0,230,130,0.837
2025-11-18T23:36:47.623376,Source c1.avi,96,1,,106,10,150,164,0.837
2025-11-18T23:36:47.644375,Source c2.avi,57,1,,107,0,196,238,0.816
2025-11-18T23:36:47.663372,Source c3.avi,50,1,,238,18,311,240,0.788
2025-11-18T23:36:47.759405,Source c0.avi,49,1,,176,0,228,130,0.771
2025-11-18T23:36:47.779411,Source c1.avi,97,1,,100,10,142,161,0.828
2025-11-18T23:36:47.804927,Source c2.avi,58,1,,111,0,198,238,0.835
2025-11-18T23:36:47.824926,Source c3.avi,51,1,,239,6,313,232,0.868
2025-11-18T23:36:47.909603,Source c0.avi,50,1,,175,0,226,129,0.868
2025-11-18T23:36:47.931603,Source c1.avi,98,1,,98,9,141,163,0.804
2025-11-18T23:36:47.953601,Source c2.avi,59,1,,113,0,199,237,0.764
2025-11-18T23:36:47.975611,Source c3.avi,52,1,,242,1,313,221,0.854
2025-11-18T23:36:48.088353,Source c0.avi,51,1,1,173,0,224,128,0.854
2025-11-18T23:36:48.125868,Source c1.avi,99,1,1,97,10,139,163,0.854
2025-11-18T23:36:48.186875,Source c2.avi,60,1,1,115,0,200,239,0.809
2025-11-18T23:36:48.245386,Source c3.avi,53,1,2,247,14,311,214,0.860
2025-11-18T23:36:48.347425,Source c0.avi,52,1,,169,0,218,125,0.761
2025-11-18T23:36:48.347425,Source c1.avi,100,1,,95,10,137,164,0.761
2025-11-18T23:36:48.369424,Source c2.avi,61,1,,120,0,204,240,0.784
2025-11-18T23:36:48.387426,Source c3.avi,54,1,,246,5,312,211,0.852
2025-11-18T23:36:48.464341,Source c0.avi,53,1,,167,0,216,124,0.852
2025-11-18T23:36:48.465340,Source c1.avi,101,1,,93,10,136,165,0.852
2025-11-18T23:36:48.486355,Source c2.avi,62,1,,125,0,207,243,0.754
2025-11-18T23:36:48.505871,Source c3.avi,55,1,,246,1,313,209,0.868
2025-11-18T23:36:48.605006,Source c0.avi,54,1,,166,0,212,123,0.819
2025-11-18T23:36:48.606005,Source c1.avi,102,1,,91,10,134,165,0.819
2025-11-18T23:36:48.626008,Source c2.avi,63,1,,129,0,209,240,0.784
2025-11-18T23:36:48.645009,Source c3.avi,56,1,,248,0,314,208,0.864
2025-11-18T23:36:48.743033,Source c0.avi,55,1,,165,0,210,123,0.850
2025-11-18T23:36:48.763034,Source c1.avi,103,1,,87,11,131,167,0.846
2025-11-18T23:36:48.783041,Source c2.avi,64,1,,134,0,212,239,0.806
2025-11-18T23:36:48.801550,Source c3.avi,57,1,,250,0,316,209,0.880
2025-11-18T23:36:48.902241,Source c0.avi,56,1,,163,0,207,123,0.777
2025-11-18T23:36:48.924241,Source c1.avi,104,1,,85,12,129,168,0.844
2025-11-18T23:36:48.945240,Source c2.avi,65,1,,140,0,218,241,0.807
2025-11-18T23:36:48.963242,Source c3.avi,58,1,,251,0,316,208,0.868
2025-11-18T23:36:49.046273,Source c0.avi,57,1,,161,0,205,122,0.868
2025-11-18T23:36:49.068270,Source c1.avi,105,1,,82,12,127,169,0.820
2025-11-18T23:36:49.088277,Source c2.avi,66,1,,147,0,226,245,0.841
2025-11-18T23:36:49.107787,Source c3.avi,59,1,,252,0,317,208,0.889
2025-11-18T23:36:49.189304,Source c0.avi,58,1,,159,0,202,121,0.889
2025-11-18T23:36:49.208377,Source c1.avi,106,1,,80,13,126,170,0.866
2025-11-18T23:36:49.227378,Source c2.avi,67,1,,156,2,238,250,0.795
2025-11-18T23:36:49.248380,Source c3.avi,60,1,,253,0,318,207,0.890
2025-11-18T23:36:49.322397,Source c0.avi,59,1,,157,0,200,121,0.890
2025-11-18T23:36:49.342398,Source c1.avi,107,1,,77,15,125,175,0.862
2025-11-18T23:36:49.363398,Source c2.avi,68,1,,164,1,249,252,0.839
2025-11-18T23:36:49.383406,Source c3.avi,61,1,,255,0,319,207,0.907
2025-11-18T23:36:49.461367,Source c0.avi,60,1,,155,0,198,120,0.907
2025-11-18T23:36:49.482376,Source c1.avi,108,1,,73,15,124,177,0.861
2025-11-18T23:36:49.502880,Source c2.avi,69,1,,167,1,255,251,0.860
2025-11-18T23:36:49.522880,Source c3.avi,62,1,,256,0,320,206,0.883
2025-11-18T23:36:49.640911,Source c0.avi,61,1,1,153,0,195,119,0.883
2025-11-18T23:36:49.699428,Source c1.avi,109,1,1,75,16,125,175,0.833
2025-11-18T23:36:49.765427,Source c2.avi,70,1,1,168,0,260,256,0.860
2025-11-18T23:36:49.813510,Source c3.avi,63,1,2,257,0,321,206,0.897
2025-11-18T23:36:49.887024,Source c0.avi,62,1,,151,0,193,118,0.897
2025-11-18T23:36:49.910544,Source c1.avi,110,1,,77,17,125,172,0.841
2025-11-18T23:36:49.929546,Source c2.avi,71,1,,169,2,262,258,0.865
2025-11-18T23:36:49.947544,Source c3.avi,64,1,,257,0,321,208,0.871
2025-11-18T23:36:50.030563,Source c0.avi,63,1,,149,0,191,117,0.871
2025-11-18T23:36:50.052564,Source c1.avi,111,1,,76,18,125,172,0.841
2025-11-18T23:36:50.072563,Source c2.avi,72,1,,168,4,264,263,0.855
2025-11-18T23:36:50.092643,Source c3.avi,65,1,,259,0,323,210,0.868
2025-11-18T23:36:50.191227,Source c0.avi,64,1,,141,0,187,121,0.851
2025-11-18T23:36:50.212234,Source c1.avi,112,1,,74,18,124,174,0.851
2025-11-18T23:36:50.231234,Source c2.avi,73,1,,168,5,265,260,0.846
2025-11-18T23:36:50.253234,Source c3.avi,66,1,,263,15,322,209,0.883
2025-11-18T23:36:50.357264,Source c0.avi,65,1,,137,0,185,122,0.879
2025-11-18T23:36:50.377270,Source c1.avi,113,1,,70,18,122,177,0.804
2025-11-18T23:36:50.396779,Source c2.avi,74,1,,168,5,267,260,0.809
2025-11-18T23:36:50.414778,Source c3.avi,67,1,,263,6,323,202,0.876
2025-11-18T23:36:50.514810,Source c0.avi,66,1,,141,0,189,122,0.845
2025-11-18T23:36:50.536813,Source c1.avi,114,1,,62,18,116,178,0.812
2025-11-18T23:36:50.555809,Source c2.avi,75,1,,168,7,269,264,0.806
2025-11-18T23:36:50.573808,Source c3.avi,68,1,,263,2,325,204,0.878
2025-11-18T23:36:50.669833,Source c0.avi,67,1,,136,0,186,122,0.781
2025-11-18T23:36:50.688838,Source c1.avi,115,1,,64,17,117,174,0.873
2025-11-18T23:36:50.710352,Source c2.avi,76,1,,170,11,271,266,0.758
2025-11-18T23:36:50.728350,Source c3.avi,69,1,,264,1,326,203,0.884
2025-11-18T23:36:50.812379,Source c0.avi,68,1,,134,0,184,121,0.884
2025-11-18T23:36:50.831380,Source c1.avi,116,1,,61,17,116,182,0.848
2025-11-18T23:36:50.850379,Source c2.avi,77,1,,172,11,274,266,0.766
2025-11-18T23:36:50.870382,Source c3.avi,70,1,,266,1,328,200,0.869
2025-11-18T23:36:50.951081,Source c0.avi,69,1,,133,0,182,121,0.869
2025-11-18T23:36:50.974083,Source c1.avi,117,1,,58,17,114,187,0.844
2025-11-18T23:36:50.995603,Source c2.avi,78,1,,173,7,276,268,0.778
2025-11-18T23:36:51.014600,Source c3.avi,71,1,,267,0,328,196,0.872
2025-11-18T23:36:51.097371,Source c0.avi,70,1,,131,0,180,121,0.872
2025-11-18T23:36:51.117371,Source c1.avi,118,1,,55,17,110,183,0.849
2025-11-18T23:36:51.141373,Source c2.avi,79,1,,177,7,278,268,0.797
2025-11-18T23:36:51.159375,Source c3.avi,72,1,,269,0,329,195,0.839
2025-11-18T23:36:51.277415,Source c0.avi,71,1,1,129,0,178,120,0.839
2025-11-18T23:36:51.332921,Source c1.avi,119,1,1,54,18,108,180,0.821
2025-11-18T23:36:51.386929,Source c2.avi,80,1,1,182,8,281,267,0.767
2025-11-18T23:36:51.433439,Source c3.avi,73,1,2,271,0,329,186,0.879
2025-11-18T23:36:51.513467,Source c0.avi,72,1,,127,0,176,120,0.879
2025-11-18T23:36:51.534467,Source c1.avi,120,1,,50,18,106,185,0.833
2025-11-18T23:36:51.534467,Source c2.avi,81,1,,185,9,284,269,0.833
2025-11-18T23:36:51.552467,Source c3.avi,74,1,,272,1,329,182,0.871
2025-11-18T23:36:51.631489,Source c0.avi,73,1,,125,0,174,120,0.871
2025-11-18T23:36:51.653489,Source c1.avi,121,1,,49,18,104,182,0.840
2025-11-18T23:36:51.672490,Source c2.avi,82,1,,201,7,297,268,0.818
2025-11-18T23:36:51.693006,Source c3.avi,75,1,,275,12,328,179,0.872
2025-11-18T23:36:51.777521,Source c0.avi,74,1,,123,0,172,119,0.872
2025-11-18T23:36:51.798039,Source c1.avi,122,1,,50,18,107,189,0.781
2025-11-18T23:36:51.820039,Source c2.avi,83,1,,212,4,303,263,0.837
2025-11-18T23:36:51.842037,Source c3.avi,76,1,,275,4,330,178,0.886
2025-11-18T23:36:51.928058,Source c0.avi,75,1,,121,0,170,119,0.886
2025-11-18T23:36:51.949058,Source c1.avi,123,1,,46,18,103,191,0.833
2025-11-18T23:36:51.968058,Source c2.avi,84,1,,219,9,307,265,0.835
2025-11-18T23:36:51.986062,Source c3.avi,77,1,,274,1,330,175,0.888
2025-11-18T23:36:52.070021,Source c0.avi,76,1,,119,0,168,119,0.888
2025-11-18T23:36:52.090028,Source c1.avi,124,1,,43,19,100,194,0.826
2025-11-18T23:36:52.111541,Source c2.avi,85,1,,222,9,310,268,0.842
2025-11-18T23:36:52.131540,Source c3.avi,78,1,,275,0,330,174,0.886
2025-11-18T23:36:52.216580,Source c0.avi,77,1,,117,0,166,118,0.886
2025-11-18T23:36:52.237581,Source c1.avi,125,1,,43,19,101,198,0.840
2025-11-18T23:36:52.258582,Source c2.avi,86,1,,227,8,314,268,0.796
2025-11-18T23:36:52.277585,Source c3.avi,79,1,,274,0,330,174,0.885
2025-11-18T23:36:52.360299,Source c0.avi,78,1,,115,0,164,118,0.885
2025-11-18T23:36:52.383304,Source c1.avi,126,1,,44,20,101,196,0.774
2025-11-18T23:36:52.403819,Source c2.avi,87,1,,236,11,323,268,0.822
2025-11-18T23:36:52.424818,Source c3.avi,80,1,,275,0,330,173,0.876
2025-11-18T23:36:52.510855,Source c0.avi,79,1,,113,0,162,118,0.876
2025-11-18T23:36:52.510855,Source c1.avi,127,1,,42,20,100,197,0.876
2025-11-18T23:36:52.530856,Source c2.avi,88,1,,241,7,332,269,0.854
2025-11-18T23:36:52.552854,Source c3.avi,81,1,,274,0,329,172,0.873
2025-11-18T23:36:52.652382,Source c0.avi,80,1,,111,0,156,110,0.815
2025-11-18T23:36:52.673379,Source c1.avi,128,1,,39,23,94,194,0.826
2025-11-18T23:36:52.692893,Source c2.avi,89,1,,245,8,338,271,0.856
2025-11-18T23:36:52.710893,Source c3.avi,82,1,,274,0,330,174,0.865
2025-11-18T23:36:52.849915,Source c0.avi,81,1,1,110,0,154,109,0.820
2025-11-18T23:36:52.909428,Source c1.avi,129,1,1,38,24,92,193,0.756
2025-11-18T23:36:52.960430,Source c2.avi,90,1,1,246,5,342,271,0.864
2025-11-18T23:36:53.013947,Source c3.avi,83,1,2,274,0,330,174,0.857
2025-11-18T23:36:53.098977,Source c0.avi,82,1,,108,0,152,108,0.857
2025-11-18T23:36:53.119979,Source c1.avi,130,1,,38,25,91,192,0.824
2025-11-18T23:36:53.142978,Source c2.avi,91,1,,248,11,344,270,0.870
2025-11-18T23:36:53.160977,Source c3.avi,84,1,,274,0,329,174,0.859
2025-11-18T23:36:53.266998,Source c0.avi,83,1,,107,0,152,108,0.850
2025-11-18T23:36:53.266998,Source c1.avi,131,1,,37,26,89,192,0.850
2025-11-18T23:36:53.286010,Source c2.avi,92,1,,246,7,346,272,0.870
2025-11-18T23:36:53.304516,Source c3.avi,85,1,,274,0,328,172,0.873
2025-11-18T23:36:53.412539,Source c0.avi,84,1,,105,0,151,108,0.852
2025-11-18T23:36:53.412539,Source c1.avi,132,1,,35,27,88,193,0.852
2025-11-18T23:36:53.434537,Source c2.avi,93,1,,245,5,348,273,0.876
2025-11-18T23:36:53.453539,Source c3.avi,86,1,,273,0,327,175,0.868
2025-11-18T23:36:53.556563,Source c0.avi,85,1,,102,0,150,109,0.831
2025-11-18T23:36:53.556563,Source c1.avi,133,1,,33,27,86,193,0.831
2025-11-18T23:36:53.576563,Source c2.avi,94,1,,245,11,349,278,0.829
2025-11-18T23:36:53.594089,Source c3.avi,87,1,,272,0,327,175,0.872
2025-11-18T23:36:53.703118,Source c0.avi,86,1,,101,0,150,109,0.781
2025-11-18T23:36:53.703118,Source c1.avi,134,1,,32,28,84,194,0.781
2025-11-18T23:36:53.724121,Source c2.avi,95,1,,246,18,349,279,0.862
2025-11-18T23:36:53.742118,Source c3.avi,88,1,,272,0,325,174,0.872
2025-11-18T23:36:53.826946,Source c0.avi,87,1,,100,0,148,108,0.872
2025-11-18T23:36:53.849944,Source c1.avi,135,1,,30,28,83,195,0.822
2025-11-18T23:36:53.871944,Source c2.avi,96,1,,246,18,350,280,0.815
2025-11-18T23:36:53.888953,Source c3.avi,89,1,,271,0,324,175,0.861
2025-11-18T23:36:53.996162,Source c0.avi,88,1,,96,0,147,111,0.756
2025-11-18T23:36:54.017162,Source c1.avi,136,1,,28,28,84,208,0.805
2025-11-18T23:36:54.035163,Source c2.avi,97,1,,247,16,353,279,0.849
2025-11-18T23:36:54.053163,Source c3.avi,90,1,,270,0,323,174,0.823
2025-11-18T23:36:54.161194,Source c0.avi,89,1,,95,0,146,110,0.820
2025-11-18T23:36:54.185202,Source c1.avi,137,1,,25,27,85,220,0.805
2025-11-18T23:36:54.205715,Source c2.avi,98,1,,251,15,357,280,0.792
2025-11-18T23:36:54.223715,Source c3.avi,91,1,,272,12,320,172,0.837
2025-11-18T23:36:54.329548,Source c0.avi,90,1,,94,0,146,111,0.785
2025-11-18T23:36:54.351551,Source c1.avi,138,1,,24,27,84,222,0.838
2025-11-18T23:36:54.370546,Source c2.avi,99,1,,259,20,361,279,0.771
2025-11-18T23:36:54.387552,Source c3.avi,92,1,,270,4,320,169,0.834
2025-11-18T23:36:54.528087,Source c0.avi,91,1,1,93,0,144,110,0.796
2025-11-18T23:36:54.578091,Source c1.avi,139,1,1,22,27,85,233,0.864
2025-11-18T23:36:54.628605,Source c2.avi,100,1,1,265,21,364,278,0.753
2025-11-18T23:36:54.675602,Source c3.avi,93,1,2,269,1,319,165,0.798
2025-11-18T23:36:54.780405,Source c0.avi,92,1,,92,0,143,109,0.825
2025-11-18T23:36:54.801917,Source c1.avi,140,1,,22,27,84,230,0.849
2025-11-18T23:36:54.801917,Source c2.avi,101,1,,268,22,367,279,0.849
2025-11-18T23:36:54.820920,Source c3.avi,94,1,,270,0,319,161,0.854
2025-11-18T23:36:54.922714,Source c0.avi,93,1,,90,0,141,108,0.756
2025-11-18T23:36:54.944715,Source c1.avi,141,1,,22,28,84,234,0.852
2025-11-18T23:36:54.944715,Source c2.avi,102,1,,272,23,370,279,0.852
2025-11-18T23:36:54.964716,Source c3.avi,95,1,,269,0,317,156,0.864
2025-11-18T23:36:55.049754,Source c0.avi,94,1,,89,0,139,108,0.864
2025-11-18T23:36:55.071751,Source c1.avi,142,1,,22,28,84,232,0.876
2025-11-18T23:36:55.071751,Source c2.avi,103,1,,275,24,373,280,0.876
2025-11-18T23:36:55.093267,Source c3.avi,96,1,,269,0,317,155,0.829
2025-11-18T23:36:55.181792,Source c0.avi,95,1,,87,0,137,108,0.829
2025-11-18T23:36:55.204308,Source c1.avi,143,1,,25,28,84,222,0.856
2025-11-18T23:36:55.204308,Source c2.avi,104,1,,279,25,376,280,0.856
2025-11-18T23:36:55.223307,Source c3.avi,97,1,,266,0,314,154,0.859
2025-11-18T23:36:55.310223,Source c0.avi,96,1,,86,0,136,108,0.859
2025-11-18T23:36:55.334220,Source c1.avi,144,1,,23,28,84,231,0.863
2025-11-18T23:36:55.334220,Source c2.avi,105,1,,282,26,380,281,0.863
2025-11-18T23:36:55.353222,Source c3.avi,98,1,,265,0,312,153,0.855
2025-11-18T23:36:55.441740,Source c0.avi,97,1,,84,0,134,107,0.855
2025-11-18T23:36:55.466745,Source c1.avi,145,1,,22,28,86,237,0.866
2025-11-18T23:36:55.466745,Source c2.avi,106,1,,285,27,383,281,0.866
2025-11-18T23:36:55.486749,Source c3.avi,99,1,,265,0,311,152,0.828
2025-11-18T23:36:55.574732,Source c0.avi,98,1,,83,0,133,107,0.828
2025-11-18T23:36:55.600247,Source c1.avi,146,1,,23,29,86,238,0.844
2025-11-18T23:36:55.601247,Source c2.avi,107,1,,289,28,386,282,0.844
2025-11-18T23:36:55.620251,Source c3.avi,100,1,,264,10,308,150,0.763
2025-11-18T23:36:55.710206,Source c0.avi,99,1,,81,0,131,107,0.763
2025-11-18T23:36:55.732205,Source c1.avi,147,1,,22,29,86,241,0.862
2025-11-18T23:36:55.732205,Source c2.avi,108,1,,292,29,389,282,0.862
2025-11-18T23:36:55.763208,Source c3.avi,101,1,,263,15,306,151,0.799
2025-11-18T23:36:55.857105,Source c0.avi,100,1,,80,0,129,106,0.799
2025-11-18T23:36:55.880109,Source c1.avi,148,1,,21,28,88,248,0.872
2025-11-18T23:36:55.880109,Source c2.avi,109,1,,296,30,392,283,0.872
2025-11-18T23:36:55.898618,Source c3.avi,102,1,,259,5,305,151,0.831
2025-11-18T23:36:56.023653,Source c0.avi,101,1,1,78,0,128,106,0.831
2025-11-18T23:36:56.075649,Source c1.avi,149,1,1,21,28,89,253,0.826
2025-11-18T23:36:56.113165,Source c2.avi,110,1,1,299,31,396,283,0.826
2025-11-18T23:36:56.166166,Source c3.avi,103,1,2,257,1,303,151,0.806
2025-11-18T23:36:56.275197,Source c0.avi,102,1,,77,0,127,109,0.787
2025-11-18T23:36:56.303720,Source c1.avi,150,1,,23,29,91,256,0.824
2025-11-18T23:36:56.303720,Source c2.avi,111,1,,302,32,399,284,0.824
2025-11-18T23:36:56.322719,Source c3.avi,104,1,,255,0,301,151,0.796
2025-11-18T23:36:56.431461,Source c0.avi,103,1,,72,0,120,109,0.798
2025-11-18T23:36:56.455456,Source c1.avi,151,1,,28,30,96,253,0.841
2025-11-18T23:36:56.455456,Source c2.avi,112,1,,306,33,402,284,0.841
2025-11-18T23:36:56.475458,Source c3.avi,105,1,,254,0,299,150,0.816
2025-11-18T23:36:56.582494,Source c0.avi,104,1,,71,0,121,110,0.795
2025-11-18T23:36:56.606007,Source c1.avi,152,1,,32,31,101,253,0.829
2025-11-18T23:36:56.606007,Source c2.avi,113,1,,309,34,405,285,0.829
2025-11-18T23:36:56.625006,Source c3.avi,106,1,,249,0,295,150,0.865
2025-11-18T23:36:56.736750,Source c0.avi,105,1,,66,0,116,113,0.802
2025-11-18T23:36:56.758750,Source c1.avi,153,1,,36,32,105,250,0.790
2025-11-18T23:36:56.758750,Source c2.avi,114,1,,312,35,408,285,0.790
2025-11-18T23:36:56.778751,Source c3.avi,107,1,,246,0,292,150,0.823
2025-11-18T23:36:56.889792,Source c0.avi,106,1,,65,0,114,114,0.851
2025-11-18T23:36:56.913305,Source c1.avi,154,1,,38,33,108,248,0.861
2025-11-18T23:36:56.913305,Source c2.avi,115,1,,316,36,412,286,0.861
2025-11-18T23:36:56.939306,Source c3.avi,108,1,,242,0,289,149,0.835
2025-11-18T23:36:57.047064,Source c0.avi,107,1,,63,0,113,117,0.846
2025-11-18T23:36:57.069063,Source c1.avi,155,1,,39,34,108,247,0.862
2025-11-18T23:36:57.070062,Source c2.avi,116,1,,319,37,415,286,0.862
2025-11-18T23:36:57.091071,Source c3.avi,109,1,,238,0,286,150,0.889
2025-11-18T23:36:57.199394,Source c0.avi,108,1,,62,0,113,121,0.858
2025-11-18T23:36:57.222388,Source c1.avi,156,1,,41,35,110,246,0.839
2025-11-18T23:36:57.222388,Source c2.avi,117,1,,323,38,418,287,0.839
2025-11-18T23:36:57.242393,Source c3.avi,110,1,,239,0,288,150,0.895
2025-11-18T23:36:57.352418,Source c0.avi,109,1,,62,0,113,123,0.852
2025-11-18T23:36:57.374413,Source c1.avi,157,1,,43,35,111,246,0.831
2025-11-18T23:36:57.374413,Source c2.avi,118,1,,326,39,421,287,0.831
2025-11-18T23:36:57.396932,Source c3.avi,111,1,,236,0,286,150,0.900
2025-11-18T23:36:57.504563,Source c0.avi,110,1,,61,0,114,126,0.836
2025-11-18T23:36:57.526565,Source c1.avi,158,1,,44,34,112,246,0.804
2025-11-18T23:36:57.527563,Source c2.avi,119,1,,329,40,424,288,0.804
2025-11-18T23:36:57.546561,Source c3.avi,112,1,,236,0,286,149,0.853
2025-11-18T23:36:57.691592,Source c0.avi,111,1,1,60,0,112,128,0.862
2025-11-18T23:36:57.755638,Source c1.avi,159,1,1,46,34,114,246,0.824
2025-11-18T23:36:57.786644,Source c2.avi,120,1,1,333,41,428,289,0.824
2025-11-18T23:36:57.833157,Source c3.avi,113,1,2,233,0,285,147,0.893
2025-11-18T23:36:57.941191,Source c0.avi,112,1,,59,0,111,129,0.858
2025-11-18T23:36:57.964191,Source c1.avi,160,1,,46,34,115,247,0.762
2025-11-18T23:36:57.965193,Source c2.avi,121,1,,336,42,431,289,0.762
2025-11-18T23:36:57.990199,Source c3.avi,114,1,,231,0,282,144,0.845
2025-11-18T23:36:58.098745,Source c0.avi,113,1,,57,0,109,129,0.844
2025-11-18T23:36:58.121750,Source c1.avi,161,1,,51,33,120,247,0.766
2025-11-18T23:36:58.121750,Source c2.avi,122,1,,340,44,434,290,0.766
2025-11-18T23:36:58.142743,Source c3.avi,115,1,,229,0,280,142,0.753
2025-11-18T23:36:58.256774,Source c0.avi,114,1,,56,0,107,129,0.851
2025-11-18T23:36:58.256774,Source c1.avi,162,1,,53,33,121,247,0.851
2025-11-18T23:36:58.256774,Source c2.avi,123,1,,343,45,437,290,0.851
2025-11-18T23:36:58.257775,Source c3.avi,116,1,,228,0,278,141,0.851
2025-11-18T23:36:58.364076,Source c0.avi,115,1,,54,0,106,130,0.850
2025-11-18T23:36:58.384083,Source c1.avi,163,1,,57,32,125,247,0.830
2025-11-18T23:36:58.385082,Source c2.avi,124,1,,346,46,441,291,0.830
2025-11-18T23:36:58.385082,Source c3.avi,117,1,,226,0,276,140,0.830
2025-11-18T23:36:58.492117,Source c0.avi,116,1,,53,0,103,130,0.845
2025-11-18T23:36:58.493117,Source c1.avi,164,1,,59,31,127,247,0.845
2025-11-18T23:36:58.493117,Source c2.avi,125,1,,350,47,444,291,0.845
2025-11-18T23:36:58.513626,Source c3.avi,118,1,,222,0,272,141,0.758
2025-11-18T23:36:58.621661,Source c0.avi,117,1,,51,0,101,131,0.863
2025-11-18T23:36:58.641659,Source c1.avi,165,1,,62,32,129,249,0.848
2025-11-18T23:36:58.641659,Source c2.avi,126,1,,353,48,447,292,0.848
2025-11-18T23:36:58.661664,Source c3.avi,119,1,,221,0,270,140,0.766
2025-11-18T23:36:58.765691,Source c0.avi,118,1,,49,0,99,131,0.856
2025-11-18T23:36:58.788695,Source c1.avi,166,1,,67,32,134,249,0.825
2025-11-18T23:36:58.789696,Source c2.avi,127,1,,357,49,450,292,0.825
2025-11-18T23:36:58.809206,Source c3.avi,120,1,,220,0,267,139,0.761
2025-11-18T23:36:58.917237,Source c0.avi,119,1,,47,0,96,131,0.859
2025-11-18T23:36:58.941234,Source c1.avi,167,1,,69,32,138,252,0.768
2025-11-18T23:36:58.941234,Source c2.avi,128,1,,360,50,453,293,0.768
2025-11-18T23:36:58.941234,Source c3.avi,121,1,,218,0,265,138,0.768
2025-11-18T23:36:59.050184,Source c0.avi,120,1,,46,0,94,131,0.843
2025-11-18T23:36:59.073185,Source c1.avi,168,1,,76,31,147,254,0.864
2025-11-18T23:36:59.073185,Source c2.avi,129,1,,363,51,457,293,0.864
2025-11-18T23:36:59.074187,Source c3.avi,122,1,,216,0,263,138,0.864
2025-11-18T23:36:59.213732,Source c0.avi,121,1,1,46,0,95,132,0.882
2025-11-18T23:36:59.268732,Source c1.avi,169,1,1,80,31,152,253,0.880
2025-11-18T23:36:59.269733,Source c2.avi,130,1,,367,52,460,294,0.880
2025-11-18T23:36:59.301250,Source c3.avi,123,1,2,214,0,261,137,0.880
2025-11-18T23:36:59.410003,Source c0.avi,122,1,,47,0,94,132,0.882
2025-11-18T23:36:59.433001,Source c1.avi,170,1,,84,31,159,253,0.826
2025-11-18T23:36:59.433001,Source c2.avi,131,1,,370,53,463,294,0.826
2025-11-18T23:36:59.454999,Source c3.avi,124,1,,210,0,258,143,0.763
2025-11-18T23:36:59.569024,Source c0.avi,123,1,,46,0,94,134,0.873
2025-11-18T23:36:59.593028,Source c1.avi,171,1,,90,31,166,252,0.872
2025-11-18T23:36:59.593028,Source c2.avi,132,1,,374,54,466,295,0.872
2025-11-18T23:36:59.615542,Source c3.avi,125,1,,209,0,257,141,0.792
2025-11-18T23:36:59.723575,Source c0.avi,124,1,,46,0,94,136,0.871
2025-11-18T23:36:59.746573,Source c1.avi,172,1,,88,31,167,253,0.832
2025-11-18T23:36:59.747574,Source c2.avi,133,1,,377,55,469,295,0.832
2025-11-18T23:36:59.747574,Source c3.avi,126,1,,207,0,255,141,0.832
2025-11-18T23:36:59.858593,Source c0.avi,125,1,,46,0,94,137,0.859
2025-11-18T23:36:59.882599,Source c1.avi,173,1,,94,31,174,252,0.870
2025-11-18T23:36:59.904108,Source c2.avi,134,1,,293,1,361,194,0.851
2025-11-18T23:36:59.904108,Source c3.avi,127,1,,205,0,253,141,0.851
2025-11-18T23:37:00.021135,Source c0.avi,126,1,,46,0,93,137,0.864
2025-11-18T23:37:00.046134,Source c1.avi,174,1,,96,32,178,253,0.870
2025-11-18T23:37:00.070134,Source c2.avi,135,1,,293,0,359,193,0.865
2025-11-18T23:37:00.091144,Source c3.avi,128,1,,196,0,246,142,0.876
2025-11-18T23:37:00.199689,Source c0.avi,127,1,,46,0,93,138,0.875
2025-11-18T23:37:00.220688,Source c1.avi,175,1,,99,33,182,253,0.891
2025-11-18T23:37:00.242687,Source c2.avi,136,1,,293,0,357,193,0.868
2025-11-18T23:37:00.262688,Source c3.avi,129,1,,192,0,244,142,0.891
2025-11-18T23:37:00.372714,Source c0.avi,128,1,,46,0,93,139,0.894
2025-11-18T23:37:00.395722,Source c1.avi,176,1,,100,35,183,249,0.862
2025-11-18T23:37:00.415237,Source c2.avi,137,1,,292,0,356,194,0.880
2025-11-18T23:37:00.416235,Source c3.avi,130,1,,189,0,241,142,0.880
2025-11-18T23:37:00.525269,Source c0.avi,129,1,,46,0,93,141,0.879
2025-11-18T23:37:00.549269,Source c1.avi,177,1,,100,35,185,251,0.851
2025-11-18T23:37:00.570268,Source c2.avi,138,1,,291,1,355,196,0.864
2025-11-18T23:37:00.598781,Source c3.avi,131,1,,188,0,241,144,0.837
2025-11-18T23:37:00.708420,Source c0.avi,130,1,,46,0,94,142,0.883
2025-11-18T23:37:00.734417,Source c1.avi,178,1,,99,35,186,253,0.897
2025-11-18T23:37:00.754416,Source c2.avi,139,1,,290,0,354,198,0.860
2025-11-18T23:37:00.775418,Source c3.avi,132,1,,186,0,242,146,0.870
2025-11-18T23:37:00.922557,Source c0.avi,131,1,1,46,0,94,145,0.875
2025-11-18T23:37:00.975560,Source c1.avi,179,1,1,100,33,187,250,0.893
2025-11-18T23:37:01.031081,Source c2.avi,140,1,1,289,0,354,200,0.896
2025-11-18T23:37:01.079079,Source c3.avi,133,1,2,185,0,242,147,0.867
2025-11-18T23:37:01.191115,Source c0.avi,132,1,,47,0,95,146,0.894
2025-11-18T23:37:01.214258,Source c1.avi,180,1,,104,33,189,246,0.831
2025-11-18T23:37:01.234258,Source c2.avi,141,1,,288,0,354,204,0.907
2025-11-18T23:37:01.256257,Source c3.avi,134,1,,184,0,242,147,0.849
2025-11-18T23:37:01.366801,Source c0.avi,133,1,,47,0,96,151,0.865
2025-11-18T23:37:01.388806,Source c1.avi,181,1,,104,31,188,242,0.793
2025-11-18T23:37:01.412319,Source c2.avi,142,1,,287,0,355,209,0.913
2025-11-18T23:37:01.433322,Source c3.avi,135,1,,182,0,242,148,0.869
2025-11-18T23:37:01.543359,Source c0.avi,134,1,,48,0,97,152,0.871
2025-11-18T23:37:01.567356,Source c1.avi,182,1,,111,29,192,236,0.766
2025-11-18T23:37:01.587363,Source c2.avi,143,1,,287,1,355,211,0.916
2025-11-18T23:37:01.608875,Source c3.avi,136,1,,181,0,241,149,0.859
2025-11-18T23:37:01.714907,Source c0.avi,135,1,,48,0,98,154,0.873
2025-11-18T23:37:01.741908,Source c1.avi,183,1,,113,28,194,235,0.751
2025-11-18T23:37:01.761906,Source c2.avi,144,1,,286,0,356,215,0.899
2025-11-18T23:37:01.761906,Source c3.avi,137,1,,179,0,240,150,0.899
2025-11-18T23:37:01.874949,Source c0.avi,136,1,,49,0,98,153,0.881
2025-11-18T23:37:01.874949,Source c1.avi,184,1,,116,27,196,233,0.881
2025-11-18T23:37:01.894954,Source c2.avi,145,1,,287,0,354,209,0.910
2025-11-18T23:37:01.915465,Source c3.avi,138,1,,177,0,237,149,0.832
2025-11-18T23:37:02.031492,Source c0.avi,137,1,,50,0,99,154,0.863
2025-11-18T23:37:02.053491,Source c1.avi,185,1,,124,28,201,235,0.797
2025-11-18T23:37:02.078490,Source c2.avi,146,1,,287,0,352,202,0.910
2025-11-18T23:37:02.099004,Source c3.avi,139,1,,173,0,232,147,0.757
2025-11-18T23:37:02.212029,Source c0.avi,138,1,,51,0,98,148,0.873
2025-11-18T23:37:02.236025,Source c1.avi,186,1,,131,27,205,229,0.811
2025-11-18T23:37:02.258027,Source c2.avi,147,1,,287,0,350,197,0.894
2025-11-18T23:37:02.258027,Source c3.avi,140,1,,171,0,230,147,0.894
2025-11-18T23:37:02.384068,Source c0.avi,139,1,,51,0,99,150,0.879
2025-11-18T23:37:02.404574,Source c1.avi,187,1,,137,27,209,231,0.854
2025-11-18T23:37:02.425575,Source c2.avi,148,1,,286,0,348,195,0.891
2025-11-18T23:37:02.425575,Source c3.avi,141,1,,169,0,228,147,0.891
2025-11-18T23:37:02.545612,Source c0.avi,140,1,,52,0,99,149,0.859
2025-11-18T23:37:02.566610,Source c1.avi,188,1,,141,27,212,230,0.844
2025-11-18T23:37:02.587617,Source c2.avi,149,1,,285,0,347,195,0.886
2025-11-18T23:37:02.606128,Source c3.avi,142,1,,169,0,226,148,0.843
2025-11-18T23:37:02.752703,Source c0.avi,141,1,1,52,0,99,152,0.878
2025-11-18T23:37:02.807217,Source c1.avi,189,1,1,146,26,215,230,0.822
2025-11-18T23:37:02.872217,Source c2.avi,150,1,1,284,0,345,195,0.884
2025-11-18T23:37:02.933728,Source c3.avi,143,1,2,167,0,222,148,0.792
2025-11-18T23:37:03.049319,Source c0.avi,142,1,,52,0,100,150,0.872
2025-11-18T23:37:03.078320,Source c1.avi,190,1,,150,26,218,229,0.850
2025-11-18T23:37:03.098833,Source c2.avi,151,1,,283,0,344,195,0.882
2025-11-18T23:37:03.119833,Source c3.avi,144,1,,165,0,219,147,0.807
2025-11-18T23:37:03.237858,Source c0.avi,143,1,,51,0,99,152,0.845
2025-11-18T23:37:03.262858,Source c1.avi,191,1,,154,26,222,230,0.839
2025-11-18T23:37:03.283865,Source c2.avi,152,1,,282,0,342,194,0.878
2025-11-18T23:37:03.302892,Source c3.avi,145,1,,163,0,215,147,0.771
2025-11-18T23:37:03.421921,Source c0.avi,144,1,,53,0,99,144,0.882
2025-11-18T23:37:03.447923,Source c1.avi,192,1,,160,27,228,229,0.833
2025-11-18T23:37:03.471441,Source c2.avi,153,1,,280,0,339,194,0.907
2025-11-18T23:37:03.495446,Source c3.avi,146,1,,161,0,212,148,0.851
2025-11-18T23:37:03.620556,Source c0.avi,145,1,,53,0,100,146,0.882
2025-11-18T23:37:03.650553,Source c1.avi,193,1,,164,27,233,229,0.859
2025-11-18T23:37:03.675554,Source c2.avi,154,1,,277,0,336,194,0.830
2025-11-18T23:37:03.698065,Source c3.avi,147,1,,157,0,208,147,0.754
2025-11-18T23:37:03.814811,Source c0.avi,146,1,,54,0,100,146,0.871
2025-11-18T23:37:03.836810,Source c1.avi,194,1,,167,28,236,230,0.924
2025-11-18T23:37:03.857812,Source c2.avi,155,1,,273,0,332,194,0.899
2025-11-18T23:37:03.876811,Source c3.avi,148,1,,149,0,202,148,0.860
2025-11-18T23:37:03.993843,Source c0.avi,147,1,,53,0,101,153,0.884
2025-11-18T23:37:04.019356,Source c1.avi,195,1,,169,29,240,230,0.915
2025-11-18T23:37:04.039354,Source c2.avi,156,1,,270,0,330,194,0.881
2025-11-18T23:37:04.059354,Source c3.avi,149,1,,145,0,199,147,0.878
2025-11-18T23:37:04.181137,Source c0.avi,148,1,,52,0,102,157,0.889
2025-11-18T23:37:04.204659,Source c1.avi,196,1,,171,30,243,231,0.892
2025-11-18T23:37:04.225662,Source c2.avi,157,1,,268,0,327,194,0.874
2025-11-18T23:37:04.246657,Source c3.avi,150,1,,142,0,197,150,0.866
2025-11-18T23:37:04.371802,Source c0.avi,149,1,,52,0,103,163,0.884
2025-11-18T23:37:04.397807,Source c1.avi,197,1,,172,31,245,230,0.863
2025-11-18T23:37:04.419317,Source c2.avi,158,1,,266,0,325,194,0.842
2025-11-18T23:37:04.441315,Source c3.avi,151,1,,139,0,196,151,0.888
2025-11-18T23:37:04.564321,Source c0.avi,150,1,,52,0,104,166,0.870
2025-11-18T23:37:04.602841,Source c1.avi,198,1,,172,31,246,229,0.827
2025-11-18T23:37:04.625841,Source c2.avi,159,1,,264,0,323,195,0.814
2025-11-18T23:37:04.650842,Source c3.avi,152,1,,137,0,195,152,0.897
2025-11-18T23:37:04.792895,Source c0.avi,151,1,1,52,1,104,169,0.872
2025-11-18T23:37:04.850407,Source c1.avi,199,1,1,172,30,248,229,0.883
2025-11-18T23:37:04.910937,Source c2.avi,160,1,1,262,0,320,195,0.796
2025-11-18T23:37:04.972938,Source c3.avi,153,1,2,134,0,196,159,0.864
2025-11-18T23:37:05.083969,Source c0.avi,152,1,,53,1,106,172,0.832
2025-11-18T23:37:05.106476,Source c1.avi,200,1,,173,31,250,229,0.888
2025-11-18T23:37:05.129476,Source c2.avi,161,1,,261,1,319,193,0.809
2025-11-18T23:37:05.151476,Source c3.avi,154,1,,134,0,198,164,0.837
2025-11-18T23:37:05.259084,Source c0.avi,153,1,,52,2,106,177,0.877
2025-11-18T23:37:05.285098,Source c1.avi,201,1,,174,31,252,227,0.868
2025-11-18T23:37:05.307611,Source c2.avi,162,1,,260,1,317,192,0.859
2025-11-18T23:37:05.328609,Source c3.avi,155,1,,134,0,200,169,0.854
2025-11-18T23:37:05.431194,Source c0.avi,154,1,,52,2,106,179,0.865
2025-11-18T23:37:05.455191,Source c1.avi,202,1,,176,30,253,223,0.879
2025-11-18T23:37:05.479192,Source c2.avi,163,1,,260,1,315,191,0.859
2025-11-18T23:37:05.502709,Source c3.avi,156,1,,133,0,200,170,0.879
2025-11-18T23:37:05.608747,Source c0.avi,155,1,,52,4,106,180,0.868
2025-11-18T23:37:05.637741,Source c1.avi,203,1,,180,29,256,221,0.844
2025-11-18T23:37:05.667743,Source c2.avi,164,1,,259,1,313,188,0.851
2025-11-18T23:37:05.691751,Source c3.avi,157,1,,133,0,199,168,0.875
2025-11-18T23:37:05.793783,Source c0.avi,156,1,,52,4,106,182,0.867
2025-11-18T23:37:05.822296,Source c1.avi,204,1,,183,29,259,218,0.859
2025-11-18T23:37:05.846294,Source c2.avi,165,1,,258,1,310,186,0.849
2025-11-18T23:37:05.867295,Source c3.avi,158,1,,128,0,193,165,0.872
2025-11-18T23:37:05.969325,Source c0.avi,157,1,,53,5,105,179,0.880
2025-11-18T23:37:05.993330,Source c1.avi,205,1,,187,28,262,217,0.869
2025-11-18T23:37:06.015842,Source c2.avi,166,1,,257,0,308,180,0.855
2025-11-18T23:37:06.036841,Source c3.avi,159,1,,124,0,191,169,0.891
2025-11-18T23:37:06.141472,Source c0.avi,158,1,,52,6,105,181,0.862
2025-11-18T23:37:06.163473,Source c1.avi,206,1,,191,27,266,216,0.894
2025-11-18T23:37:06.187477,Source c2.avi,167,1,,256,0,305,174,0.886
2025-11-18T23:37:06.208990,Source c3.avi,160,1,,123,0,188,164,0.871
2025-11-18T23:37:06.316028,Source c0.avi,159,1,,53,6,105,182,0.857
2025-11-18T23:37:06.345032,Source c1.avi,207,1,,196,26,270,216,0.889
2025-11-18T23:37:06.372028,Source c2.avi,168,1,,255,0,302,167,0.873
2025-11-18T23:37:06.396037,Source c3.avi,161,1,,120,0,185,162,0.842
2025-11-18T23:37:06.501581,Source c0.avi,160,1,,53,5,107,182,0.860
2025-11-18T23:37:06.525581,Source c1.avi,208,1,,199,17,275,217,0.879
2025-11-18T23:37:06.548582,Source c2.avi,169,1,,254,0,301,164,0.873
2025-11-18T23:37:06.572580,Source c3.avi,162,1,,119,0,180,154,0.806
2025-11-18T23:37:06.717134,Source c0.avi,161,1,1,53,5,106,180,0.852
2025-11-18T23:37:06.775131,Source c1.avi,209,1,1,202,22,275,216,0.882
2025-11-18T23:37:06.826650,Source c2.avi,170,1,1,252,0,299,165,0.873
2025-11-18T23:37:06.880648,Source c3.avi,163,1,2,116,0,176,156,0.771
2025-11-18T23:37:06.982681,Source c0.avi,162,1,,53,5,106,181,0.868
2025-11-18T23:37:07.005201,Source c1.avi,210,1,,204,22,276,216,0.878
2025-11-18T23:37:07.042203,Source c2.avi,171,1,,251,0,298,164,0.870
2025-11-18T23:37:07.063196,Source c3.avi,164,1,,113,0,172,157,0.842
2025-11-18T23:37:07.168227,Source c0.avi,163,1,,54,6,107,179,0.877
2025-11-18T23:37:07.191231,Source c1.avi,211,1,,211,24,280,215,0.825
2025-11-18T23:37:07.214749,Source c2.avi,172,1,,249,0,296,162,0.892
2025-11-18T23:37:07.239748,Source c3.avi,165,1,,109,0,169,166,0.836
2025-11-18T23:37:07.352769,Source c0.avi,164,1,,54,5,108,180,0.876
2025-11-18T23:37:07.378771,Source c1.avi,212,1,,217,24,284,216,0.832
2025-11-18T23:37:07.401295,Source c2.avi,173,1,,248,0,294,160,0.895
2025-11-18T23:37:07.426294,Source c3.avi,166,1,,108,0,161,151,0.757
2025-11-18T23:37:07.527319,Source c0.avi,165,1,,54,4,108,179,0.884
2025-11-18T23:37:07.553316,Source c1.avi,213,1,,220,24,286,215,0.855
2025-11-18T23:37:07.577319,Source c2.avi,174,1,,246,0,292,161,0.899
2025-11-18T23:37:07.577319,Source c3.avi,167,1,,105,0,158,150,0.899
2025-11-18T23:37:07.679345,Source c0.avi,166,1,,53,2,109,182,0.869
2025-11-18T23:37:07.756865,Source c1.avi,214,1,,223,24,287,215,0.792
2025-11-18T23:37:07.776862,Source c2.avi,175,1,,243,0,290,162,0.904
2025-11-18T23:37:07.796869,Source c3.avi,168,1,,102,0,158,161,0.794
2025-11-18T23:37:07.904413,Source c0.avi,167,1,,53,3,110,185,0.869
2025-11-18T23:37:07.934413,Source c1.avi,215,1,,226,25,289,214,0.776
2025-11-18T23:37:07.958416,Source c2.avi,176,1,,240,0,288,162,0.914
2025-11-18T23:37:07.959413,Source c3.avi,169,1,,99,0,155,162,0.914
2025-11-18T23:37:08.069455,Source c0.avi,168,1,,53,4,110,186,0.873
2025-11-18T23:37:08.093462,Source c1.avi,216,1,,229,26,292,215,0.827
2025-11-18T23:37:08.093462,Source c1.avi,217,2,,225,1,260,83,0.827
2025-11-18T23:37:08.114972,Source c2.avi,177,1,,237,0,286,162,0.925
2025-11-18T23:37:08.134972,Source c3.avi,170,1,,96,0,151,156,0.787
2025-11-18T23:37:08.238006,Source c0.avi,169,1,,55,5,112,189,0.876
2025-11-18T23:37:08.264007,Source c1.avi,218,1,,230,26,293,214,0.818
2025-11-18T23:37:08.264007,Source c1.avi,219,2,,223,0,259,86,0.818
2025-11-18T23:37:08.288011,Source c2.avi,178,1,,235,0,284,161,0.906
2025-11-18T23:37:08.309529,Source c3.avi,171,1,,94,0,153,166,0.820
2025-11-18T23:37:08.414418,Source c0.avi,170,1,,55,6,114,193,0.894
2025-11-18T23:37:08.439416,Source c1.avi,220,1,,230,26,293,214,0.850
2025-11-18T23:37:08.439416,Source c1.avi,221,2,,222,0,258,88,0.850
2025-11-18T23:37:08.466418,Source c2.avi,179,1,,232,0,283,162,0.906
2025-11-18T23:37:08.487425,Source c3.avi,172,1,,89,0,147,161,0.850
2025-11-18T23:37:08.628878,Source c0.avi,171,1,1,56,6,116,198,0.891
2025-11-18T23:37:08.681879,Source c1.avi,222,1,1,230,27,293,212,0.806
2025-11-18T23:37:08.716395,Source c1.avi,223,2,3,220,0,257,88,0.806
2025-11-18T23:37:08.773393,Source c2.avi,180,1,1,230,0,282,163,0.904
2025-11-18T23:37:08.823910,Source c3.avi,173,1,2,84,0,143,160,0.910
2025-11-18T23:37:08.926941,Source c0.avi,172,1,,56,7,118,202,0.895
2025-11-18T23:37:08.950938,Source c1.avi,224,1,,231,27,294,213,0.846
2025-11-18T23:37:08.951942,Source c1.avi,225,2,,219,1,256,91,0.846
2025-11-18T23:37:08.976940,Source c2.avi,181,1,,228,1,280,164,0.894
2025-11-18T23:37:09.001014,Source c3.avi,174,1,,83,0,146,164,0.824
2025-11-18T23:37:09.102044,Source c0.avi,173,1,,56,8,119,206,0.895
2025-11-18T23:37:09.129044,Source c1.avi,226,1,,232,27,295,213,0.868
2025-11-18T23:37:09.129044,Source c1.avi,227,2,,218,1,255,93,0.868
2025-11-18T23:37:09.151043,Source c2.avi,182,1,,227,1,279,165,0.886
2025-11-18T23:37:09.171041,Source c3.avi,175,1,,81,0,148,166,0.852
2025-11-18T23:37:09.273080,Source c0.avi,174,1,,57,9,121,209,0.884
2025-11-18T23:37:09.298089,Source c1.avi,228,1,,234,27,297,213,0.832
2025-11-18T23:37:09.299090,Source c1.avi,229,2,,217,2,254,95,0.832
2025-11-18T23:37:09.321603,Source c2.avi,183,1,,225,2,278,164,0.884
2025-11-18T23:37:09.342603,Source c3.avi,176,1,,80,0,149,168,0.875
2025-11-18T23:37:09.444195,Source c0.avi,175,1,,57,9,122,212,0.894
2025-11-18T23:37:09.470194,Source c1.avi,230,1,,244,26,309,211,0.836
2025-11-18T23:37:09.470194,Source c1.avi,231,2,,217,3,252,92,0.836
2025-11-18T23:37:09.492201,Source c2.avi,184,1,,224,1,276,163,0.897
2025-11-18T23:37:09.517712,Source c3.avi,177,1,,78,0,149,167,0.840
2025-11-18T23:37:09.624588,Source c0.avi,176,1,,58,10,123,213,0.883
2025-11-18T23:37:09.651587,Source c1.avi,232,1,,248,25,315,209,0.833
2025-11-18T23:37:09.651587,Source c1.avi,233,2,,216,3,251,93,0.833
2025-11-18T23:37:09.671586,Source c2.avi,185,1,,223,1,275,162,0.907
2025-11-18T23:37:09.694596,Source c3.avi,178,1,,76,0,149,167,0.813
2025-11-18T23:37:09.796627,Source c0.avi,177,1,,58,10,124,216,0.857
2025-11-18T23:37:09.823144,Source c1.avi,234,1,,251,24,320,209,0.788
2025-11-18T23:37:09.824143,Source c1.avi,235,2,,215,4,250,93,0.788
2025-11-18T23:37:09.851143,Source c2.avi,186,1,,222,0,274,163,0.897
2025-11-18T23:37:09.873146,Source c3.avi,179,1,,75,0,151,171,0.915
2025-11-18T23:37:09.986180,Source c0.avi,178,1,,59,13,125,220,0.880
2025-11-18T23:37:10.010702,Source c1.avi,236,1,,252,23,320,203,0.804
2025-11-18T23:37:10.010702,Source c1.avi,237,2,,215,4,251,95,0.804
2025-11-18T23:37:10.032701,Source c2.avi,187,1,,221,0,273,163,0.878
2025-11-18T23:37:10.060699,Source c3.avi,180,1,,74,0,151,171,0.886
2025-11-18T23:37:10.162736,Source c0.avi,179,1,,60,12,126,222,0.885
2025-11-18T23:37:10.187740,Source c1.avi,238,1,,254,22,319,198,0.827
2025-11-18T23:37:10.188740,Source c1.avi,239,2,,214,4,251,97,0.827
2025-11-18T23:37:10.214254,Source c2.avi,188,1,,221,0,272,161,0.856
2025-11-18T23:37:10.235253,Source c3.avi,181,1,,69,0,146,169,0.849
2025-11-18T23:37:10.335686,Source c0.avi,180,1,,61,11,128,223,0.871
2025-11-18T23:37:10.360685,Source c1.avi,240,1,,257,21,320,196,0.816
2025-11-18T23:37:10.361685,Source c1.avi,241,2,,214,4,250,96,0.816
2025-11-18T23:37:10.386688,Source c2.avi,189,1,,220,0,270,159,0.860
2025-11-18T23:37:10.414206,Source c3.avi,182,1,,65,0,140,168,0.857
2025-11-18T23:37:10.549978,Source c0.avi,181,1,1,62,10,129,225,0.872
2025-11-18T23:37:10.602494,Source c1.avi,242,1,1,258,20,320,194,0.831
2025-11-18T23:37:10.634494,Source c1.avi,243,2,3,214,3,250,96,0.831
2025-11-18T23:37:10.685502,Source c2.avi,190,1,1,219,0,268,155,0.875
2025-11-18T23:37:10.736007,Source c3.avi,183,1,2,62,0,136,168,0.772
2025-11-18T23:37:10.839044,Source c0.avi,182,1,,63,11,130,226,0.868
2025-11-18T23:37:10.868044,Source c1.avi,244,1,,261,20,322,194,0.805
2025-11-18T23:37:10.868044,Source c1.avi,245,2,,214,3,250,97,0.805
2025-11-18T23:37:10.889048,Source c2.avi,191,1,,218,0,265,152,0.869
2025-11-18T23:37:10.912562,Source c3.avi,184,1,,59,0,131,167,0.766
2025-11-18T23:37:11.020194,Source c0.avi,183,1,,65,10,132,226,0.885
2025-11-18T23:37:11.049194,Source c1.avi,246,1,,262,20,323,197,0.811
2025-11-18T23:37:11.049194,Source c1.avi,247,2,,213,2,249,97,0.811
2025-11-18T23:37:11.071191,Source c2.avi,192,1,,216,0,263,150,0.847
2025-11-18T23:37:11.092195,Source c3.avi,185,1,,57,0,127,167,0.798
2025-11-18T23:37:11.196219,Source c0.avi,184,1,,67,10,133,226,0.884
2025-11-18T23:37:11.223738,Source c1.avi,248,1,,263,19,323,198,0.837
2025-11-18T23:37:11.223738,Source c1.avi,249,2,,213,2,249,96,0.837
2025-11-18T23:37:11.245739,Source c2.avi,193,1,,215,0,261,149,0.870
2025-11-18T23:37:11.246738,Source c3.avi,186,1,,55,0,125,168,0.870
2025-11-18T23:37:11.349231,Source c0.avi,185,1,,69,10,135,226,0.881
2025-11-18T23:37:11.376232,Source c1.avi,250,1,,264,19,323,196,0.861
2025-11-18T23:37:11.376232,Source c1.avi,251,2,,213,1,248,96,0.861
2025-11-18T23:37:11.398239,Source c2.avi,194,1,,214,0,259,149,0.881
2025-11-18T23:37:11.398239,Source c3.avi,187,1,,52,0,122,168,0.881
2025-11-18T23:37:11.516777,Source c0.avi,186,1,,71,11,137,226,0.885
2025-11-18T23:37:11.541776,Source c1.avi,252,1,,266,19,324,196,0.813
2025-11-18T23:37:11.542776,Source c1.avi,253,2,,213,1,247,96,0.813
2025-11-18T23:37:11.563775,Source c2.avi,195,1,,213,0,257,149,0.878
2025-11-18T23:37:11.585783,Source c3.avi,188,1,,45,0,111,167,0.832
2025-11-18T23:37:11.691814,Source c0.avi,187,1,,72,10,138,225,0.900
2025-11-18T23:37:11.719929,Source c1.avi,254,1,,269,19,326,196,0.857
2025-11-18T23:37:11.719929,Source c1.avi,255,2,,212,1,246,96,0.857
2025-11-18T23:37:11.744930,Source c2.avi,196,1,,212,0,255,150,0.862
2025-11-18T23:37:11.764928,Source c3.avi,189,1,,42,0,106,167,0.863
2025-11-18T23:37:11.878952,Source c0.avi,188,1,,73,10,139,227,0.896
2025-11-18T23:37:11.906469,Source c1.avi,256,1,,269,19,326,195,0.813
2025-11-18T23:37:11.906469,Source c1.avi,257,2,,212,1,245,97,0.813
2025-11-18T23:37:11.929468,Source c2.avi,197,1,,211,0,253,149,0.829
2025-11-18T23:37:11.951467,Source c3.avi,190,1,,41,0,103,167,0.836
2025-11-18T23:37:12.069502,Source c0.avi,189,1,,73,8,140,234,0.887
2025-11-18T23:37:12.098508,Source c1.avi,258,1,,272,19,329,195,0.876
2025-11-18T23:37:12.098508,Source c1.avi,259,2,,211,2,245,98,0.876
2025-11-18T23:37:12.120020,Source c2.avi,198,1,,208,0,250,149,0.855
2025-11-18T23:37:12.142019,Source c3.avi,191,1,,38,0,99,167,0.838
2025-11-18T23:37:12.254058,Source c0.avi,190,1,,73,8,141,237,0.891
2025-11-18T23:37:12.284058,Source c1.avi,260,1,,274,19,330,194,0.864
2025-11-18T23:37:12.284058,Source c1.avi,261,2,,211,2,244,98,0.864
2025-11-18T23:37:12.306123,Source c2.avi,199,1,,204,0,247,149,0.866
2025-11-18T23:37:12.327124,Source c3.avi,192,1,,34,0,95,170,0.858
2025-11-18T23:37:12.481166,Source c0.avi,191,1,1,75,9,142,236,0.883
2025-11-18T23:37:12.537675,Source c1.avi,262,1,1,275,20,331,194,0.867
2025-11-18T23:37:12.566677,Source c1.avi,263,2,3,210,3,243,99,0.867
2025-11-18T23:37:12.619189,Source c2.avi,200,1,1,201,0,244,149,0.862
2025-11-18T23:37:12.673189,Source c3.avi,193,1,2,30,0,93,172,0.888
2025-11-18T23:37:12.800540,Source c0.avi,192,1,,77,9,145,242,0.865
2025-11-18T23:37:12.838550,Source c1.avi,264,1,,276,20,332,195,0.858
2025-11-18T23:37:12.838550,Source c1.avi,265,2,,209,4,242,100,0.858
2025-11-18T23:37:12.866545,Source c2.avi,201,1,,198,0,241,149,0.852
2025-11-18T23:37:12.895554,Source c3.avi,194,1,,26,0,90,173,0.900
2025-11-18T23:37:13.006642,Source c0.avi,193,1,,82,11,151,244,0.834
2025-11-18T23:37:13.033642,Source c1.avi,266,1,,277,20,333,194,0.848
2025-11-18T23:37:13.033642,Source c1.avi,267,2,,208,5,241,101,0.848
2025-11-18T23:37:13.056641,Source c2.avi,202,1,,196,0,240,149,0.845
2025-11-18T23:37:13.083640,Source c3.avi,195,1,,23,0,88,175,0.873
2025-11-18T23:37:13.184565,Source c0.avi,194,1,,86,13,156,246,0.786
2025-11-18T23:37:13.214088,Source c1.avi,268,1,,278,20,334,194,0.862
2025-11-18T23:37:13.215086,Source c1.avi,269,2,,207,5,240,103,0.862
2025-11-18T23:37:13.237086,Source c2.avi,203,1,,195,1,239,149,0.869
2025-11-18T23:37:13.260084,Source c3.avi,196,1,,21,0,88,176,0.889
2025-11-18T23:37:13.362116,Source c0.avi,195,1,,88,14,159,248,0.799
2025-11-18T23:37:13.389115,Source c1.avi,270,1,,278,20,335,194,0.854
2025-11-18T23:37:13.389115,Source c1.avi,271,2,,206,6,239,104,0.854
2025-11-18T23:37:13.414624,Source c2.avi,204,1,,194,1,238,149,0.852
2025-11-18T23:37:13.440626,Source c3.avi,197,1,,20,0,88,177,0.831
2025-11-18T23:37:13.553648,Source c0.avi,196,1,,90,16,162,250,0.816
2025-11-18T23:37:13.580647,Source c1.avi,272,1,,279,20,337,194,0.811
2025-11-18T23:37:13.580647,Source c1.avi,273,2,,205,6,238,105,0.811
2025-11-18T23:37:13.602160,Source c2.avi,205,1,,194,1,238,149,0.860
2025-11-18T23:37:13.622157,Source c3.avi,198,1,,18,0,88,178,0.919
2025-11-18T23:37:13.725676,Source c0.avi,197,1,,93,17,165,253,0.824
2025-11-18T23:37:13.754678,Source c1.avi,274,1,,280,19,338,193,0.846
2025-11-18T23:37:13.755679,Source c1.avi,275,2,,204,6,237,106,0.846
2025-11-18T23:37:13.777678,Source c2.avi,206,1,,193,1,238,149,0.879
2025-11-18T23:37:13.798681,Source c3.avi,199,1,,17,0,88,181,0.907
2025-11-18T23:37:13.898712,Source c0.avi,198,1,,94,18,167,255,0.804
2025-11-18T23:37:13.930228,Source c1.avi,276,1,,282,18,340,193,0.831
2025-11-18T23:37:13.930228,Source c1.avi,277,2,,204,6,237,106,0.831
2025-11-18T23:37:13.955227,Source c2.avi,207,1,,193,1,237,148,0.868
2025-11-18T23:37:13.977227,Source c3.avi,200,1,,16,0,89,182,0.909
2025-11-18T23:37:14.053251,Source c0.avi,199,1,,96,19,170,257,0.909
2025-11-18T23:37:14.079253,Source c1.avi,278,1,,283,18,341,192,0.795
2025-11-18T23:37:14.079253,Source c1.avi,279,2,,203,5,236,106,0.795
2025-11-18T23:37:14.105762,Source c2.avi,208,1,,192,1,236,148,0.850
2025-11-18T23:37:14.129764,Source c3.avi,201,1,,15,0,89,183,0.872
2025-11-18T23:37:14.229804,Source c0.avi,200,1,,105,18,181,257,0.839
2025-11-18T23:37:14.256802,Source c1.avi,280,1,,285,17,342,188,0.830
2025-11-18T23:37:14.256802,Source c1.avi,281,2,,204,5,237,106,0.830
2025-11-18T23:37:14.278803,Source c2.avi,209,1,,192,1,236,146,0.813
2025-11-18T23:37:14.300317,Source c3.avi,202,1,,14,0,88,184,0.888
2025-11-18T23:37:14.417353,Source c0.avi,201,1,1,108,19,184,259,0.888
2025-11-18T23:37:14.480349,Source c1.avi,282,1,1,288,17,343,184,0.873
2025-11-18T23:37:14.512866,Source c1.avi,283,2,3,204,5,237,106,0.873
2025-11-18T23:37:14.564865,Source c2.avi,210,1,1,191,0,235,146,0.812
2025-11-18T23:37:14.618382,Source c3.avi,203,1,2,12,0,86,185,0.897
2025-11-18T23:37:14.727411,Source c0.avi,202,1,,101,18,177,260,0.820
2025-11-18T23:37:14.755408,Source c1.avi,284,1,,290,16,344,180,0.856
2025-11-18T23:37:14.755408,Source c1.avi,285,2,,203,5,237,107,0.856
2025-11-18T23:37:14.778412,Source c2.avi,211,1,,190,0,233,143,0.814
2025-11-18T23:37:14.800415,Source c3.avi,204,1,,8,0,82,185,0.904
2025-11-18T23:37:14.912539,Source c0.avi,203,1,,102,17,175,261,0.819
2025-11-18T23:37:14.941536,Source c1.avi,286,1,,292,17,345,178,0.852
2025-11-18T23:37:14.941536,Source c1.avi,287,2,,202,5,236,107,0.852
2025-11-18T23:37:14.966537,Source c2.avi,212,1,,189,0,231,140,0.798
2025-11-18T23:37:14.988547,Source c3.avi,205,1,,4,0,77,185,0.898
2025-11-18T23:37:15.097407,Source c0.avi,204,1,,104,17,176,260,0.816
2025-11-18T23:37:15.123921,Source c1.avi,288,1,,293,16,346,177,0.866
2025-11-18T23:37:15.123921,Source c1.avi,289,2,,202,6,236,108,0.866
2025-11-18T23:37:15.146923,Source c2.avi,213,1,,186,0,226,138,0.792
2025-11-18T23:37:15.168920,Source c3.avi,206,1,,1,0,73,186,0.910
2025-11-18T23:37:15.278953,Source c0.avi,205,1,,107,18,177,259,0.856
2025-11-18T23:37:15.304475,Source c1.avi,290,1,,294,17,346,177,0.861
2025-11-18T23:37:15.304475,Source c1.avi,291,2,,200,6,236,109,0.861
2025-11-18T23:37:15.327471,Source c2.avi,214,1,,183,0,222,137,0.794
2025-11-18T23:37:15.349471,Source c3.avi,207,1,,-1,0,70,186,0.894
2025-11-18T23:37:15.463496,Source c0.avi,206,1,,111,18,179,255,0.848
2025-11-18T23:37:15.491504,Source c1.avi,292,1,,294,15,346,174,0.849
2025-11-18T23:37:15.492504,Source c1.avi,293,2,,198,6,235,111,0.849
2025-11-18T23:37:15.516019,Source c2.avi,215,1,,181,0,219,138,0.845
2025-11-18T23:37:15.547018,Source c3.avi,208,1,,-4,0,66,186,0.879
2025-11-18T23:37:15.654875,Source c0.avi,207,1,,116,18,183,254,0.840
2025-11-18T23:37:15.678875,Source c1.avi,294,1,,294,15,346,176,0.887
2025-11-18T23:37:15.678875,Source c1.avi,295,2,,197,7,234,111,0.887
2025-11-18T23:37:15.701391,Source c2.avi,216,1,,178,0,217,138,0.840
2025-11-18T23:37:15.723392,Source c3.avi,209,1,,-6,0,61,184,0.863
2025-11-18T23:37:15.835425,Source c0.avi,208,1,,120,18,187,255,0.855
2025-11-18T23:37:15.861425,Source c1.avi,296,1,,294,15,346,177,0.881
2025-11-18T23:37:15.861425,Source c1.avi,297,2,,196,8,233,111,0.881
2025-11-18T23:37:15.884425,Source c2.avi,217,1,,177,0,215,137,0.813
2025-11-18T23:37:15.909942,Source c3.avi,210,1,,-7,0,58,186,0.864
2025-11-18T23:37:16.021988,Source c0.avi,209,1,,124,17,191,256,0.879
2025-11-18T23:37:16.048991,Source c1.avi,298,1,,294,15,346,177,0.861
2025-11-18T23:37:16.048991,Source c1.avi,299,2,,195,8,232,109,0.861
2025-11-18T23:37:16.080990,Source c2.avi,218,1,,175,0,213,137,0.812
2025-11-18T23:37:16.109504,Source c3.avi,211,1,,-9,0,54,187,0.804
2025-11-18T23:37:16.223539,Source c0.avi,210,1,,127,16,194,257,0.895
2025-11-18T23:37:16.254537,Source c1.avi,300,1,,294,16,345,177,0.858
2025-11-18T23:37:16.254537,Source c1.avi,301,2,,193,9,230,108,0.858
2025-11-18T23:37:16.282537,Source c2.avi,219,1,,172,0,211,138,0.837
2025-11-18T23:37:16.283536,Source c2.avi,220,2,,7,11,52,163,0.837
2025-11-18T23:37:16.304048,Source c3.avi,212,1,,-8,0,51,184,0.762
2025-11-18T23:37:16.455894,Source c0.avi,211,1,1,131,17,198,258,0.893
2025-11-18T23:37:16.517406,Source c1.avi,302,1,1,293,17,344,177,0.849
2025-11-18T23:37:16.549407,Source c1.avi,303,2,3,192,9,230,112,0.849
2025-11-18T23:37:16.606922,Source c2.avi,221,1,1,169,1,208,138,0.854
2025-11-18T23:37:16.638921,Source c2.avi,222,2,1,9,11,54,163,0.854
2025-11-18T23:37:16.671922,Source c3.avi,213,1,2,-11,0,49,184,0.854
2025-11-18T23:37:16.791544,Source c0.avi,212,1,,136,19,203,259,0.893
2025-11-18T23:37:16.821057,Source c1.avi,304,1,,293,16,344,178,0.797
2025-11-18T23:37:16.822057,Source c1.avi,305,2,,191,10,229,115,0.797
2025-11-18T23:37:16.847057,Source c2.avi,223,1,,165,1,205,138,0.855
2025-11-18T23:37:16.847057,Source c2.avi,224,2,,9,12,55,164,0.855
2025-11-18T23:37:16.847057,Source c3.avi,214,1,,-13,0,46,184,0.855
2025-11-18T23:37:16.970081,Source c0.avi,213,1,,141,19,210,259,0.878
2025-11-18T23:37:17.000088,Source c1.avi,306,1,,293,17,343,177,0.835
2025-11-18T23:37:17.000088,Source c1.avi,307,2,,190,10,229,118,0.835
2025-11-18T23:37:17.024597,Source c2.avi,225,1,,161,2,203,138,0.865
2025-11-18T23:37:17.024597,Source c2.avi,226,2,,9,12,56,167,0.865
2025-11-18T23:37:17.024597,Source c3.avi,215,1,,-16,0,44,185,0.865
2025-11-18T23:37:17.146630,Source c0.avi,214,1,,146,22,216,260,0.875
2025-11-18T23:37:17.175628,Source c1.avi,308,1,,292,18,341,176,0.871
2025-11-18T23:37:17.175628,Source c1.avi,309,2,,188,11,227,120,0.871
2025-11-18T23:37:17.204141,Source c2.avi,227,1,,159,2,202,138,0.869
2025-11-18T23:37:17.204141,Source c2.avi,228,2,,8,13,57,170,0.869
2025-11-18T23:37:17.204141,Source c3.avi,216,1,,-18,0,42,185,0.869
2025-11-18T23:37:17.322117,Source c0.avi,215,1,,150,25,222,260,0.879
2025-11-18T23:37:17.354118,Source c1.avi,310,1,,291,18,340,176,0.862
2025-11-18T23:37:17.354118,Source c1.avi,311,2,,186,11,226,122,0.862
2025-11-18T23:37:17.379116,Source c2.avi,229,1,,157,3,202,138,0.885
2025-11-18T23:37:17.379116,Source c2.avi,230,2,,8,13,58,172,0.885
2025-11-18T23:37:17.379116,Source c3.avi,217,1,,-21,0,39,185,0.885
2025-11-18T23:37:17.503377,Source c0.avi,216,1,,152,27,227,262,0.910
2025-11-18T23:37:17.533377,Source c1.avi,312,1,,289,17,338,175,0.775
2025-11-18T23:37:17.533377,Source c1.avi,313,2,,185,12,225,123,0.775
2025-11-18T23:37:17.559378,Source c2.avi,231,1,,155,3,202,139,0.893
2025-11-18T23:37:17.559378,Source c2.avi,232,2,,8,13,59,174,0.893
2025-11-18T23:37:17.559378,Source c3.avi,218,1,,-23,0,37,185,0.893
2025-11-18T23:37:17.680305,Source c0.avi,217,1,,153,25,231,262,0.903
2025-11-18T23:37:17.706830,Source c1.avi,314,1,,288,16,338,175,0.843
2025-11-18T23:37:17.706830,Source c1.avi,315,2,,184,12,224,123,0.843
2025-11-18T23:37:17.730832,Source c2.avi,233,1,,154,4,202,139,0.900
2025-11-18T23:37:17.730832,Source c2.avi,234,2,,7,12,59,175,0.900
2025-11-18T23:37:17.756830,Source c3.avi,219,1,,-26,0,34,186,0.826
2025-11-18T23:37:17.873194,Source c0.avi,218,1,,153,25,234,261,0.896
2025-11-18T23:37:17.902713,Source c1.avi,316,1,,288,16,337,173,0.854
2025-11-18T23:37:17.902713,Source c1.avi,317,2,,184,11,222,123,0.854
2025-11-18T23:37:17.926716,Source c2.avi,235,1,,153,4,202,138,0.906
2025-11-18T23:37:17.926716,Source c2.avi,236,2,,7,12,60,176,0.906
2025-11-18T23:37:17.926716,Source c3.avi,220,1,,-28,0,32,186,0.906
2025-11-18T23:37:18.045431,Source c0.avi,219,1,,153,26,236,260,0.842
2025-11-18T23:37:18.075429,Source c1.avi,318,1,,288,14,336,169,0.840
2025-11-18T23:37:18.075429,Source c1.avi,319,2,,183,10,221,123,0.840
2025-11-18T23:37:18.100436,Source c2.avi,237,1,,152,3,202,138,0.898
2025-11-18T23:37:18.100436,Source c2.avi,238,2,,6,11,60,176,0.898
2025-11-18T23:37:18.125946,Source c3.avi,221,1,,-31,0,29,186,0.848
2025-11-18T23:37:18.249676,Source c0.avi,220,1,,153,26,238,261,0.906
2025-11-18T23:37:18.276678,Source c1.avi,320,1,,287,13,335,169,0.832
2025-11-18T23:37:18.276678,Source c1.avi,321,2,,183,10,220,123,0.832
2025-11-18T23:37:18.300681,Source c2.avi,239,1,,150,2,201,138,0.885
2025-11-18T23:37:18.300681,Source c2.avi,240,2,,6,9,61,176,0.885
2025-11-18T23:37:18.330191,Source c3.avi,222,1,,-33,0,27,186,0.875
2025-11-18T23:37:18.485227,Source c0.avi,221,1,1,153,25,240,261,0.884
2025-11-18T23:37:18.519744,Source c0.avi,222,2,1,287,16,355,168,0.884
2025-11-18T23:37:18.582742,Source c1.avi,322,1,1,287,12,334,165,0.829
2025-11-18T23:37:18.613807,Source c1.avi,323,2,3,181,10,219,123,0.829
2025-11-18T23:37:18.664806,Source c2.avi,241,1,1,148,2,201,138,0.885
2025-11-18T23:37:18.694812,Source c2.avi,242,2,1,8,8,64,176,0.885
2025-11-18T23:37:18.753323,Source c3.avi,223,1,2,-36,0,24,187,0.869
2025-11-18T23:37:18.789329,Source c3.avi,224,2,4,22,0,152,286,0.869
2025-11-18T23:37:18.915139,Source c0.avi,223,1,,153,24,242,261,0.894
2025-11-18T23:37:18.915139,Source c0.avi,224,2,,286,15,356,171,0.894
2025-11-18T23:37:18.947135,Source c1.avi,324,1,,287,12,333,162,0.808
2025-11-18T23:37:18.947135,Source c1.avi,325,2,,181,10,218,124,0.808
2025-11-18T23:37:18.973139,Source c2.avi,243,1,,146,1,198,137,0.819
2025-11-18T23:37:18.973139,Source c2.avi,244,2,,10,7,67,176,0.819
2025-11-18T23:37:18.990142,Source c3.avi,225,1,,-38,0,22,187,0.867
2025-11-18T23:37:18.991139,Source c3.avi,226,2,,33,0,161,281,0.867
2025-11-18T23:37:19.120676,Source c0.avi,225,1,,155,24,244,260,0.860
2025-11-18T23:37:19.120676,Source c0.avi,226,2,,286,14,356,170,0.860
2025-11-18T23:37:19.148673,Source c1.avi,326,1,,287,11,331,158,0.900
2025-11-18T23:37:19.148673,Source c1.avi,327,2,,179,10,217,124,0.900
2025-11-18T23:37:19.174674,Source c2.avi,245,1,,144,1,196,137,0.804
2025-11-18T23:37:19.174674,Source c2.avi,246,2,,13,6,71,176,0.804
2025-11-18T23:37:19.192680,Source c3.avi,227,1,,-41,0,20,187,0.862
2025-11-18T23:37:19.192680,Source c3.avi,228,2,,43,0,171,284,0.862
2025-11-18T23:37:19.319423,Source c0.avi,227,1,,158,25,247,258,0.834
2025-11-18T23:37:19.319423,Source c0.avi,228,2,,286,13,355,168,0.834
2025-11-18T23:37:19.347420,Source c1.avi,328,1,,286,11,330,156,0.802
2025-11-18T23:37:19.347420,Source c1.avi,329,2,,179,10,215,123,0.802
2025-11-18T23:37:19.373421,Source c2.avi,247,1,,143,1,194,136,0.844
2025-11-18T23:37:19.373421,Source c2.avi,248,2,,14,5,73,176,0.844
2025-11-18T23:37:19.391429,Source c3.avi,229,1,,-43,0,17,187,0.886
2025-11-18T23:37:19.391429,Source c3.avi,230,2,,52,0,180,285,0.886
2025-11-18T23:37:19.516794,Source c0.avi,229,1,,162,25,251,259,0.831
2025-11-18T23:37:19.516794,Source c0.avi,230,2,,283,12,352,168,0.831
2025-11-18T23:37:19.544796,Source c1.avi,330,1,,286,11,330,156,0.824
2025-11-18T23:37:19.545794,Source c1.avi,331,2,,176,10,213,124,0.824
2025-11-18T23:37:19.571793,Source c2.avi,249,1,,142,0,191,136,0.770
2025-11-18T23:37:19.571793,Source c2.avi,250,2,,16,5,76,177,0.770
2025-11-18T23:37:19.589805,Source c3.avi,231,1,,-46,0,15,187,0.871
2025-11-18T23:37:19.589805,Source c3.avi,232,2,,60,0,187,285,0.871
2025-11-18T23:37:19.760356,Source c0.avi,231,1,,168,20,256,257,0.839
2025-11-18T23:37:19.760356,Source c0.avi,232,2,,278,11,348,168,0.839
2025-11-18T23:37:19.804879,Source c1.avi,332,1,,286,11,329,154,0.866
2025-11-18T23:37:19.804879,Source c1.avi,333,2,,173,10,210,124,0.866
2025-11-18T23:37:19.847883,Source c2.avi,251,1,,140,0,187,136,0.786
2025-11-18T23:37:19.847883,Source c2.avi,252,2,,17,4,79,180,0.786
2025-11-18T23:37:19.878881,Source c3.avi,233,1,,-48,0,12,188,0.882
2025-11-18T23:37:19.878881,Source c3.avi,234,2,,65,0,191,284,0.882
2025-11-18T23:37:19.992844,Source c0.avi,233,1,,176,28,258,256,0.778
2025-11-18T23:37:19.992844,Source c0.avi,234,2,,274,11,343,167,0.778
2025-11-18T23:37:20.025354,Source c1.avi,334,1,,285,11,328,153,0.801
2025-11-18T23:37:20.025354,Source c1.avi,335,2,,171,9,209,125,0.801
2025-11-18T23:37:20.058356,Source c2.avi,253,1,,138,0,184,137,0.797
2025-11-18T23:37:20.058356,Source c2.avi,254,2,,18,4,82,183,0.797
2025-11-18T23:37:20.082357,Source c3.avi,235,1,,-51,0,10,188,0.871
2025-11-18T23:37:20.082357,Source c3.avi,236,2,,69,0,195,285,0.871
2025-11-18T23:37:20.166011,Source c0.avi,235,1,,179,29,261,256,0.871
2025-11-18T23:37:20.166011,Source c0.avi,236,2,,272,10,341,167,0.871
2025-11-18T23:37:20.196017,Source c1.avi,336,1,,284,10,327,152,0.787
2025-11-18T23:37:20.196017,Source c1.avi,337,2,,169,10,208,125,0.787
2025-11-18T23:37:20.225524,Source c2.avi,255,1,,136,0,182,137,0.914
2025-11-18T23:37:20.225524,Source c2.avi,256,2,,20,4,84,184,0.914
2025-11-18T23:37:20.247528,Source c3.avi,237,1,,-53,0,7,188,0.896
2025-11-18T23:37:20.247528,Source c3.avi,238,2,,75,0,200,284,0.896
2025-11-18T23:37:20.361551,Source c0.avi,237,1,,190,22,273,258,0.795
2025-11-18T23:37:20.362551,Source c0.avi,238,2,,266,10,335,167,0.795
2025-11-18T23:37:20.394557,Source c1.avi,338,1,,284,10,326,152,0.783
2025-11-18T23:37:20.394557,Source c1.avi,339,2,,167,10,206,127,0.783
2025-11-18T23:37:20.433071,Source c2.avi,257,1,,135,0,179,136,0.805
2025-11-18T23:37:20.433071,Source c2.avi,258,2,,22,5,87,185,0.805
2025-11-18T23:37:20.457071,Source c3.avi,239,1,,-56,0,5,188,0.884
2025-11-18T23:37:20.457071,Source c3.avi,240,2,,81,0,205,286,0.884
2025-11-18T23:37:20.571597,Source c0.avi,239,1,,199,21,283,270,0.775
2025-11-18T23:37:20.571597,Source c0.avi,240,2,,264,9,332,167,0.775
2025-11-18T23:37:20.609119,Source c1.avi,340,1,,283,10,326,153,0.785
2025-11-18T23:37:20.609119,Source c1.avi,341,2,,166,11,205,128,0.785
2025-11-18T23:37:20.639117,Source c2.avi,259,1,,133,0,176,136,0.783
2025-11-18T23:37:20.639117,Source c2.avi,260,2,,24,5,89,184,0.783
2025-11-18T23:37:20.660118,Source c3.avi,241,1,,-58,0,2,189,0.874
2025-11-18T23:37:20.660118,Source c3.avi,242,2,,86,0,210,286,0.874
2025-11-18T23:37:20.808169,Source c0.avi,241,1,1,203,20,288,271,0.879
2025-11-18T23:37:20.846167,Source c0.avi,242,2,1,259,9,328,168,0.879
2025-11-18T23:37:20.904682,Source c1.avi,342,1,1,283,10,325,153,0.779
2025-11-18T23:37:20.938681,Source c1.avi,343,2,3,165,12,206,130,0.779
2025-11-18T23:37:20.995687,Source c2.avi,261,1,1,131,0,173,137,0.838
2025-11-18T23:37:21.029199,Source c2.avi,262,2,1,26,6,90,185,0.838
2025-11-18T23:37:21.046199,Source c3.avi,243,1,,-61,0,0,189,0.870
2025-11-18T23:37:21.079198,Source c3.avi,244,2,4,92,0,214,286,0.870
2025-11-18T23:37:21.193216,Source c0.avi,243,1,,207,22,291,271,0.793
2025-11-18T23:37:21.193216,Source c0.avi,244,2,,257,9,325,168,0.793
2025-11-18T23:37:21.221249,Source c1.avi,344,1,,283,10,325,152,0.778
2025-11-18T23:37:21.221249,Source c1.avi,345,2,,164,13,205,132,0.778
2025-11-18T23:37:21.248251,Source c2.avi,263,1,,126,1,168,136,0.873
2025-11-18T23:37:21.248251,Source c2.avi,264,2,,27,6,92,185,0.873
2025-11-18T23:37:21.266251,Source c3.avi,245,1,,-63,0,-1,189,0.796
2025-11-18T23:37:21.266251,Source c3.avi,246,2,,98,0,217,284,0.796
2025-11-18T23:37:21.374285,Source c0.avi,245,1,,209,22,291,270,0.806
2025-11-18T23:37:21.374285,Source c0.avi,246,2,,256,9,323,167,0.806
2025-11-18T23:37:21.403794,Source c1.avi,346,1,,282,10,324,152,0.780
2025-11-18T23:37:21.404801,Source c1.avi,347,2,,162,14,204,134,0.780
2025-11-18T23:37:21.429799,Source c2.avi,265,1,,123,1,166,136,0.876
2025-11-18T23:37:21.429799,Source c2.avi,266,2,,29,7,94,189,0.876
2025-11-18T23:37:21.448802,Source c3.avi,247,1,,-66,0,-4,189,0.833
2025-11-18T23:37:21.448802,Source c3.avi,248,2,,103,0,221,284,0.833
2025-11-18T23:37:21.558619,Source c0.avi,247,1,,214,24,294,266,0.833
2025-11-18T23:37:21.558619,Source c0.avi,248,2,,256,10,321,166,0.833
2025-11-18T23:37:21.586620,Source c1.avi,348,1,,282,10,323,152,0.756
2025-11-18T23:37:21.586620,Source c1.avi,349,2,,162,15,204,135,0.756
2025-11-18T23:37:21.615137,Source c2.avi,267,1,,120,1,164,136,0.861
2025-11-18T23:37:21.615137,Source c2.avi,268,2,,31,7,97,191,0.861
2025-11-18T23:37:21.634137,Source c3.avi,249,1,,-68,0,-6,189,0.873
2025-11-18T23:37:21.634137,Source c3.avi,250,2,,110,0,226,284,0.873
2025-11-18T23:37:21.742775,Source c0.avi,249,1,,218,21,299,260,0.783
2025-11-18T23:37:21.742775,Source c0.avi,250,2,,257,10,320,166,0.783
2025-11-18T23:37:21.771771,Source c1.avi,350,1,,282,10,323,153,0.812
2025-11-18T23:37:21.771771,Source c1.avi,351,2,,160,14,203,137,0.812
2025-11-18T23:37:21.796773,Source c2.avi,269,1,,118,2,162,137,0.851
2025-11-18T23:37:21.796773,Source c2.avi,270,2,,32,7,100,194,0.851
2025-11-18T23:37:21.814285,Source c3.avi,251,1,,-71,0,-9,190,0.873
2025-11-18T23:37:21.814285,Source c3.avi,252,2,,118,0,232,282,0.873
2025-11-18T23:37:21.918249,Source c0.avi,251,1,,222,21,303,257,0.879
2025-11-18T23:37:21.918249,Source c0.avi,252,2,,255,10,318,166,0.879
2025-11-18T23:37:21.951248,Source c1.avi,352,1,,281,10,322,153,0.819
2025-11-18T23:37:21.951248,Source c1.avi,353,2,,159,14,202,137,0.819
2025-11-18T23:37:21.978248,Source c2.avi,271,1,,115,2,161,137,0.871
2025-11-18T23:37:21.978248,Source c2.avi,272,2,,34,7,102,196,0.871
2025-11-18T23:37:21.996256,Source c3.avi,253,1,,-74,0,-11,190,0.869
2025-11-18T23:37:21.996256,Source c3.avi,254,2,,122,0,235,283,0.869
2025-11-18T23:37:22.098073,Source c0.avi,253,1,,223,22,306,255,0.904
2025-11-18T23:37:22.098073,Source c0.avi,254,2,,253,10,315,166,0.904
2025-11-18T23:37:22.128231,Source c1.avi,354,1,,281,10,321,153,0.840
2025-11-18T23:37:22.128231,Source c1.avi,355,2,,158,14,201,137,0.840
2025-11-18T23:37:22.156229,Source c2.avi,273,1,,115,2,161,137,0.874
2025-11-18T23:37:22.156229,Source c2.avi,274,2,,35,6,103,197,0.874
2025-11-18T23:37:22.174231,Source c3.avi,255,1,,-76,0,-14,190,0.876
2025-11-18T23:37:22.174231,Source c3.avi,256,2,,130,0,242,281,0.876
2025-11-18T23:37:22.286351,Source c0.avi,255,1,,223,22,307,255,0.913
2025-11-18T23:37:22.286351,Source c0.avi,256,2,,251,10,313,165,0.913
2025-11-18T23:37:22.313866,Source c1.avi,356,1,,280,10,320,153,0.857
2025-11-18T23:37:22.313866,Source c1.avi,357,2,,156,13,199,137,0.857
2025-11-18T23:37:22.342866,Source c2.avi,275,1,,114,1,162,137,0.859
2025-11-18T23:37:22.342866,Source c2.avi,276,2,,36,5,104,198,0.859
2025-11-18T23:37:22.360868,Source c3.avi,257,1,,-79,0,-16,190,0.892
2025-11-18T23:37:22.360868,Source c3.avi,258,2,,133,0,245,281,0.892
2025-11-18T23:37:22.463894,Source c0.avi,257,1,,223,24,308,254,0.918
2025-11-18T23:37:22.463894,Source c0.avi,258,2,,248,9,311,165,0.918
2025-11-18T23:37:22.493899,Source c1.avi,358,1,,279,10,319,152,0.842
2025-11-18T23:37:22.493899,Source c1.avi,359,2,,154,13,197,137,0.842
2025-11-18T23:37:22.523415,Source c2.avi,277,1,,112,2,161,137,0.870
2025-11-18T23:37:22.523415,Source c2.avi,278,2,,38,3,105,198,0.870
2025-11-18T23:37:22.544416,Source c3.avi,259,1,,-81,0,-19,191,0.928
2025-11-18T23:37:22.544416,Source c3.avi,260,2,,135,0,247,280,0.928
2025-11-18T23:37:22.653446,Source c0.avi,259,1,,223,25,309,254,0.896
2025-11-18T23:37:22.653446,Source c0.avi,260,2,,246,9,309,165,0.896
2025-11-18T23:37:22.681446,Source c1.avi,360,1,,277,10,317,153,0.826
2025-11-18T23:37:22.681446,Source c1.avi,361,2,,152,12,194,137,0.826
2025-11-18T23:37:22.708959,Source c2.avi,279,1,,112,2,162,137,0.873
2025-11-18T23:37:22.709960,Source c2.avi,280,2,,39,2,106,198,0.873
2025-11-18T23:37:22.726957,Source c3.avi,261,1,,-84,0,-21,191,0.900
2025-11-18T23:37:22.726957,Source c3.avi,262,2,,138,0,250,281,0.900
2025-11-18T23:37:22.874552,Source c0.avi,261,1,1,221,26,308,254,0.888
2025-11-18T23:37:22.923072,Source c0.avi,262,2,1,244,9,307,165,0.888
2025-11-18T23:37:22.982072,Source c1.avi,362,1,1,276,9,317,152,0.811
2025-11-18T23:37:23.014586,Source c1.avi,363,2,3,148,12,191,137,0.811
2025-11-18T23:37:23.073585,Source c2.avi,281,1,1,112,2,163,137,0.851
2025-11-18T23:37:23.108096,Source c2.avi,282,2,1,43,3,108,198,0.851
2025-11-18T23:37:23.125099,Source c3.avi,263,1,,-86,0,-24,191,0.862
2025-11-18T23:37:23.159097,Source c3.avi,264,2,4,140,0,253,280,0.862
2025-11-18T23:37:23.269694,Source c0.avi,263,1,,221,27,308,254,0.886
2025-11-18T23:37:23.269694,Source c0.avi,264,2,,242,9,305,165,0.886
2025-11-18T23:37:23.299700,Source c1.avi,364,1,,276,8,316,151,0.827
2025-11-18T23:37:23.299700,Source c1.avi,365,2,,146,12,190,138,0.827
2025-11-18T23:37:23.327206,Source c2.avi,283,1,,113,1,164,137,0.849
2025-11-18T23:37:23.327206,Source c2.avi,284,2,,48,2,114,198,0.849
2025-11-18T23:37:23.346205,Source c3.avi,265,1,,-89,0,-26,191,0.882
2025-11-18T23:37:23.346205,Source c3.avi,266,2,,144,0,257,279,0.882
2025-11-18T23:37:23.457849,Source c0.avi,265,1,,222,26,311,254,0.885
2025-11-18T23:37:23.457849,Source c0.avi,266,2,,240,8,303,164,0.885
2025-11-18T23:37:23.486847,Source c1.avi,366,1,,274,8,314,149,0.777
2025-11-18T23:37:23.486847,Source c1.avi,367,2,,145,12,191,141,0.777
2025-11-18T23:37:23.516366,Source c2.avi,285,1,,113,1,164,137,0.868
2025-11-18T23:37:23.516366,Source c2.avi,286,2,,50,0,117,198,0.868
2025-11-18T23:37:23.535364,Source c3.avi,267,1,,-91,0,-28,192,0.843
2025-11-18T23:37:23.535364,Source c3.avi,268,2,,147,0,260,279,0.843
2025-11-18T23:37:23.644393,Source c0.avi,267,1,,223,25,314,254,0.896
2025-11-18T23:37:23.644393,Source c0.avi,268,2,,238,8,301,164,0.896
2025-11-18T23:37:23.674389,Source c1.avi,368,1,,275,7,314,147,0.810
2025-11-18T23:37:23.675388,Source c1.avi,369,2,,144,12,189,141,0.810
2025-11-18T23:37:23.706911,Source c2.avi,287,1,,112,2,163,137,0.797
2025-11-18T23:37:23.706911,Source c2.avi,288,2,,52,0,119,199,0.797
2025-11-18T23:37:23.724913,Source c3.avi,269,1,,-94,0,-31,192,0.849
2025-11-18T23:37:23.724913,Source c3.avi,270,2,,154,0,266,277,0.849
2025-11-18T23:37:23.838920,Source c0.avi,269,1,,224,24,316,254,0.877
2025-11-18T23:37:23.838920,Source c0.avi,270,2,,236,8,299,164,0.877
2025-11-18T23:37:23.867921,Source c1.avi,370,1,,274,7,312,144,0.753
2025-11-18T23:37:23.868920,Source c1.avi,371,2,,139,14,185,146,0.753
2025-11-18T23:37:23.894925,Source c2.avi,289,1,,112,2,162,137,0.873
2025-11-18T23:37:23.894925,Source c2.avi,290,2,,55,0,124,199,0.873
2025-11-18T23:37:23.913441,Source c3.avi,271,1,,-96,0,-33,192,0.879
2025-11-18T23:37:23.913441,Source c3.avi,272,2,,159,0,271,277,0.879
2025-11-18T23:37:24.019297,Source c0.avi,271,1,,230,24,324,254,0.849
2025-11-18T23:37:24.019297,Source c0.avi,272,2,,234,7,297,164,0.849
2025-11-18T23:37:24.047293,Source c1.avi,372,1,,274,7,311,142,0.781
2025-11-18T23:37:24.047293,Source c1.avi,373,2,,139,15,185,147,0.781
2025-11-18T23:37:24.066296,Source c2.avi,291,1,,111,2,161,137,0.896
2025-11-18T23:37:24.066296,Source c2.avi,292,2,,59,0,130,201,0.896
2025-11-18T23:37:24.084296,Source c3.avi,273,1,,-99,0,-36,192,0.891
2025-11-18T23:37:24.084296,Source c3.avi,274,2,,163,0,275,278,0.891
2025-11-18T23:37:24.195335,Source c0.avi,273,1,,231,24,327,254,0.763
2025-11-18T23:37:24.195335,Source c0.avi,274,2,,215,2,273,146,0.763
2025-11-18T23:37:24.221849,Source c1.avi,374,1,,273,7,310,139,0.792
2025-11-18T23:37:24.221849,Source c1.avi,375,2,,137,16,183,147,0.792
2025-11-18T23:37:24.248850,Source c2.avi,293,1,,108,2,157,136,0.759
2025-11-18T23:37:24.248850,Source c2.avi,294,2,,64,1,136,203,0.759
2025-11-18T23:37:24.268850,Source c3.avi,275,1,,-101,0,-38,192,0.851
2025-11-18T23:37:24.268850,Source c3.avi,276,2,,168,0,279,277,0.851
2025-11-18T23:37:24.388877,Source c0.avi,275,1,,236,24,333,255,0.840
2025-11-18T23:37:24.388877,Source c0.avi,276,2,,211,1,269,146,0.840
2025-11-18T23:37:24.417393,Source c1.avi,376,1,,272,7,309,138,0.834
2025-11-18T23:37:24.417393,Source c1.avi,377,2,,135,17,180,148,0.834
2025-11-18T23:37:24.443392,Source c2.avi,295,1,,107,2,156,136,0.895
2025-11-18T23:37:24.443392,Source c2.avi,296,2,,68,2,142,206,0.895
2025-11-18T23:37:24.466395,Source c3.avi,277,1,,-104,0,-41,193,0.867
2025-11-18T23:37:24.467394,Source c3.avi,278,2,,174,0,282,277,0.867
2025-11-18T23:37:24.582423,Source c0.avi,277,1,,241,34,334,253,0.848
2025-11-18T23:37:24.582423,Source c0.avi,278,2,,207,2,265,145,0.848
2025-11-18T23:37:24.608936,Source c1.avi,378,1,,271,6,307,137,0.816
2025-11-18T23:37:24.608936,Source c1.avi,379,2,,133,17,178,150,0.816
2025-11-18T23:37:24.626934,Source c2.avi,297,1,,106,2,154,136,0.883
2025-11-18T23:37:24.626934,Source c2.avi,298,2,,70,2,147,210,0.883
2025-11-18T23:37:24.646935,Source c3.avi,279,1,,-106,0,-43,193,0.850
2025-11-18T23:37:24.646935,Source c3.avi,280,2,,179,0,286,276,0.850
2025-11-18T23:37:24.762799,Source c0.avi,279,1,,247,26,343,253,0.844
2025-11-18T23:37:24.762799,Source c0.avi,280,2,,203,2,262,146,0.844
2025-11-18T23:37:24.791804,Source c1.avi,380,1,,269,6,306,137,0.811
2025-11-18T23:37:24.791804,Source c1.avi,381,2,,131,17,177,151,0.811
2025-11-18T23:37:24.812321,Source c2.avi,299,1,,105,2,153,135,0.873
2025-11-18T23:37:24.812321,Source c2.avi,300,2,,73,2,151,212,0.873
2025-11-18T23:37:24.829325,Source c3.avi,281,1,,-109,0,-46,193,0.859
2025-11-18T23:37:24.829325,Source c3.avi,282,2,,182,0,288,276,0.859
2025-11-18T23:37:24.978354,Source c0.avi,281,1,1,252,24,350,253,0.893
2025-11-18T23:37:25.011869,Source c0.avi,282,2,1,199,2,259,146,0.893
2025-11-18T23:37:25.070868,Source c1.avi,382,1,1,268,6,304,136,0.801
2025-11-18T23:37:25.101872,Source c1.avi,383,2,3,128,17,175,153,0.801
2025-11-18T23:37:25.152382,Source c2.avi,301,1,1,104,2,152,135,0.890
2025-11-18T23:37:25.185381,Source c2.avi,302,2,1,74,2,154,215,0.890
2025-11-18T23:37:25.203387,Source c3.avi,283,1,,-111,0,-48,193,0.803
2025-11-18T23:37:25.248902,Source c3.avi,284,2,4,187,3,288,273,0.803
2025-11-18T23:37:25.369829,Source c0.avi,283,1,,256,23,354,252,0.901
2025-11-18T23:37:25.369829,Source c0.avi,284,2,,197,2,257,146,0.901
2025-11-18T23:37:25.398837,Source c1.avi,384,1,,265,6,302,135,0.814
2025-11-18T23:37:25.398837,Source c1.avi,385,2,,126,18,173,154,0.814
2025-11-18T23:37:25.418347,Source c2.avi,303,1,,103,2,151,135,0.887
2025-11-18T23:37:25.418347,Source c2.avi,304,2,,75,1,156,217,0.887
2025-11-18T23:37:25.437348,Source c3.avi,285,1,,-114,0,-50,194,0.801
2025-11-18T23:37:25.437348,Source c3.avi,286,2,,191,1,291,274,0.801
2025-11-18T23:37:25.555380,Source c0.avi,285,1,,260,23,357,252,0.917
2025-11-18T23:37:25.555380,Source c0.avi,286,2,,196,2,257,146,0.917
2025-11-18T23:37:25.583383,Source c1.avi,386,1,,262,6,299,134,0.769
2025-11-18T23:37:25.583383,Source c1.avi,387,2,,126,18,174,156,0.769
2025-11-18T23:37:25.620903,Source c2.avi,305,1,,101,2,150,135,0.869
2025-11-18T23:37:25.620903,Source c2.avi,306,2,,77,2,159,220,0.869
2025-11-18T23:37:25.638903,Source c3.avi,287,1,,-116,0,-53,194,0.840
2025-11-18T23:37:25.638903,Source c3.avi,288,2,,192,0,291,273,0.840
2025-11-18T23:37:25.760110,Source c0.avi,287,1,,263,23,360,254,0.908
2025-11-18T23:37:25.760110,Source c0.avi,288,2,,195,2,256,145,0.908
2025-11-18T23:37:25.791122,Source c1.avi,388,1,,258,6,297,135,0.777
2025-11-18T23:37:25.792119,Source c1.avi,389,2,,125,18,173,156,0.777
2025-11-18T23:37:25.810632,Source c2.avi,307,1,,100,2,148,135,0.880
2025-11-18T23:37:25.810632,Source c2.avi,308,2,,78,1,161,222,0.880
2025-11-18T23:37:25.830631,Source c3.avi,289,1,,-119,0,-55,194,0.849
2025-11-18T23:37:25.830631,Source c3.avi,290,2,,193,0,291,272,0.849
2025-11-18T23:37:25.945657,Source c0.avi,289,1,,267,23,362,253,0.910
2025-11-18T23:37:25.945657,Source c0.avi,290,2,,194,3,256,145,0.910
2025-11-18T23:37:25.974658,Source c1.avi,390,1,,255,6,294,135,0.883
2025-11-18T23:37:25.974658,Source c1.avi,391,2,,124,18,172,157,0.883
2025-11-18T23:37:25.994667,Source c2.avi,309,1,,99,2,147,135,0.862
2025-11-18T23:37:25.994667,Source c2.avi,310,2,,79,0,162,223,0.862
2025-11-18T23:37:26.013182,Source c3.avi,291,1,,-121,0,-58,194,0.807
2025-11-18T23:37:26.013182,Source c3.avi,292,2,,200,0,297,270,0.807
2025-11-18T23:37:26.134215,Source c0.avi,291,1,,270,22,363,253,0.909
2025-11-18T23:37:26.134215,Source c0.avi,292,2,,193,2,255,144,0.909
2025-11-18T23:37:26.164217,Source c1.avi,392,1,,251,6,292,135,0.852
2025-11-18T23:37:26.164217,Source c1.avi,393,2,,122,17,169,157,0.852
2025-11-18T23:37:26.183214,Source c2.avi,311,1,,98,2,146,135,0.870
2025-11-18T23:37:26.183214,Source c2.avi,312,2,,81,0,163,223,0.870
2025-11-18T23:37:26.200220,Source c3.avi,293,1,,-124,0,-60,195,0.792
2025-11-18T23:37:26.200220,Source c3.avi,294,2,,202,5,296,267,0.792
2025-11-18T23:37:26.325377,Source c0.avi,293,1,,272,22,364,254,0.870
2025-11-18T23:37:26.325377,Source c0.avi,294,2,,194,12,252,142,0.870
2025-11-18T23:37:26.357375,Source c1.avi,394,1,,248,6,290,135,0.820
2025-11-18T23:37:26.357375,Source c1.avi,395,2,,118,16,165,157,0.820
2025-11-18T23:37:26.375372,Source c2.avi,313,1,,97,2,145,134,0.862
2025-11-18T23:37:26.375372,Source c2.avi,314,2,,83,0,165,223,0.862
2025-11-18T23:37:26.396381,Source c3.avi,295,1,,-126,0,-63,195,0.777
2025-11-18T23:37:26.396381,Source c3.avi,296,2,,204,3,298,264,0.777
2025-11-18T23:37:26.519933,Source c0.avi,295,1,,274,22,364,253,0.899
2025-11-18T23:37:26.519933,Source c0.avi,296,2,,191,4,252,141,0.899
2025-11-18T23:37:26.550932,Source c1.avi,396,1,,245,6,289,135,0.823
2025-11-18T23:37:26.550932,Source c1.avi,397,2,,117,16,163,157,0.823
2025-11-18T23:37:26.570931,Source c2.avi,315,1,,96,2,144,134,0.888
2025-11-18T23:37:26.570931,Source c2.avi,316,2,,86,0,167,224,0.888
2025-11-18T23:37:26.591939,Source c3.avi,297,1,,-129,0,-65,195,0.783
2025-11-18T23:37:26.591939,Source c3.avi,298,2,,211,1,302,258,0.783
2025-11-18T23:37:26.712474,Source c0.avi,297,1,,275,21,363,253,0.892
2025-11-18T23:37:26.713473,Source c0.avi,298,2,,190,1,250,139,0.892
2025-11-18T23:37:26.744476,Source c1.avi,398,1,,243,7,287,133,0.851
2025-11-18T23:37:26.744476,Source c1.avi,399,2,,116,16,161,158,0.851
2025-11-18T23:37:26.766477,Source c2.avi,317,1,,95,2,142,134,0.859
2025-11-18T23:37:26.766477,Source c2.avi,318,2,,89,0,169,224,0.859
2025-11-18T23:37:26.789474,Source c3.avi,299,1,,-131,0,-68,195,0.829
2025-11-18T23:37:26.789474,Source c3.avi,300,2,,216,0,304,250,0.829
2025-11-18T23:37:26.920018,Source c0.avi,299,1,,275,21,362,252,0.903
2025-11-18T23:37:26.920018,Source c0.avi,300,2,,188,0,247,136,0.903
2025-11-18T23:37:26.955015,Source c1.avi,400,1,,242,7,288,133,0.845
2025-11-18T23:37:26.955015,Source c1.avi,401,2,,113,16,158,157,0.845
2025-11-18T23:37:26.974018,Source c2.avi,319,1,,93,2,141,134,0.890
2025-11-18T23:37:26.974018,Source c2.avi,320,2,,93,0,174,223,0.890
2025-11-18T23:37:26.993021,Source c3.avi,301,1,,-134,1,-70,195,0.837
2025-11-18T23:37:26.993021,Source c3.avi,302,2,,220,0,305,244,0.837
2025-11-18T23:37:27.146569,Source c0.avi,301,1,1,276,21,361,253,0.897
2025-11-18T23:37:27.184569,Source c0.avi,302,2,1,186,0,244,133,0.897
2025-11-18T23:37:27.245088,Source c1.avi,402,1,1,241,7,288,134,0.848
2025-11-18T23:37:27.277086,Source c1.avi,403,2,3,111,16,156,158,0.848
2025-11-18T23:37:27.330605,Source c2.avi,321,1,1,92,2,140,134,0.864
2025-11-18T23:37:27.370605,Source c2.avi,322,2,1,96,0,178,225,0.864
2025-11-18T23:37:27.388605,Source c3.avi,303,1,,-136,1,-72,196,0.881
2025-11-18T23:37:27.419125,Source c3.avi,304,2,4,223,0,306,239,0.881
2025-11-18T23:37:27.541160,Source c0.avi,303,1,,276,21,361,253,0.872
2025-11-18T23:37:27.541160,Source c0.avi,304,2,,183,0,238,132,0.872
2025-11-18T23:37:27.571162,Source c1.avi,404,1,,240,7,287,133,0.839
2025-11-18T23:37:27.571162,Source c1.avi,405,2,,109,16,153,158,0.839
2025-11-18T23:37:27.591164,Source c2.avi,323,1,,91,2,139,134,0.870
2025-11-18T23:37:27.591164,Source c2.avi,324,2,,99,0,182,228,0.870
2025-11-18T23:37:27.608688,Source c3.avi,305,1,,-139,1,-75,196,0.883
2025-11-18T23:37:27.608688,Source c3.avi,306,2,,224,0,305,235,0.883
2025-11-18T23:37:27.732717,Source c0.avi,305,1,,276,21,360,253,0.875
2025-11-18T23:37:27.732717,Source c0.avi,306,2,,179,0,234,131,0.875
2025-11-18T23:37:27.765715,Source c1.avi,406,1,,239,7,287,132,0.853
2025-11-18T23:37:27.765715,Source c1.avi,407,2,,108,16,153,159,0.853
2025-11-18T23:37:27.791721,Source c2.avi,325,1,,79,2,129,152,0.801
2025-11-18T23:37:27.791721,Source c2.avi,326,2,,104,0,188,232,0.801
2025-11-18T23:37:27.809230,Source c3.avi,307,1,,-141,1,-77,196,0.873
2025-11-18T23:37:27.809230,Source c3.avi,308,2,,225,0,306,231,0.873
2025-11-18T23:37:27.934260,Source c0.avi,307,1,,277,21,360,253,0.790
2025-11-18T23:37:27.934260,Source c0.avi,308,2,,176,0,230,131,0.790
2025-11-18T23:37:27.966260,Source c1.avi,408,1,,238,7,286,132,0.856
2025-11-18T23:37:27.966260,Source c1.avi,409,2,,105,17,151,161,0.856
2025-11-18T23:37:27.994266,Source c2.avi,327,1,,81,2,127,152,0.788
2025-11-18T23:37:27.994266,Source c2.avi,328,2,,108,0,192,233,0.788
2025-11-18T23:37:28.010779,Source c3.avi,309,1,,-144,1,-80,196,0.862
2025-11-18T23:37:28.010779,Source c3.avi,310,2,,227,0,306,229,0.862
2025-11-18T23:37:28.135801,Source c0.avi,309,1,,278,20,359,253,0.886
2025-11-18T23:37:28.135801,Source c0.avi,310,2,,173,0,226,131,0.886
2025-11-18T23:37:28.177804,Source c1.avi,410,1,,238,6,286,131,0.859
2025-11-18T23:37:28.177804,Source c1.avi,411,2,,104,17,150,163,0.859
2025-11-18T23:37:28.202810,Source c2.avi,329,1,,82,2,126,153,0.822
2025-11-18T23:37:28.203810,Source c2.avi,330,2,,112,0,197,236,0.822
2025-11-18T23:37:28.225323,Source c3.avi,311,1,,-147,1,-82,197,0.851
2025-11-18T23:37:28.225323,Source c3.avi,312,2,,229,0,308,227,0.851
2025-11-18T23:37:28.345158,Source c0.avi,311,1,,278,20,359,253,0.882
2025-11-18T23:37:28.345158,Source c0.avi,312,2,,171,0,223,131,0.882
2025-11-18T23:37:28.374160,Source c1.avi,412,1,,237,5,286,130,0.820
2025-11-18T23:37:28.374160,Source c1.avi,413,2,,102,18,149,164,0.820
2025-11-18T23:37:28.400165,Source c2.avi,331,1,,83,2,126,154,0.836
2025-11-18T23:37:28.400165,Source c2.avi,332,2,,115,0,199,233,0.836
2025-11-18T23:37:28.421670,Source c3.avi,313,1,,-149,1,-85,197,0.853
2025-11-18T23:37:28.421670,Source c3.avi,314,2,,228,0,307,226,0.853
2025-11-18T23:37:28.542669,Source c0.avi,313,1,,283,45,355,252,0.831
2025-11-18T23:37:28.542669,Source c0.avi,314,2,,170,0,221,131,0.831
2025-11-18T23:37:28.576667,Source c1.avi,414,1,,236,5,286,130,0.841
2025-11-18T23:37:28.576667,Source c1.avi,415,2,,100,19,148,165,0.841
2025-11-18T23:37:28.605674,Source c2.avi,333,1,,82,1,125,154,0.832
2025-11-18T23:37:28.606177,Source c2.avi,334,2,,121,0,204,233,0.832
2025-11-18T23:37:28.624183,Source c3.avi,315,1,,-152,1,-87,197,0.876
2025-11-18T23:37:28.624183,Source c3.avi,316,2,,232,0,310,226,0.876
2025-11-18T23:37:28.751143,Source c0.avi,315,1,,281,26,358,249,0.845
2025-11-18T23:37:28.751143,Source c0.avi,316,2,,168,0,219,131,0.845
2025-11-18T23:37:28.781144,Source c1.avi,416,1,,234,5,283,129,0.822
2025-11-18T23:37:28.781144,Source c1.avi,417,2,,100,19,148,165,0.822
2025-11-18T23:37:28.807663,Source c2.avi,335,1,,82,0,124,154,0.819
2025-11-18T23:37:28.807663,Source c2.avi,336,2,,126,1,209,234,0.819
2025-11-18T23:37:28.831663,Source c3.avi,317,1,,-154,1,-90,197,0.870
2025-11-18T23:37:28.831663,Source c3.avi,318,2,,233,0,310,225,0.870
2025-11-18T23:37:28.985690,Source c0.avi,317,1,,280,20,358,249,0.854
2025-11-18T23:37:28.985690,Source c0.avi,318,2,,166,0,216,131,0.854
2025-11-18T23:37:29.017212,Source c1.avi,418,1,,233,5,282,129,0.860
2025-11-18T23:37:29.017212,Source c1.avi,419,2,,100,21,148,165,0.860
2025-11-18T23:37:29.045211,Source c2.avi,337,1,,81,0,123,154,0.876
2025-11-18T23:37:29.045211,Source c2.avi,338,2,,130,1,215,235,0.876
2025-11-18T23:37:29.064213,Source c3.avi,319,1,,-157,1,-92,198,0.881
2025-11-18T23:37:29.064213,Source c3.avi,320,2,,234,0,311,226,0.881
2025-11-18T23:37:29.178259,Source c0.avi,319,1,,280,17,358,247,0.880
2025-11-18T23:37:29.178259,Source c0.avi,320,2,,164,0,214,131,0.880
2025-11-18T23:37:29.207775,Source c1.avi,420,1,,231,5,279,128,0.775
2025-11-18T23:37:29.207775,Source c1.avi,421,2,,100,21,148,165,0.775
2025-11-18T23:37:29.237781,Source c2.avi,339,1,,79,0,120,154,0.807
2025-11-18T23:37:29.237781,Source c2.avi,340,2,,133,0,221,240,0.807
2025-11-18T23:37:29.258780,Source c3.avi,321,1,,-159,1,-94,198,0.867
2025-11-18T23:37:29.258780,Source c3.avi,322,2,,234,0,311,225,0.867
2025-11-18T23:37:29.443823,Source c0.avi,321,1,1,281,15,356,244,0.883
2025-11-18T23:37:29.488823,Source c0.avi,322,2,1,161,0,212,131,0.883
2025-11-18T23:37:29.559342,Source c1.avi,422,1,1,230,4,277,128,0.823
2025-11-18T23:37:29.598352,Source c1.avi,423,2,3,99,23,149,172,0.823
2025-11-18T23:37:29.675867,Source c2.avi,341,1,1,78,0,118,153,0.783
2025-11-18T23:37:29.717380,Source c2.avi,342,2,1,133,1,222,242,0.783
2025-11-18T23:37:29.777379,Source c3.avi,323,2,4,235,0,311,225,0.887
2025-11-18T23:37:29.901417,Source c0.avi,323,1,,281,14,354,239,0.877
2025-11-18T23:37:29.902419,Source c0.avi,324,2,,159,0,210,131,0.877
2025-11-18T23:37:29.926933,Source c1.avi,424,1,,229,4,276,127,0.813
2025-11-18T23:37:29.926933,Source c1.avi,425,2,,96,24,147,177,0.813
2025-11-18T23:37:29.958933,Source c2.avi,343,1,,78,0,117,154,0.769
2025-11-18T23:37:29.958933,Source c2.avi,344,2,,135,0,227,244,0.769
2025-11-18T23:37:29.981933,Source c3.avi,324,2,,236,0,311,224,0.854
2025-11-18T23:37:30.096536,Source c0.avi,325,1,,282,13,354,232,0.886
2025-11-18T23:37:30.097537,Source c0.avi,326,2,,157,0,208,130,0.886
2025-11-18T23:37:30.130047,Source c1.avi,426,1,,229,4,275,128,0.773
2025-11-18T23:37:30.130047,Source c1.avi,427,2,,93,24,147,181,0.773
2025-11-18T23:37:30.158049,Source c2.avi,345,1,,77,0,116,153,0.760
2025-11-18T23:37:30.158049,Source c2.avi,346,2,,137,1,230,245,0.760
2025-11-18T23:37:30.178051,Source c3.avi,325,2,,236,1,311,223,0.857
2025-11-18T23:37:30.290527,Source c0.avi,327,1,,283,12,352,225,0.878
2025-11-18T23:37:30.290527,Source c0.avi,328,2,,157,0,209,130,0.878
2025-11-18T23:37:30.325046,Source c1.avi,428,1,,230,4,273,128,0.775
2025-11-18T23:37:30.325046,Source c1.avi,429,2,,91,24,145,183,0.775
2025-11-18T23:37:30.357048,Source c2.avi,347,1,,76,0,114,154,0.823
2025-11-18T23:37:30.357048,Source c2.avi,348,2,,138,0,233,245,0.823
2025-11-18T23:37:30.377045,Source c3.avi,326,2,,235,1,310,222,0.888
2025-11-18T23:37:30.488895,Source c0.avi,329,1,,283,12,351,221,0.850
2025-11-18T23:37:30.488895,Source c0.avi,330,2,,155,0,207,129,0.850
2025-11-18T23:37:30.518409,Source c1.avi,430,1,,228,4,272,128,0.864
2025-11-18T23:37:30.519408,Source c1.avi,431,2,,89,24,143,183,0.864
2025-11-18T23:37:30.545408,Source c2.avi,349,1,,75,0,113,154,0.830
2025-11-18T23:37:30.545408,Source c2.avi,350,2,,139,0,236,246,0.830
2025-11-18T23:37:30.564408,Source c3.avi,327,2,,236,2,310,221,0.788
2025-11-18T23:37:30.678928,Source c0.avi,331,1,,284,11,350,217,0.897
2025-11-18T23:37:30.678928,Source c0.avi,332,2,,153,0,206,129,0.897
2025-11-18T23:37:30.699931,Source c1.avi,432,1,,227,4,271,127,0.872
2025-11-18T23:37:30.699931,Source c1.avi,433,2,,86,23,141,184,0.872
2025-11-18T23:37:30.730449,Source c2.avi,351,1,,72,0,110,153,0.811
2025-11-18T23:37:30.730449,Source c2.avi,352,2,,141,1,238,246,0.811
2025-11-18T23:37:30.751449,Source c3.avi,328,2,,236,1,310,219,0.813
2025-11-18T23:37:30.873480,Source c0.avi,333,1,,285,11,350,214,0.902
2025-11-18T23:37:30.873480,Source c0.avi,334,2,,151,0,205,129,0.902
2025-11-18T23:37:30.907998,Source c1.avi,434,1,,221,4,264,128,0.799
2025-11-18T23:37:30.907998,Source c1.avi,435,2,,84,22,138,184,0.799
2025-11-18T23:37:30.950998,Source c2.avi,353,1,,71,0,109,155,0.755
2025-11-18T23:37:30.952000,Source c2.avi,354,2,,143,1,240,246,0.755
2025-11-18T23:37:30.974001,Source c3.avi,329,2,,237,1,311,218,0.824
2025-11-18T23:37:30.974001,Source c3.avi,330,3,,4,31,34,286,0.824
2025-11-18T23:37:31.089600,Source c0.avi,335,1,,284,11,349,211,0.888
2025-11-18T23:37:31.089600,Source c0.avi,336,2,,150,0,204,128,0.888
2025-11-18T23:37:31.123123,Source c1.avi,436,1,,219,4,262,128,0.862
2025-11-18T23:37:31.123123,Source c1.avi,437,2,,82,22,136,183,0.862
2025-11-18T23:37:31.155122,Source c2.avi,355,1,,68,0,108,156,0.799
2025-11-18T23:37:31.155122,Source c2.avi,356,2,,146,2,242,245,0.799
2025-11-18T23:37:31.177127,Source c3.avi,331,2,,240,0,309,206,0.777
2025-11-18T23:37:31.177127,Source c3.avi,332,3,,5,30,34,286,0.777
2025-11-18T23:37:31.304060,Source c0.avi,337,1,,284,10,348,210,0.858
2025-11-18T23:37:31.304060,Source c0.avi,338,2,,148,0,202,128,0.858
2025-11-18T23:37:31.336575,Source c1.avi,438,1,,214,4,258,128,0.774
2025-11-18T23:37:31.337575,Source c1.avi,439,2,,80,23,134,183,0.774
2025-11-18T23:37:31.365578,Source c2.avi,357,1,,65,0,106,156,0.850
2025-11-18T23:37:31.365578,Source c2.avi,358,2,,150,1,244,245,0.850
2025-11-18T23:37:31.387576,Source c3.avi,333,2,,242,0,311,202,0.834
2025-11-18T23:37:31.387576,Source c3.avi,334,3,,6,29,36,286,0.834
2025-11-18T23:37:31.508791,Source c0.avi,339,1,,283,10,348,209,0.789
2025-11-18T23:37:31.508791,Source c0.avi,340,2,,147,0,200,126,0.789
2025-11-18T23:37:31.538792,Source c1.avi,440,1,,212,4,256,128,0.843
2025-11-18T23:37:31.538792,Source c1.avi,441,2,,78,23,132,183,0.843
2025-11-18T23:37:31.569792,Source c2.avi,359,1,,62,0,104,156,0.858
2025-11-18T23:37:31.569792,Source c2.avi,360,2,,155,1,247,246,0.858
2025-11-18T23:37:31.590793,Source c3.avi,335,2,,244,0,311,198,0.798
2025-11-18T23:37:31.590793,Source c3.avi,336,3,,6,28,37,287,0.798
2025-11-18T23:37:31.750209,Source c0.avi,341,1,1,284,10,348,210,0.793
2025-11-18T23:37:31.785208,Source c0.avi,342,2,1,145,0,196,122,0.793
2025-11-18T23:37:31.861726,Source c1.avi,442,1,1,209,4,254,128,0.846
2025-11-18T23:37:31.896731,Source c1.avi,443,2,3,77,22,131,183,0.846
2025-11-18T23:37:31.956776,Source c2.avi,361,1,1,60,0,103,157,0.864
2025-11-18T23:37:31.990773,Source c2.avi,362,2,1,162,0,252,245,0.864
2025-11-18T23:37:32.045834,Source c3.avi,337,2,4,245,0,311,195,0.873
2025-11-18T23:37:32.077834,Source c3.avi,338,3,5,7,28,37,287,0.873
2025-11-18T23:37:32.202585,Source c0.avi,343,1,,284,10,348,209,0.783
2025-11-18T23:37:32.202585,Source c0.avi,344,2,,144,0,193,120,0.783
2025-11-18T23:37:32.236105,Source c1.avi,444,1,,208,4,253,128,0.755
2025-11-18T23:37:32.236105,Source c1.avi,445,2,,75,23,130,184,0.755
2025-11-18T23:37:32.266104,Source c2.avi,363,1,,59,0,103,157,0.855
2025-11-18T23:37:32.266104,Source c2.avi,364,2,,174,1,260,245,0.855
2025-11-18T23:37:32.286105,Source c3.avi,339,2,,246,0,311,193,0.752
2025-11-18T23:37:32.287105,Source c3.avi,340,3,,7,27,38,287,0.752
2025-11-18T23:37:32.409222,Source c0.avi,345,1,,283,10,347,210,0.753
2025-11-18T23:37:32.409222,Source c0.avi,346,2,,144,0,192,120,0.753
2025-11-18T23:37:32.444219,Source c1.avi,446,1,,206,4,252,128,0.796
2025-11-18T23:37:32.444219,Source c1.avi,447,2,,74,23,130,188,0.796
2025-11-18T23:37:32.474219,Source c2.avi,365,1,,57,0,102,158,0.871
2025-11-18T23:37:32.474219,Source c2.avi,366,2,,182,1,265,245,0.871
2025-11-18T23:37:32.496229,Source c3.avi,341,2,,246,0,312,193,0.824
2025-11-18T23:37:32.496229,Source c3.avi,342,3,,8,26,38,287,0.824
2025-11-18T23:37:32.621368,Source c0.avi,347,1,,283,9,347,210,0.897
2025-11-18T23:37:32.622368,Source c0.avi,348,2,,142,0,190,119,0.897
2025-11-18T23:37:32.657365,Source c1.avi,448,1,,205,5,251,128,0.792
2025-11-18T23:37:32.657365,Source c1.avi,449,2,,73,23,130,193,0.792
2025-11-18T23:37:32.685363,Source c2.avi,367,1,,56,0,102,159,0.860
2025-11-18T23:37:32.685363,Source c2.avi,368,2,,188,1,269,246,0.860
2025-11-18T23:37:32.704371,Source c3.avi,343,2,,246,0,311,192,0.833
2025-11-18T23:37:32.705372,Source c3.avi,344,3,,8,26,39,287,0.833
2025-11-18T23:37:32.705372,Source c3.avi,345,4,,6,0,78,288,0.833
2025-11-18T23:37:32.828544,Source c0.avi,349,1,,283,9,347,209,0.890
2025-11-18T23:37:32.828544,Source c0.avi,350,2,,140,0,188,118,0.890
2025-11-18T23:37:32.862544,Source c1.avi,450,1,,204,5,251,129,0.858
2025-11-18T23:37:32.862544,Source c1.avi,451,2,,72,24,129,197,0.858
2025-11-18T23:37:32.893547,Source c2.avi,369,1,,56,0,102,161,0.850
2025-11-18T23:37:32.893547,Source c2.avi,370,2,,193,1,273,246,0.850
2025-11-18T23:37:32.912057,Source c3.avi,346,2,,247,0,311,192,0.829
2025-11-18T23:37:32.912057,Source c3.avi,347,3,,9,25,39,287,0.829
2025-11-18T23:37:32.912057,Source c3.avi,348,4,,8,0,80,288,0.829
2025-11-18T23:37:33.031655,Source c0.avi,351,1,,284,9,348,209,0.867
2025-11-18T23:37:33.031655,Source c0.avi,352,2,,132,0,179,121,0.867
2025-11-18T23:37:33.063653,Source c1.avi,452,1,,204,5,251,128,0.878
2025-11-18T23:37:33.063653,Source c1.avi,453,2,,72,25,129,196,0.878
2025-11-18T23:37:33.091654,Source c2.avi,371,1,,56,0,103,162,0.859
2025-11-18T23:37:33.092654,Source c2.avi,372,2,,201,1,281,246,0.859
2025-11-18T23:37:33.113689,Source c3.avi,349,2,,247,0,312,193,0.851
2025-11-18T23:37:33.113689,Source c3.avi,350,3,,9,24,40,287,0.851
2025-11-18T23:37:33.113689,Source c3.avi,351,4,,9,0,82,288,0.851
2025-11-18T23:37:33.233699,Source c0.avi,353,1,,283,9,347,210,0.823
2025-11-18T23:37:33.233699,Source c0.avi,354,2,,128,0,175,121,0.823
2025-11-18T23:37:33.265700,Source c1.avi,454,1,,204,5,252,128,0.867
2025-11-18T23:37:33.265700,Source c1.avi,455,2,,72,26,128,195,0.867
2025-11-18T23:37:33.292697,Source c2.avi,373,1,,56,0,103,164,0.851
2025-11-18T23:37:33.292697,Source c2.avi,374,2,,204,1,285,247,0.851
2025-11-18T23:37:33.311735,Source c3.avi,352,2,,247,0,311,192,0.807
2025-11-18T23:37:33.311735,Source c3.avi,353,3,,9,24,40,287,0.807
2025-11-18T23:37:33.311735,Source c3.avi,354,4,,8,0,81,287,0.807
2025-11-18T23:37:33.438757,Source c0.avi,355,1,,283,10,346,210,0.786
2025-11-18T23:37:33.438757,Source c0.avi,356,2,,127,0,172,121,0.786
2025-11-18T23:37:33.466756,Source c1.avi,456,1,,202,4,251,128,0.854
2025-11-18T23:37:33.466756,Source c1.avi,457,2,,70,27,127,196,0.854
2025-11-18T23:37:33.497758,Source c2.avi,375,1,,55,0,102,166,0.865
2025-11-18T23:37:33.497758,Source c2.avi,376,2,,209,0,293,247,0.865
2025-11-18T23:37:33.517275,Source c3.avi,355,2,,246,0,310,193,0.812
2025-11-18T23:37:33.517275,Source c3.avi,356,3,,10,23,41,287,0.812
2025-11-18T23:37:33.517275,Source c3.avi,357,4,,5,0,78,287,0.812
2025-11-18T23:37:33.640300,Source c0.avi,357,1,,283,10,346,210,0.840
2025-11-18T23:37:33.641298,Source c0.avi,358,2,,125,0,170,120,0.840
2025-11-18T23:37:33.688299,Source c1.avi,458,1,,201,4,250,128,0.810
2025-11-18T23:37:33.688299,Source c1.avi,459,2,,70,28,128,203,0.810
2025-11-18T23:37:33.715820,Source c2.avi,377,1,,53,0,102,167,0.873
2025-11-18T23:37:33.715820,Source c2.avi,378,2,,213,1,299,246,0.873
2025-11-18T23:37:33.737819,Source c3.avi,358,2,,245,0,309,193,0.815
2025-11-18T23:37:33.737819,Source c3.avi,359,3,,10,22,41,287,0.815
2025-11-18T23:37:33.737819,Source c3.avi,360,4,,6,0,79,287,0.815
2025-11-18T23:37:33.863742,Source c0.avi,359,1,,283,9,345,210,0.859
2025-11-18T23:37:33.863742,Source c0.avi,360,2,,123,0,168,119,0.859
2025-11-18T23:37:33.894746,Source c1.avi,460,1,,200,4,249,128,0.757
2025-11-18T23:37:33.894746,Source c1.avi,461,2,,62,30,122,201,0.757
2025-11-18T23:37:33.923264,Source c2.avi,379,1,,52,0,101,167,0.893
2025-11-18T23:37:33.923264,Source c2.avi,380,2,,214,2,302,246,0.893
2025-11-18T23:37:33.942261,Source c3.avi,361,2,,245,2,308,192,0.815
2025-11-18T23:37:33.942261,Source c3.avi,362,3,,11,22,42,287,0.815
2025-11-18T23:37:33.942261,Source c3.avi,363,4,,7,0,80,287,0.815
2025-11-18T23:37:34.106871,Source c0.avi,361,1,1,282,8,345,209,0.867
2025-11-18T23:37:34.138379,Source c0.avi,362,2,1,118,0,164,119,0.867
2025-11-18T23:37:34.197388,Source c1.avi,462,1,1,200,3,249,125,0.799
2025-11-18T23:37:34.224899,Source c1.avi,463,2,3,65,30,126,208,0.799
2025-11-18T23:37:34.282899,Source c2.avi,381,1,1,51,0,100,168,0.909
2025-11-18T23:37:34.314417,Source c2.avi,382,2,1,213,2,304,246,0.909
2025-11-18T23:37:34.362418,Source c3.avi,364,2,4,245,1,307,191,0.842
2025-11-18T23:37:34.394419,Source c3.avi,365,3,5,11,21,43,287,0.842
2025-11-18T23:37:34.424935,Source c3.avi,366,4,6,5,0,79,287,0.842
2025-11-18T23:37:34.547042,Source c0.avi,363,1,,283,7,345,208,0.856
2025-11-18T23:37:34.547042,Source c0.avi,364,2,,116,0,164,119,0.856
2025-11-18T23:37:34.579038,Source c1.avi,464,1,,199,3,247,126,0.788
2025-11-18T23:37:34.580039,Source c1.avi,465,2,,57,31,120,208,0.788
2025-11-18T23:37:34.604041,Source c2.avi,383,1,,50,0,99,169,0.895
2025-11-18T23:37:34.604041,Source c2.avi,384,2,,211,1,304,246,0.895
2025-11-18T23:37:34.623177,Source c3.avi,367,2,,244,1,307,190,0.842
2025-11-18T23:37:34.623177,Source c3.avi,368,3,,12,20,43,287,0.842
2025-11-18T23:37:34.623177,Source c3.avi,369,4,,6,0,81,287,0.842
2025-11-18T23:37:34.748205,Source c0.avi,365,1,,284,5,344,205,0.829
2025-11-18T23:37:34.748205,Source c0.avi,366,2,,116,0,165,119,0.829
2025-11-18T23:37:34.780208,Source c1.avi,466,1,,198,2,246,125,0.819
2025-11-18T23:37:34.780208,Source c1.avi,467,2,,53,32,118,207,0.819
2025-11-18T23:37:34.806213,Source c2.avi,385,1,,48,0,97,169,0.862
2025-11-18T23:37:34.806213,Source c2.avi,386,2,,208,1,302,245,0.862
2025-11-18T23:37:34.829729,Source c3.avi,370,2,,243,3,305,190,0.836
2025-11-18T23:37:34.829729,Source c3.avi,371,3,,12,20,44,287,0.836
2025-11-18T23:37:34.829729,Source c3.avi,372,4,,7,0,82,287,0.836
2025-11-18T23:37:34.957472,Source c0.avi,367,1,,284,5,343,203,0.864
2025-11-18T23:37:34.957472,Source c0.avi,368,2,,117,0,166,119,0.864
2025-11-18T23:37:34.988469,Source c1.avi,468,1,,197,2,245,125,0.843
2025-11-18T23:37:34.988469,Source c1.avi,469,2,,51,31,117,209,0.843
2025-11-18T23:37:35.013988,Source c2.avi,387,1,,46,0,95,169,0.888
2025-11-18T23:37:35.013988,Source c2.avi,388,2,,208,2,303,246,0.888
2025-11-18T23:37:35.030984,Source c3.avi,373,2,,244,2,305,190,0.842
2025-11-18T23:37:35.030984,Source c3.avi,374,3,,13,19,44,287,0.842
2025-11-18T23:37:35.030984,Source c3.avi,375,4,,10,0,85,287,0.842
2025-11-18T23:37:35.150702,Source c0.avi,369,1,,283,4,342,199,0.868
2025-11-18T23:37:35.150702,Source c0.avi,370,2,,116,0,166,119,0.868
2025-11-18T23:37:35.173701,Source c1.avi,470,1,,196,2,244,125,0.855
2025-11-18T23:37:35.173701,Source c1.avi,471,2,,51,31,117,206,0.855
2025-11-18T23:37:35.204709,Source c2.avi,389,1,,45,0,94,169,0.890
2025-11-18T23:37:35.204709,Source c2.avi,390,2,,211,1,306,246,0.890
2025-11-18T23:37:35.224226,Source c3.avi,376,2,,244,2,304,185,0.831
2025-11-18T23:37:35.224226,Source c3.avi,377,3,,13,18,45,287,0.831
2025-11-18T23:37:35.224226,Source c3.avi,378,4,,15,0,90,287,0.831
2025-11-18T23:37:35.350256,Source c0.avi,371,1,,283,3,341,196,0.863
2025-11-18T23:37:35.350256,Source c0.avi,372,2,,116,0,167,120,0.863
2025-11-18T23:37:35.372253,Source c1.avi,472,1,,195,2,243,124,0.816
2025-11-18T23:37:35.372253,Source c1.avi,473,2,,56,30,122,206,0.816
2025-11-18T23:37:35.400258,Source c2.avi,391,1,,44,0,94,170,0.868
2025-11-18T23:37:35.400258,Source c2.avi,392,2,,212,1,308,245,0.868
2025-11-18T23:37:35.426769,Source c3.avi,379,2,,243,1,303,183,0.816
2025-11-18T23:37:35.426769,Source c3.avi,380,3,,14,18,45,287,0.816
2025-11-18T23:37:35.426769,Source c3.avi,381,4,,18,0,95,287,0.816
2025-11-18T23:37:35.547541,Source c0.avi,373,1,,284,3,340,191,0.803
2025-11-18T23:37:35.547541,Source c0.avi,374,2,,118,0,171,120,0.803
2025-11-18T23:37:35.583543,Source c1.avi,474,1,,191,2,236,123,0.795
2025-11-18T23:37:35.583543,Source c1.avi,475,2,,52,30,118,205,0.795
2025-11-18T23:37:35.609050,Source c2.avi,393,1,,42,0,92,170,0.879
2025-11-18T23:37:35.609050,Source c2.avi,394,2,,215,1,310,245,0.879
2025-11-18T23:37:35.628057,Source c3.avi,382,2,,244,0,303,182,0.788
2025-11-18T23:37:35.628057,Source c3.avi,383,3,,14,17,46,287,0.788
2025-11-18T23:37:35.628057,Source c3.avi,384,4,,22,0,100,287,0.788
2025-11-18T23:37:35.764086,Source c0.avi,375,1,,284,2,339,186,0.804
2025-11-18T23:37:35.765086,Source c0.avi,376,2,,116,0,170,120,0.804
2025-11-18T23:37:35.796093,Source c1.avi,476,1,,191,2,234,123,0.791
2025-11-18T23:37:35.796093,Source c1.avi,477,2,,51,30,118,207,0.791
2025-11-18T23:37:35.821609,Source c2.avi,395,1,,41,0,91,171,0.882
2025-11-18T23:37:35.821609,Source c2.avi,396,2,,217,1,313,246,0.882
2025-11-18T23:37:35.841607,Source c3.avi,385,2,,245,0,304,180,0.818
2025-11-18T23:37:35.841607,Source c3.avi,386,3,,15,16,46,287,0.818
2025-11-18T23:37:35.841607,Source c3.avi,387,4,,27,0,105,287,0.818
2025-11-18T23:37:35.960638,Source c0.avi,377,1,,284,2,338,180,0.893
2025-11-18T23:37:35.960638,Source c0.avi,378,2,,115,0,169,120,0.893
2025-11-18T23:37:35.991638,Source c1.avi,478,1,,190,2,232,125,0.782
2025-11-18T23:37:35.991638,Source c1.avi,479,2,,51,31,118,207,0.782
2025-11-18T23:37:36.015154,Source c2.avi,397,1,,40,0,90,170,0.827
2025-11-18T23:37:36.015154,Source c2.avi,398,2,,227,1,322,243,0.827
2025-11-18T23:37:36.035151,Source c3.avi,388,2,,245,0,303,176,0.756
2025-11-18T23:37:36.035151,Source c3.avi,389,3,,15,16,47,287,0.756
2025-11-18T23:37:36.035151,Source c3.avi,390,4,,30,0,110,287,0.756
2025-11-18T23:37:36.153581,Source c0.avi,379,1,,283,1,337,178,0.791
2025-11-18T23:37:36.153581,Source c0.avi,380,2,,107,0,160,119,0.791
2025-11-18T23:37:36.188579,Source c1.avi,480,1,,188,2,229,126,0.803
2025-11-18T23:37:36.188579,Source c1.avi,481,2,,51,32,118,208,0.803
2025-11-18T23:37:36.225102,Source c2.avi,399,1,,39,0,89,171,0.783
2025-11-18T23:37:36.225102,Source c2.avi,400,2,,235,0,328,242,0.783
2025-11-18T23:37:36.245101,Source c3.avi,391,2,,246,0,302,171,0.801
2025-11-18T23:37:36.245101,Source c3.avi,392,3,,16,15,47,287,0.801
2025-11-18T23:37:36.245101,Source c3.avi,393,4,,36,0,116,287,0.801
2025-11-18T23:37:36.406793,Source c0.avi,381,1,1,282,1,336,178,0.897
2025-11-18T23:37:36.446307,Source c0.avi,382,2,1,106,0,159,119,0.897
2025-11-18T23:37:36.516827,Source c1.avi,482,1,1,186,2,228,127,0.876
2025-11-18T23:37:36.555824,Source c1.avi,483,2,3,50,32,119,214,0.876
2025-11-18T23:37:36.626337,Source c2.avi,401,1,1,38,0,88,171,0.864
2025-11-18T23:37:36.659339,Source c2.avi,402,2,1,243,0,335,242,0.864
2025-11-18T23:37:36.719854,Source c3.avi,394,2,4,246,0,300,166,0.764
2025-11-18T23:37:36.753855,Source c3.avi,395,3,5,16,14,48,287,0.764
2025-11-18T23:37:36.787853,Source c3.avi,396,4,6,41,0,122,287,0.764
2025-11-18T23:37:36.895480,Source c0.avi,383,1,,280,1,335,176,0.781
2025-11-18T23:37:36.895480,Source c0.avi,384,2,,103,0,155,119,0.781
2025-11-18T23:37:36.921993,Source c1.avi,484,1,,185,2,226,127,0.864
2025-11-18T23:37:36.921993,Source c1.avi,485,2,,49,32,118,214,0.864
2025-11-18T23:37:36.948995,Source c2.avi,403,1,,37,0,87,173,0.827
2025-11-18T23:37:36.948995,Source c2.avi,404,2,,252,0,342,239,0.827
2025-11-18T23:37:36.969996,Source c3.avi,397,2,,245,0,299,165,0.833
2025-11-18T23:37:36.969996,Source c3.avi,398,3,,16,14,49,287,0.833
2025-11-18T23:37:36.969996,Source c3.avi,399,4,,45,0,128,287,0.833
2025-11-18T23:37:37.076021,Source c0.avi,385,1,,279,0,334,176,0.856
2025-11-18T23:37:37.076021,Source c0.avi,386,2,,101,0,153,118,0.856
2025-11-18T23:37:37.096025,Source c1.avi,486,1,,183,1,224,127,0.820
2025-11-18T23:37:37.096025,Source c1.avi,487,2,,49,33,118,213,0.820
2025-11-18T23:37:37.124540,Source c2.avi,405,1,,36,0,86,175,0.852
2025-11-18T23:37:37.124540,Source c2.avi,406,2,,264,0,352,241,0.852
2025-11-18T23:37:37.147539,Source c3.avi,400,2,,245,0,299,163,0.789
2025-11-18T23:37:37.147539,Source c3.avi,401,3,,17,13,49,287,0.789
2025-11-18T23:37:37.147539,Source c3.avi,402,4,,50,0,134,287,0.789
2025-11-18T23:37:37.266557,Source c0.avi,387,1,,279,0,336,175,0.816
2025-11-18T23:37:37.266557,Source c0.avi,388,2,,95,0,147,119,0.816
2025-11-18T23:37:37.290557,Source c1.avi,488,1,,181,1,223,127,0.875
2025-11-18T23:37:37.290557,Source c1.avi,489,2,,48,34,117,212,0.875
2025-11-18T23:37:37.322080,Source c2.avi,407,1,,36,0,86,176,0.872
2025-11-18T23:37:37.322080,Source c2.avi,408,2,,269,0,359,253,0.872
2025-11-18T23:37:37.345084,Source c3.avi,403,2,,243,0,296,162,0.794
2025-11-18T23:37:37.345084,Source c3.avi,404,3,,17,12,50,287,0.794
2025-11-18T23:37:37.345084,Source c3.avi,405,4,,55,0,141,287,0.794
2025-11-18T23:37:37.459741,Source c0.avi,389,1,,275,0,333,175,0.833
2025-11-18T23:37:37.459741,Source c0.avi,390,2,,90,0,139,119,0.833
2025-11-18T23:37:37.481742,Source c1.avi,490,1,,180,1,221,127,0.797
2025-11-18T23:37:37.481742,Source c1.avi,491,2,,47,35,119,225,0.797
2025-11-18T23:37:37.511254,Source c2.avi,409,1,,36,0,86,176,0.862
2025-11-18T23:37:37.511254,Source c2.avi,410,2,,274,0,362,256,0.862
2025-11-18T23:37:37.529257,Source c3.avi,406,2,,242,0,296,162,0.795
2025-11-18T23:37:37.529257,Source c3.avi,407,3,,18,12,50,287,0.795
2025-11-18T23:37:37.529257,Source c3.avi,408,4,,64,0,154,287,0.795
2025-11-18T23:37:37.639293,Source c0.avi,391,1,,273,0,331,175,0.839
2025-11-18T23:37:37.639293,Source c0.avi,392,2,,86,0,135,119,0.839
2025-11-18T23:37:37.670292,Source c1.avi,492,1,,175,2,217,125,0.855
2025-11-18T23:37:37.670292,Source c1.avi,493,2,,48,35,119,227,0.855
2025-11-18T23:37:37.701300,Source c2.avi,411,1,,35,0,86,176,0.874
2025-11-18T23:37:37.701300,Source c2.avi,412,2,,276,0,362,256,0.874
2025-11-18T23:37:37.723813,Source c3.avi,409,2,,240,0,294,160,0.835
2025-11-18T23:37:37.723813,Source c3.avi,410,3,,18,11,51,287,0.835
2025-11-18T23:37:37.723813,Source c3.avi,411,4,,72,0,165,287,0.835
2025-11-18T23:37:37.830348,Source c0.avi,393,1,,270,0,330,177,0.826
2025-11-18T23:37:37.830348,Source c0.avi,394,2,,84,0,132,119,0.826
2025-11-18T23:37:37.862346,Source c1.avi,494,1,,173,2,216,127,0.861
2025-11-18T23:37:37.862346,Source c1.avi,495,2,,48,37,119,228,0.861
2025-11-18T23:37:37.893346,Source c2.avi,413,1,,35,0,85,176,0.844
2025-11-18T23:37:37.893346,Source c2.avi,414,2,,278,0,361,251,0.844
2025-11-18T23:37:37.912859,Source c3.avi,412,2,,240,0,293,160,0.853
2025-11-18T23:37:37.913857,Source c3.avi,413,3,,19,10,51,287,0.853
2025-11-18T23:37:37.913857,Source c3.avi,414,4,,77,0,173,287,0.853
2025-11-18T23:37:38.023392,Source c0.avi,395,1,,268,0,328,176,0.841
2025-11-18T23:37:38.023392,Source c0.avi,396,2,,84,0,130,119,0.841
2025-11-18T23:37:38.054391,Source c1.avi,496,1,,170,2,215,127,0.820
2025-11-18T23:37:38.054391,Source c1.avi,497,2,,47,38,119,231,0.820
2025-11-18T23:37:38.081391,Source c2.avi,415,1,,35,0,85,176,0.870
2025-11-18T23:37:38.081391,Source c2.avi,416,2,,280,2,361,248,0.870
2025-11-18T23:37:38.101396,Source c3.avi,415,2,,239,0,292,159,0.834
2025-11-18T23:37:38.101396,Source c3.avi,416,3,,19,10,52,287,0.834
2025-11-18T23:37:38.101396,Source c3.avi,417,4,,84,0,185,287,0.834
2025-11-18T23:37:38.205024,Source c0.avi,397,1,,266,0,327,175,0.854
2025-11-18T23:37:38.205024,Source c0.avi,398,2,,83,0,128,120,0.854
2025-11-18T23:37:38.236542,Source c1.avi,498,1,,170,3,215,128,0.865
2025-11-18T23:37:38.236542,Source c1.avi,499,2,,46,39,119,236,0.865
2025-11-18T23:37:38.269541,Source c2.avi,417,1,,35,0,86,178,0.889
2025-11-18T23:37:38.269541,Source c2.avi,418,2,,281,1,360,246,0.889
2025-11-18T23:37:38.290540,Source c3.avi,418,2,,239,0,291,159,0.856
2025-11-18T23:37:38.290540,Source c3.avi,419,3,,20,9,52,287,0.856
2025-11-18T23:37:38.290540,Source c3.avi,420,4,,88,0,193,287,0.856
2025-11-18T23:37:38.393560,Source c0.avi,399,1,,265,0,327,176,0.861
2025-11-18T23:37:38.393560,Source c0.avi,400,2,,82,0,128,120,0.861
2025-11-18T23:37:38.427079,Source c1.avi,500,1,,169,3,215,128,0.857
2025-11-18T23:37:38.427079,Source c1.avi,501,2,,45,40,121,246,0.857
2025-11-18T23:37:38.456075,Source c2.avi,419,1,,35,0,86,181,0.882
2025-11-18T23:37:38.456075,Source c2.avi,420,2,,282,1,359,241,0.882
2025-11-18T23:37:38.479076,Source c3.avi,421,2,,238,1,290,160,0.843
2025-11-18T23:37:38.479076,Source c3.avi,422,3,,20,8,53,287,0.843
2025-11-18T23:37:38.479076,Source c3.avi,423,4,,89,0,198,287,0.843
2025-11-18T23:37:38.618631,Source c0.avi,401,1,1,263,0,325,176,0.865
2025-11-18T23:37:38.658630,Source c0.avi,402,2,1,81,0,126,120,0.865
2025-11-18T23:37:38.727148,Source c1.avi,502,1,1,169,4,215,129,0.837
2025-11-18T23:37:38.762148,Source c1.avi,503,2,3,45,42,121,252,0.837
2025-11-18T23:37:38.829665,Source c2.avi,421,1,1,35,0,86,183,0.878
2025-11-18T23:37:38.860665,Source c2.avi,422,2,1,283,1,359,242,0.878
2025-11-18T23:37:38.914187,Source c3.avi,424,2,4,238,1,289,160,0.854
2025-11-18T23:37:38.954187,Source c3.avi,425,3,5,21,8,53,287,0.854
2025-11-18T23:37:38.995197,Source c3.avi,426,4,6,89,0,201,287,0.854
2025-11-18T23:37:39.107744,Source c0.avi,403,1,,262,1,324,175,0.880
2025-11-18T23:37:39.107744,Source c0.avi,404,2,,79,0,124,121,0.880
2025-11-18T23:37:39.141251,Source c1.avi,504,1,,168,4,215,130,0.812
2025-11-18T23:37:39.141251,Source c1.avi,505,2,,45,43,122,255,0.812
2025-11-18T23:37:39.171253,Source c2.avi,423,1,,35,0,87,186,0.868
2025-11-18T23:37:39.171253,Source c2.avi,424,2,,283,2,359,241,0.868
2025-11-18T23:37:39.189252,Source c3.avi,427,2,,237,1,289,159,0.851
2025-11-18T23:37:39.189252,Source c3.avi,428,3,,21,7,54,287,0.851
2025-11-18T23:37:39.189252,Source c3.avi,429,4,,89,0,203,287,0.851
2025-11-18T23:37:39.291286,Source c0.avi,405,1,,260,1,322,175,0.870
2025-11-18T23:37:39.291286,Source c0.avi,406,2,,76,0,122,121,0.870
2025-11-18T23:37:39.322804,Source c1.avi,506,1,,167,4,214,130,0.873
2025-11-18T23:37:39.322804,Source c1.avi,507,2,,47,45,123,256,0.873
2025-11-18T23:37:39.352802,Source c2.avi,425,1,,35,0,88,190,0.867
2025-11-18T23:37:39.352802,Source c2.avi,426,2,,283,2,358,241,0.867
2025-11-18T23:37:39.373805,Source c3.avi,430,2,,236,1,287,159,0.804
2025-11-18T23:37:39.373805,Source c3.avi,431,3,,22,6,55,287,0.804
2025-11-18T23:37:39.373805,Source c3.avi,432,4,,87,0,205,286,0.804
2025-11-18T23:37:39.477834,Source c0.avi,407,1,,258,1,321,176,0.857
2025-11-18T23:37:39.477834,Source c0.avi,408,2,,74,0,121,122,0.857
2025-11-18T23:37:39.510345,Source c1.avi,508,1,,166,3,214,130,0.772
2025-11-18T23:37:39.510345,Source c1.avi,509,2,,48,46,124,254,0.772
2025-11-18T23:37:39.547355,Source c2.avi,427,1,,35,0,88,191,0.869
2025-11-18T23:37:39.547355,Source c2.avi,428,2,,283,3,357,241,0.869
2025-11-18T23:37:39.577352,Source c3.avi,433,2,,235,2,286,159,0.771
2025-11-18T23:37:39.577352,Source c3.avi,434,3,,22,6,55,287,0.771
2025-11-18T23:37:39.577352,Source c3.avi,435,4,,87,0,207,287,0.771
2025-11-18T23:37:39.682388,Source c0.avi,409,1,,257,0,320,176,0.870
2025-11-18T23:37:39.682388,Source c0.avi,410,2,,73,0,121,122,0.870
2025-11-18T23:37:39.718909,Source c1.avi,510,1,,165,4,213,130,0.796
2025-11-18T23:37:39.718909,Source c1.avi,511,2,,49,46,125,254,0.796
2025-11-18T23:37:39.748911,Source c2.avi,429,1,,36,0,88,192,0.812
2025-11-18T23:37:39.749911,Source c2.avi,430,2,,286,6,358,240,0.812
2025-11-18T23:37:39.768912,Source c3.avi,436,2,,235,2,285,158,0.848
2025-11-18T23:37:39.768912,Source c3.avi,437,3,,23,5,56,287,0.848
2025-11-18T23:37:39.768912,Source c3.avi,438,4,,88,0,209,287,0.848
2025-11-18T23:37:39.877943,Source c0.avi,411,1,,255,0,318,175,0.873
2025-11-18T23:37:39.877943,Source c0.avi,412,2,,73,0,122,123,0.873
2025-11-18T23:37:39.911454,Source c1.avi,512,1,,164,4,212,130,0.875
2025-11-18T23:37:39.911454,Source c1.avi,513,2,,50,46,125,250,0.875
2025-11-18T23:37:39.942453,Source c2.avi,431,1,,36,0,89,193,0.840
2025-11-18T23:37:39.942453,Source c2.avi,432,2,,287,12,358,242,0.840
2025-11-18T23:37:39.964459,Source c3.avi,439,2,,234,2,284,158,0.752
2025-11-18T23:37:39.964459,Source c3.avi,440,3,,23,4,56,287,0.752
2025-11-18T23:37:39.964459,Source c3.avi,441,4,,89,0,211,287,0.752
2025-11-18T23:37:40.077102,Source c0.avi,413,1,,254,0,317,174,0.872
2025-11-18T23:37:40.077102,Source c0.avi,414,2,,72,0,122,124,0.872
2025-11-18T23:37:40.101107,Source c1.avi,514,1,,163,4,211,131,0.875
2025-11-18T23:37:40.101107,Source c1.avi,515,2,,49,46,125,253,0.875
2025-11-18T23:37:40.135618,Source c2.avi,433,1,,37,0,90,193,0.837
2025-11-18T23:37:40.135618,Source c2.avi,434,2,,292,26,357,238,0.837
2025-11-18T23:37:40.216133,Source c3.avi,442,2,,232,2,282,157,0.753
2025-11-18T23:37:40.216133,Source c3.avi,443,3,,23,4,57,287,0.753
2025-11-18T23:37:40.216133,Source c3.avi,444,4,,91,0,213,287,0.753
2025-11-18T23:37:40.339409,Source c0.avi,415,1,,254,0,315,173,0.837
2025-11-18T23:37:40.339409,Source c0.avi,416,2,,71,0,121,123,0.837
2025-11-18T23:37:40.366412,Source c1.avi,516,1,,162,4,210,131,0.896
2025-11-18T23:37:40.366412,Source c1.avi,517,2,,48,47,125,255,0.896
2025-11-18T23:37:40.401418,Source c2.avi,435,1,,38,0,91,194,0.848
2025-11-18T23:37:40.401418,Source c2.avi,436,2,,296,32,357,236,0.848
2025-11-18T23:37:40.425491,Source c3.avi,445,2,,231,2,280,156,0.777
2025-11-18T23:37:40.426491,Source c3.avi,446,3,,24,3,57,287,0.777
2025-11-18T23:37:40.426491,Source c3.avi,447,4,,94,0,216,287,0.777
2025-11-18T23:37:40.542418,Source c0.avi,417,1,,253,0,313,170,0.777
2025-11-18T23:37:40.542418,Source c0.avi,418,2,,70,0,120,122,0.777
2025-11-18T23:37:40.569422,Source c1.avi,518,1,,161,4,209,131,0.868
2025-11-18T23:37:40.569422,Source c1.avi,519,2,,48,47,126,256,0.868
2025-11-18T23:37:40.598424,Source c2.avi,437,1,,39,0,92,193,0.831
2025-11-18T23:37:40.598424,Source c2.avi,438,2,,299,35,359,235,0.831
2025-11-18T23:37:40.617705,Source c3.avi,448,2,,230,1,279,155,0.777
2025-11-18T23:37:40.617705,Source c3.avi,449,3,,24,2,58,287,0.777
2025-11-18T23:37:40.617705,Source c3.avi,450,4,,105,0,223,287,0.777
2025-11-18T23:37:40.729737,Source c0.avi,419,1,,252,0,311,166,0.811
2025-11-18T23:37:40.729737,Source c0.avi,420,2,,68,0,118,121,0.811
2025-11-18T23:37:40.757735,Source c1.avi,520,1,,160,4,208,131,0.866
2025-11-18T23:37:40.757735,Source c1.avi,521,2,,48,47,127,257,0.866
2025-11-18T23:37:40.790735,Source c2.avi,439,1,,39,0,92,194,0.837
2025-11-18T23:37:40.790735,Source c2.avi,440,2,,304,36,360,230,0.837
2025-11-18T23:37:40.813248,Source c3.avi,451,2,,229,1,276,152,0.781
2025-11-18T23:37:40.813248,Source c3.avi,452,3,,25,2,58,287,0.781
2025-11-18T23:37:40.813248,Source c3.avi,453,4,,114,0,228,287,0.781
2025-11-18T23:37:40.964272,Source c0.avi,421,1,1,252,0,310,164,0.842
2025-11-18T23:37:41.003279,Source c0.avi,422,2,1,65,0,115,121,0.842
2025-11-18T23:37:41.062793,Source c1.avi,522,1,1,159,4,207,132,0.880
2025-11-18T23:37:41.101801,Source c1.avi,523,2,3,49,47,127,255,0.880
2025-11-18T23:37:41.167309,Source c2.avi,441,1,1,39,0,93,193,0.903
2025-11-18T23:37:41.204313,Source c2.avi,442,2,1,307,39,361,228,0.903
2025-11-18T23:37:41.256821,Source c3.avi,454,2,4,227,0,274,149,0.779
2025-11-18T23:37:41.286821,Source c3.avi,455,3,5,25,1,59,287,0.779
2025-11-18T23:37:41.324340,Source c3.avi,456,4,6,120,0,229,287,0.779
2025-11-18T23:37:41.435917,Source c0.avi,423,1,,252,0,308,161,0.828
2025-11-18T23:37:41.435917,Source c0.avi,424,2,,62,0,112,121,0.828
2025-11-18T23:37:41.458912,Source c1.avi,524,1,,158,4,206,132,0.854
2025-11-18T23:37:41.458912,Source c1.avi,525,2,,48,47,127,255,0.854
2025-11-18T23:37:41.482914,Source c2.avi,443,1,,39,0,93,193,0.906
2025-11-18T23:37:41.483914,Source c2.avi,444,2,,309,42,363,227,0.906
2025-11-18T23:37:41.501916,Source c3.avi,457,2,,225,0,272,146,0.789
2025-11-18T23:37:41.501916,Source c3.avi,458,3,,26,0,60,287,0.789
2025-11-18T23:37:41.501916,Source c3.avi,459,4,,122,0,228,287,0.789
2025-11-18T23:37:41.610947,Source c0.avi,425,1,,252,0,306,157,0.786
2025-11-18T23:37:41.610947,Source c0.avi,426,2,,59,0,108,120,0.786
2025-11-18T23:37:41.638459,Source c1.avi,526,1,,157,4,205,132,0.868
2025-11-18T23:37:41.639458,Source c1.avi,527,2,,48,47,126,254,0.868
2025-11-18T23:37:41.671457,Source c2.avi,445,1,,39,0,93,193,0.792
2025-11-18T23:37:41.671457,Source c2.avi,446,2,,312,39,364,227,0.792
2025-11-18T23:37:41.694462,Source c3.avi,460,2,,224,0,271,145,0.785
2025-11-18T23:37:41.694462,Source c3.avi,461,3,,26,0,60,287,0.785
2025-11-18T23:37:41.694462,Source c3.avi,462,4,,128,0,231,287,0.785
2025-11-18T23:37:41.813207,Source c0.avi,427,1,,252,0,305,154,0.761
2025-11-18T23:37:41.813207,Source c0.avi,428,2,,56,0,105,122,0.761
2025-11-18T23:37:41.839208,Source c1.avi,528,1,,155,4,204,132,0.878
2025-11-18T23:37:41.840209,Source c1.avi,529,2,,49,47,128,256,0.878
2025-11-18T23:37:41.871207,Source c2.avi,447,1,,39,0,93,193,0.901
2025-11-18T23:37:41.871207,Source c2.avi,448,2,,315,41,366,226,0.901
2025-11-18T23:37:41.894207,Source c3.avi,463,2,,224,0,270,144,0.783
2025-11-18T23:37:41.894207,Source c3.avi,464,3,,27,0,61,287,0.783
2025-11-18T23:37:41.894207,Source c3.avi,465,4,,132,0,235,287,0.783
2025-11-18T23:37:42.017307,Source c0.avi,429,1,,251,0,303,153,0.804
2025-11-18T23:37:42.017307,Source c0.avi,430,2,,54,0,103,124,0.804
2025-11-18T23:37:42.046306,Source c1.avi,530,1,,154,4,203,133,0.884
2025-11-18T23:37:42.046306,Source c1.avi,531,2,,52,48,132,257,0.884
2025-11-18T23:37:42.076305,Source c2.avi,449,1,,39,0,93,194,0.902
2025-11-18T23:37:42.077306,Source c2.avi,450,2,,317,43,367,224,0.902
2025-11-18T23:37:42.101310,Source c3.avi,466,2,,223,0,269,144,0.798
2025-11-18T23:37:42.101310,Source c3.avi,467,3,,27,-1,61,287,0.798
2025-11-18T23:37:42.101310,Source c3.avi,468,4,,141,0,242,286,0.798
2025-11-18T23:37:42.211840,Source c0.avi,431,1,,246,0,298,152,0.813
2025-11-18T23:37:42.211840,Source c0.avi,432,2,,52,0,100,125,0.813
2025-11-18T23:37:42.249846,Source c1.avi,532,1,,153,2,198,130,0.761
2025-11-18T23:37:42.249846,Source c1.avi,533,2,,54,48,136,258,0.761
2025-11-18T23:37:42.279849,Source c2.avi,451,1,,39,0,94,196,0.895
2025-11-18T23:37:42.279849,Source c2.avi,452,2,,320,45,369,223,0.895
2025-11-18T23:37:42.307854,Source c3.avi,469,2,,223,0,269,143,0.791
2025-11-18T23:37:42.307854,Source c3.avi,470,3,,28,-1,62,287,0.791
2025-11-18T23:37:42.307854,Source c3.avi,471,4,,143,0,241,285,0.791
2025-11-18T23:37:42.432122,Source c0.avi,433,1,,248,0,300,151,0.806
2025-11-18T23:37:42.432122,Source c0.avi,434,2,,51,0,99,126,0.806
2025-11-18T23:37:42.465124,Source c1.avi,534,1,,151,2,197,130,0.860
2025-11-18T23:37:42.465124,Source c1.avi,535,2,,57,49,140,258,0.860
2025-11-18T23:37:42.494123,Source c2.avi,453,1,,39,0,94,199,0.897
2025-11-18T23:37:42.494123,Source c2.avi,454,2,,322,47,370,222,0.897
2025-11-18T23:37:42.519644,Source c3.avi,472,2,,223,0,268,141,0.784
2025-11-18T23:37:42.519644,Source c3.avi,473,3,,28,-2,62,287,0.784
2025-11-18T23:37:42.519644,Source c3.avi,474,4,,146,0,242,284,0.784
2025-11-18T23:37:42.641293,Source c0.avi,435,1,,248,0,299,151,0.809
2025-11-18T23:37:42.641293,Source c0.avi,436,2,,50,0,98,129,0.809
2025-11-18T23:37:42.682295,Source c1.avi,536,1,,145,2,192,131,0.798
2025-11-18T23:37:42.682295,Source c1.avi,537,2,,61,49,144,257,0.798
2025-11-18T23:37:42.709299,Source c2.avi,455,1,,38,0,94,201,0.888
2025-11-18T23:37:42.709299,Source c2.avi,456,2,,325,49,372,221,0.888
2025-11-18T23:37:42.734816,Source c3.avi,475,2,,221,0,266,142,0.790
2025-11-18T23:37:42.734816,Source c3.avi,476,3,,29,-3,63,287,0.790
2025-11-18T23:37:42.734816,Source c3.avi,477,4,,151,0,245,285,0.790
2025-11-18T23:37:42.842859,Source c0.avi,437,1,,247,0,297,151,0.784
2025-11-18T23:37:42.842859,Source c0.avi,438,2,,49,0,96,130,0.784
2025-11-18T23:37:42.877854,Source c1.avi,538,1,,144,3,191,131,0.851
2025-11-18T23:37:42.877854,Source c1.avi,539,2,,65,49,150,257,0.851
2025-11-18T23:37:42.903858,Source c2.avi,457,1,,38,0,94,203,0.892
2025-11-18T23:37:42.903858,Source c2.avi,458,2,,327,52,373,220,0.892
2025-11-18T23:37:42.934373,Source c3.avi,478,2,,219,0,264,141,0.798
2025-11-18T23:37:42.934373,Source c3.avi,479,3,,29,-3,63,287,0.798
2025-11-18T23:37:42.934373,Source c3.avi,480,4,,156,0,249,284,0.798
2025-11-18T23:37:43.044407,Source c0.avi,439,1,,248,0,298,151,0.792
2025-11-18T23:37:43.044407,Source c0.avi,440,2,,47,0,94,132,0.792
2025-11-18T23:37:43.082404,Source c1.avi,540,1,,143,3,191,131,0.826
2025-11-18T23:37:43.082404,Source c1.avi,541,2,,67,49,152,253,0.826
2025-11-18T23:37:43.111915,Source c2.avi,459,1,,38,0,94,203,0.879
2025-11-18T23:37:43.111915,Source c2.avi,460,2,,330,54,375,218,0.879
2025-11-18T23:37:43.133921,Source c3.avi,481,2,,222,0,266,141,0.757
2025-11-18T23:37:43.133921,Source c3.avi,482,3,,30,-4,64,287,0.757
2025-11-18T23:37:43.133921,Source c3.avi,483,4,,163,0,256,284,0.757
2025-11-18T23:37:43.275956,Source c0.avi,441,1,1,246,0,296,150,0.758
2025-11-18T23:37:43.310965,Source c0.avi,442,2,1,47,0,94,134,0.758
2025-11-18T23:37:43.380474,Source c1.avi,542,1,1,143,3,190,131,0.827
2025-11-18T23:37:43.414994,Source c1.avi,543,2,3,72,49,161,257,0.827
2025-11-18T23:37:43.472992,Source c2.avi,461,1,1,37,0,94,204,0.886
2025-11-18T23:37:43.501999,Source c2.avi,462,2,1,332,56,377,217,0.886
2025-11-18T23:37:43.554071,Source c3.avi,484,2,4,222,0,265,140,0.824
2025-11-18T23:37:43.599081,Source c3.avi,485,3,5,30,-5,64,287,0.824
2025-11-18T23:37:43.627591,Source c3.avi,486,4,6,166,0,259,284,0.824
2025-11-18T23:37:43.736107,Source c0.avi,443,1,,247,0,295,150,0.794
2025-11-18T23:37:43.736107,Source c0.avi,444,2,,46,0,93,135,0.794
2025-11-18T23:37:43.770104,Source c1.avi,544,1,,143,3,191,131,0.781
2025-11-18T23:37:43.770104,Source c1.avi,545,2,,75,50,165,257,0.781
2025-11-18T23:37:43.810107,Source c2.avi,463,1,,37,0,94,205,0.871
2025-11-18T23:37:43.810107,Source c2.avi,464,2,,335,58,378,216,0.871
2025-11-18T23:37:43.828620,Source c3.avi,487,2,,221,0,264,139,0.824
2025-11-18T23:37:43.828620,Source c3.avi,488,3,,30,-5,65,287,0.824
2025-11-18T23:37:43.828620,Source c3.avi,489,4,,173,0,268,284,0.824
2025-11-18T23:37:43.939645,Source c0.avi,445,1,,243,0,292,150,0.836
2025-11-18T23:37:43.939645,Source c0.avi,446,2,,46,0,93,136,0.836
2025-11-18T23:37:43.976646,Source c1.avi,546,1,,141,3,190,131,0.814
2025-11-18T23:37:43.976646,Source c1.avi,547,2,,76,50,168,258,0.814
2025-11-18T23:37:44.008650,Source c2.avi,465,1,,37,0,94,207,0.875
2025-11-18T23:37:44.008650,Source c2.avi,466,2,,337,60,380,215,0.875
2025-11-18T23:37:44.029163,Source c3.avi,490,2,,220,0,263,138,0.806
2025-11-18T23:37:44.029163,Source c3.avi,491,3,,31,-6,66,287,0.806
2025-11-18T23:37:44.029163,Source c3.avi,492,4,,175,1,271,284,0.806
2025-11-18T23:37:44.149194,Source c0.avi,447,1,,241,0,290,151,0.773
2025-11-18T23:37:44.149194,Source c0.avi,448,2,,46,0,92,137,0.773
2025-11-18T23:37:44.187194,Source c1.avi,548,1,,139,4,187,132,0.833
2025-11-18T23:37:44.187194,Source c1.avi,549,2,,77,50,169,258,0.833
2025-11-18T23:37:44.215718,Source c2.avi,467,1,,36,0,94,209,0.885
2025-11-18T23:37:44.215718,Source c2.avi,468,2,,339,62,381,213,0.885
2025-11-18T23:37:44.233721,Source c3.avi,493,2,,220,0,262,138,0.799
2025-11-18T23:37:44.233721,Source c3.avi,494,3,,31,-7,66,287,0.799
2025-11-18T23:37:44.233721,Source c3.avi,495,4,,177,0,274,283,0.799
2025-11-18T23:37:44.350746,Source c0.avi,449,1,,239,0,289,152,0.812
2025-11-18T23:37:44.350746,Source c0.avi,450,2,,45,0,91,139,0.812
2025-11-18T23:37:44.385744,Source c1.avi,550,1,,138,4,186,132,0.866
2025-11-18T23:37:44.385744,Source c1.avi,551,2,,80,52,173,259,0.866
2025-11-18T23:37:44.413264,Source c2.avi,469,1,,35,0,94,211,0.872
2025-11-18T23:37:44.413264,Source c2.avi,470,2,,342,64,383,212,0.872
2025-11-18T23:37:44.436266,Source c3.avi,496,2,,219,0,261,137,0.842
2025-11-18T23:37:44.437266,Source c3.avi,497,3,,32,-7,67,287,0.842
2025-11-18T23:37:44.437266,Source c3.avi,498,4,,179,0,279,284,0.842
2025-11-18T23:37:44.551303,Source c0.avi,451,1,,240,0,289,151,0.833
2025-11-18T23:37:44.551303,Source c0.avi,452,2,,44,0,91,143,0.833
2025-11-18T23:37:44.589300,Source c1.avi,552,1,,140,4,187,131,0.861
2025-11-18T23:37:44.589300,Source c1.avi,553,2,,83,51,177,260,0.861
2025-11-18T23:37:44.615818,Source c2.avi,471,1,,35,0,94,212,0.875
2025-11-18T23:37:44.615818,Source c2.avi,472,2,,344,67,384,211,0.875
2025-11-18T23:37:44.633817,Source c3.avi,499,2,,219,0,261,136,0.791
2025-11-18T23:37:44.633817,Source c3.avi,500,3,,32,-8,67,287,0.791
2025-11-18T23:37:44.633817,Source c3.avi,501,4,,179,0,281,285,0.791
2025-11-18T23:37:44.751373,Source c0.avi,453,1,,240,0,289,151,0.831
2025-11-18T23:37:44.751373,Source c0.avi,454,2,,44,0,90,144,0.831
2025-11-18T23:37:44.783367,Source c1.avi,554,1,,140,5,186,130,0.882
2025-11-18T23:37:44.783367,Source c1.avi,555,2,,84,50,178,259,0.882
2025-11-18T23:37:44.812371,Source c2.avi,473,1,,35,0,94,213,0.755
2025-11-18T23:37:44.812371,Source c2.avi,474,2,,322,42,362,200,0.755
2025-11-18T23:37:44.830879,Source c3.avi,502,2,,218,0,260,135,0.769
2025-11-18T23:37:44.830879,Source c3.avi,503,3,,33,-9,68,287,0.769
2025-11-18T23:37:44.830879,Source c3.avi,504,4,,178,0,281,283,0.769
2025-11-18T23:37:44.953747,Source c0.avi,455,1,,239,0,288,150,0.847
2025-11-18T23:37:44.953747,Source c0.avi,456,2,,43,2,89,145,0.847
2025-11-18T23:37:44.989747,Source c1.avi,556,1,,141,5,187,131,0.855
2025-11-18T23:37:44.989747,Source c1.avi,557,2,,85,49,180,260,0.855
2025-11-18T23:37:45.020264,Source c2.avi,475,1,,34,0,94,216,0.867
2025-11-18T23:37:45.020264,Source c2.avi,476,2,,323,43,363,198,0.867
2025-11-18T23:37:45.037266,Source c3.avi,505,2,,217,0,259,134,0.774
2025-11-18T23:37:45.037266,Source c3.avi,506,3,,33,-9,68,287,0.774
2025-11-18T23:37:45.037266,Source c3.avi,507,4,,177,0,280,282,0.774
2025-11-18T23:37:45.163296,Source c0.avi,457,1,,239,0,286,149,0.822
2025-11-18T23:37:45.163296,Source c0.avi,458,2,,42,2,88,147,0.822
2025-11-18T23:37:45.199309,Source c1.avi,558,1,,143,4,187,130,0.784
2025-11-18T23:37:45.199309,Source c1.avi,559,2,,85,48,181,260,0.784
2025-11-18T23:37:45.228820,Source c2.avi,477,1,,33,0,93,218,0.764
2025-11-18T23:37:45.228820,Source c2.avi,478,2,,323,40,361,199,0.764
2025-11-18T23:37:45.251818,Source c3.avi,508,2,,217,0,258,133,0.814
2025-11-18T23:37:45.251818,Source c3.avi,509,3,,34,-10,69,287,0.814
2025-11-18T23:37:45.251818,Source c3.avi,510,4,,175,0,278,283,0.814
2025-11-18T23:37:45.372850,Source c0.avi,459,1,,241,9,285,149,0.776
2025-11-18T23:37:45.372850,Source c0.avi,460,2,,42,2,88,148,0.776
2025-11-18T23:37:45.404857,Source c1.avi,560,1,,142,4,187,130,0.853
2025-11-18T23:37:45.404857,Source c1.avi,561,2,,88,47,184,259,0.853
2025-11-18T23:37:45.433372,Source c2.avi,479,1,,32,0,93,219,0.766
2025-11-18T23:37:45.433372,Source c2.avi,480,2,,323,38,360,199,0.766
2025-11-18T23:37:45.451373,Source c3.avi,511,2,,216,0,257,132,0.853
2025-11-18T23:37:45.451373,Source c3.avi,512,3,,34,-11,69,287,0.853
2025-11-18T23:37:45.451373,Source c3.avi,513,4,,175,0,279,283,0.853
2025-11-18T23:37:45.621919,Source c0.avi,461,1,1,239,3,286,149,0.777
2025-11-18T23:37:45.657920,Source c0.avi,462,2,1,40,2,87,149,0.777
2025-11-18T23:37:45.725441,Source c1.avi,562,1,1,142,4,186,130,0.876
2025-11-18T23:37:45.768440,Source c1.avi,563,2,3,90,46,186,259,0.876
2025-11-18T23:37:45.850957,Source c2.avi,481,1,1,31,0,92,220,0.854
2025-11-18T23:37:45.890953,Source c2.avi,482,2,1,324,38,360,198,0.854
2025-11-18T23:37:45.944472,Source c3.avi,514,2,4,215,0,256,131,0.819
2025-11-18T23:37:45.993475,Source c3.avi,515,4,6,178,0,283,282,0.819
2025-11-18T23:37:46.120946,Source c0.avi,463,1,,238,4,284,150,0.796
2025-11-18T23:37:46.120946,Source c0.avi,464,2,,38,1,84,148,0.796
2025-11-18T23:37:46.148947,Source c1.avi,564,1,,141,4,185,130,0.888
2025-11-18T23:37:46.149948,Source c1.avi,565,2,,94,45,189,259,0.888
2025-11-18T23:37:46.179943,Source c2.avi,483,1,,30,0,92,220,0.870
2025-11-18T23:37:46.179943,Source c2.avi,484,2,,324,38,360,196,0.870
2025-11-18T23:37:46.204953,Source c3.avi,516,2,,215,0,255,131,0.830
2025-11-18T23:37:46.204953,Source c3.avi,517,4,,185,0,292,283,0.830
2025-11-18T23:37:46.328509,Source c0.avi,465,1,,238,2,284,150,0.823
2025-11-18T23:37:46.329508,Source c0.avi,466,2,,38,1,84,149,0.823
2025-11-18T23:37:46.353508,Source c1.avi,566,1,,141,4,185,130,0.867
2025-11-18T23:37:46.353508,Source c1.avi,567,2,,98,44,191,261,0.867
2025-11-18T23:37:46.388508,Source c2.avi,485,1,,30,0,91,221,0.784
2025-11-18T23:37:46.388508,Source c2.avi,486,2,,317,5,360,198,0.784
2025-11-18T23:37:46.411513,Source c3.avi,518,2,,214,0,254,130,0.826
2025-11-18T23:37:46.412513,Source c3.avi,519,4,,184,0,292,282,0.826
2025-11-18T23:37:46.527722,Source c0.avi,467,1,,238,1,283,147,0.790
2025-11-18T23:37:46.527722,Source c0.avi,468,2,,36,0,82,149,0.790
2025-11-18T23:37:46.552723,Source c1.avi,568,1,,140,4,184,130,0.868
2025-11-18T23:37:46.552723,Source c1.avi,569,2,,105,46,194,260,0.868
2025-11-18T23:37:46.589724,Source c2.avi,487,1,,29,0,91,221,0.794
2025-11-18T23:37:46.589724,Source c2.avi,488,2,,316,0,359,198,0.794
2025-11-18T23:37:46.613232,Source c3.avi,520,2,,214,0,253,129,0.783
2025-11-18T23:37:46.613232,Source c3.avi,521,4,,187,0,294,281,0.783
2025-11-18T23:37:46.733278,Source c0.avi,469,1,,238,1,283,147,0.823
2025-11-18T23:37:46.733278,Source c0.avi,470,2,,35,0,81,149,0.823
2025-11-18T23:37:46.761281,Source c1.avi,570,1,,139,5,184,130,0.816
2025-11-18T23:37:46.761281,Source c1.avi,571,2,,111,44,199,258,0.816
2025-11-18T23:37:46.795279,Source c2.avi,489,1,,28,0,91,221,0.817
2025-11-18T23:37:46.795279,Source c2.avi,490,2,,316,0,358,198,0.817
2025-11-18T23:37:46.820795,Source c3.avi,522,2,,189,0,231,139,0.781
2025-11-18T23:37:46.820795,Source c3.avi,523,4,,189,0,298,280,0.781
2025-11-18T23:37:46.930828,Source c0.avi,471,1,,238,0,282,146,0.807
2025-11-18T23:37:46.930828,Source c0.avi,472,2,,35,0,81,149,0.807
2025-11-18T23:37:46.953835,Source c1.avi,572,1,,139,5,183,130,0.891
2025-11-18T23:37:46.953835,Source c1.avi,573,2,,117,45,203,263,0.891
2025-11-18T23:37:46.987832,Source c2.avi,491,1,,28,0,90,220,0.842
2025-11-18T23:37:46.987832,Source c2.avi,492,2,,315,-1,357,198,0.842
2025-11-18T23:37:47.021360,Source c3.avi,524,2,,189,0,230,137,0.799
2025-11-18T23:37:47.021360,Source c3.avi,525,4,,191,0,299,279,0.799
2025-11-18T23:37:47.150078,Source c0.avi,473,1,,238,0,282,144,0.802
2025-11-18T23:37:47.150078,Source c0.avi,474,2,,33,0,79,149,0.802
2025-11-18T23:37:47.174081,Source c1.avi,574,1,,138,5,183,130,0.896
2025-11-18T23:37:47.174081,Source c1.avi,575,2,,121,44,207,264,0.896
2025-11-18T23:37:47.209084,Source c2.avi,493,1,,27,0,90,220,0.815
2025-11-18T23:37:47.209084,Source c2.avi,494,2,,315,-1,356,199,0.815
2025-11-18T23:37:47.236600,Source c3.avi,526,2,,188,0,229,138,0.812
2025-11-18T23:37:47.236600,Source c3.avi,527,4,,192,0,301,279,0.812
2025-11-18T23:37:47.360186,Source c0.avi,475,1,,239,0,281,142,0.817
2025-11-18T23:37:47.360186,Source c0.avi,476,2,,32,0,78,150,0.817
2025-11-18T23:37:47.387189,Source c1.avi,576,1,,138,5,182,130,0.898
2025-11-18T23:37:47.387189,Source c1.avi,577,2,,125,44,210,264,0.898
2025-11-18T23:37:47.422704,Source c2.avi,495,1,,27,0,90,220,0.865
2025-11-18T23:37:47.422704,Source c2.avi,496,2,,313,-1,354,198,0.865
2025-11-18T23:37:47.444704,Source c3.avi,528,2,,186,0,227,137,0.794
2025-11-18T23:37:47.444704,Source c3.avi,529,4,,194,0,303,280,0.794
2025-11-18T23:37:47.571565,Source c0.avi,477,1,,239,0,281,141,0.848
2025-11-18T23:37:47.571565,Source c0.avi,478,2,,32,0,78,150,0.848
2025-11-18T23:37:47.600573,Source c1.avi,578,1,,137,5,181,130,0.863
2025-11-18T23:37:47.600573,Source c1.avi,579,2,,127,44,211,268,0.863
2025-11-18T23:37:47.639082,Source c2.avi,497,1,,28,0,92,220,0.843
2025-11-18T23:37:47.639082,Source c2.avi,498,2,,312,0,354,200,0.843
2025-11-18T23:37:47.659082,Source c3.avi,530,2,,184,0,225,137,0.763
2025-11-18T23:37:47.659082,Source c3.avi,531,4,,195,0,304,280,0.763
2025-11-18T23:37:47.775102,Source c0.avi,479,1,,237,0,280,140,0.811
2025-11-18T23:37:47.775102,Source c0.avi,480,2,,31,0,78,150,0.811
2025-11-18T23:37:47.800115,Source c1.avi,580,1,,137,5,181,129,0.849
2025-11-18T23:37:47.800115,Source c1.avi,581,2,,134,44,216,265,0.849
2025-11-18T23:37:47.831627,Source c2.avi,499,1,,30,0,94,220,0.826
2025-11-18T23:37:47.831627,Source c2.avi,500,2,,311,0,353,200,0.826
2025-11-18T23:37:47.832631,Source c3.avi,532,2,,182,0,223,137,0.826
2025-11-18T23:37:47.832631,Source c3.avi,533,4,,197,0,306,280,0.826
2025-11-18T23:37:47.976657,Source c0.avi,481,1,1,236,0,279,139,0.800
2025-11-18T23:37:48.008664,Source c0.avi,482,2,1,29,0,77,151,0.800
2025-11-18T23:37:48.064174,Source c1.avi,582,1,1,136,5,180,129,0.868
2025-11-18T23:37:48.105182,Source c1.avi,583,2,3,144,44,226,263,0.868
2025-11-18T23:37:48.175692,Source c2.avi,501,1,1,32,0,97,220,0.866
2025-11-18T23:37:48.211697,Source c2.avi,502,2,1,311,0,353,200,0.866
2025-11-18T23:37:48.267208,Source c3.avi,534,2,4,174,0,216,139,0.804
2025-11-18T23:37:48.301214,Source c3.avi,535,4,6,197,0,305,280,0.804
2025-11-18T23:37:48.422766,Source c0.avi,483,1,,237,0,279,137,0.864
2025-11-18T23:37:48.422766,Source c0.avi,484,2,,28,1,76,154,0.864
2025-11-18T23:37:48.450765,Source c1.avi,584,1,,136,5,180,129,0.885
2025-11-18T23:37:48.450765,Source c1.avi,585,2,,150,46,232,260,0.885
2025-11-18T23:37:48.487765,Source c2.avi,503,1,,34,0,101,220,0.840
2025-11-18T23:37:48.487765,Source c2.avi,504,2,,310,0,353,199,0.840
2025-11-18T23:37:48.516293,Source c3.avi,536,2,,168,0,211,137,0.796
2025-11-18T23:37:48.516293,Source c3.avi,537,4,,202,0,308,278,0.796
2025-11-18T23:37:48.649325,Source c0.avi,485,1,,237,0,279,137,0.856
2025-11-18T23:37:48.649325,Source c0.avi,486,2,,27,1,77,158,0.856
2025-11-18T23:37:48.675324,Source c1.avi,586,1,,135,5,179,129,0.896
2025-11-18T23:37:48.675324,Source c1.avi,587,2,,153,46,236,259,0.896
2025-11-18T23:37:48.714850,Source c2.avi,505,1,,36,0,104,220,0.846
2025-11-18T23:37:48.714850,Source c2.avi,506,2,,310,1,352,199,0.846
2025-11-18T23:37:48.761848,Source c3.avi,538,2,,162,0,208,138,0.791
2025-11-18T23:37:48.761848,Source c3.avi,539,4,,206,1,311,278,0.791
2025-11-18T23:37:48.893587,Source c0.avi,487,1,,235,0,277,136,0.872
2025-11-18T23:37:48.893587,Source c0.avi,488,2,,27,2,77,160,0.872
2025-11-18T23:37:48.920107,Source c1.avi,588,1,,135,5,179,129,0.882
2025-11-18T23:37:48.920107,Source c1.avi,589,2,,153,47,237,259,0.882
2025-11-18T23:37:48.954106,Source c2.avi,507,1,,37,0,106,220,0.868
2025-11-18T23:37:48.954106,Source c2.avi,508,2,,309,2,352,199,0.868
2025-11-18T23:37:48.985108,Source c3.avi,540,2,,158,0,206,138,0.839
2025-11-18T23:37:48.985108,Source c3.avi,541,4,,214,0,318,277,0.839
2025-11-18T23:37:49.104148,Source c0.avi,489,1,,233,0,276,135,0.869
2025-11-18T23:37:49.105147,Source c0.avi,490,2,,26,3,77,163,0.869
2025-11-18T23:37:49.143657,Source c1.avi,590,1,,122,3,166,139,0.785
2025-11-18T23:37:49.143657,Source c1.avi,591,2,,154,47,238,258,0.785
2025-11-18T23:37:49.182659,Source c2.avi,509,1,,38,0,108,220,0.848
2025-11-18T23:37:49.182659,Source c2.avi,510,2,,308,4,352,200,0.848
2025-11-18T23:37:49.212662,Source c3.avi,542,2,,154,0,204,138,0.820
2025-11-18T23:37:49.214171,Source c3.avi,543,4,,218,0,320,276,0.820
2025-11-18T23:37:49.337985,Source c0.avi,491,1,,229,0,274,135,0.884
2025-11-18T23:37:49.337985,Source c0.avi,492,2,,26,4,77,162,0.884
2025-11-18T23:37:49.377985,Source c1.avi,592,1,,122,3,164,141,0.826
2025-11-18T23:37:49.377985,Source c1.avi,593,2,,153,46,239,259,0.826
2025-11-18T23:37:49.416511,Source c2.avi,511,1,,40,0,111,220,0.866
2025-11-18T23:37:49.416511,Source c2.avi,512,2,,308,5,352,201,0.866
2025-11-18T23:37:49.441512,Source c3.avi,544,2,,152,0,203,138,0.814
2025-11-18T23:37:49.441512,Source c3.avi,545,4,,222,0,323,277,0.814
2025-11-18T23:37:49.560734,Source c0.avi,493,1,,227,0,273,135,0.887
2025-11-18T23:37:49.560734,Source c0.avi,494,2,,26,4,77,164,0.887
2025-11-18T23:37:49.600758,Source c1.avi,594,1,,122,3,163,142,0.839
2025-11-18T23:37:49.600758,Source c1.avi,595,2,,153,47,239,258,0.839
2025-11-18T23:37:49.640270,Source c2.avi,513,1,,41,0,113,221,0.865
2025-11-18T23:37:49.640270,Source c2.avi,514,2,,307,6,351,200,0.865
2025-11-18T23:37:49.675270,Source c3.avi,546,2,,150,0,202,139,0.822
2025-11-18T23:37:49.675270,Source c3.avi,547,4,,228,0,327,279,0.822
2025-11-18T23:37:49.803312,Source c0.avi,495,1,,226,0,272,134,0.885
2025-11-18T23:37:49.803312,Source c0.avi,496,2,,25,5,77,168,0.885
2025-11-18T23:37:49.842825,Source c1.avi,596,1,,121,3,161,142,0.819
2025-11-18T23:37:49.842825,Source c1.avi,597,2,,153,47,240,258,0.819
2025-11-18T23:37:49.877824,Source c2.avi,515,1,,41,0,115,222,0.872
2025-11-18T23:37:49.877824,Source c2.avi,516,2,,305,7,350,200,0.872
2025-11-18T23:37:49.901829,Source c3.avi,548,2,,148,0,203,139,0.791
2025-11-18T23:37:49.901829,Source c3.avi,549,4,,231,0,328,279,0.791
2025-11-18T23:37:50.024372,Source c0.avi,497,1,,224,0,271,133,0.877
2025-11-18T23:37:50.024372,Source c0.avi,498,2,,25,7,77,169,0.877
2025-11-18T23:37:50.060371,Source c1.avi,598,1,,121,3,160,142,0.856
2025-11-18T23:37:50.060371,Source c1.avi,599,2,,153,47,241,258,0.856
2025-11-18T23:37:50.093371,Source c2.avi,517,1,,41,0,115,223,0.871
2025-11-18T23:37:50.093371,Source c2.avi,518,2,,304,8,350,198,0.871
2025-11-18T23:37:50.117889,Source c3.avi,550,2,,147,0,203,140,0.816
2025-11-18T23:37:50.117889,Source c3.avi,551,4,,233,0,328,277,0.816
2025-11-18T23:37:50.424965,Source c0.avi,499,1,,222,0,270,133,0.887
2025-11-18T23:37:50.424965,Source c0.avi,500,2,,24,8,77,171,0.887
2025-11-18T23:37:50.467965,Source c1.avi,600,1,,121,3,159,142,0.817
2025-11-18T23:37:50.467965,Source c1.avi,601,2,,154,46,242,258,0.817
2025-11-18T23:37:50.517487,Source c2.avi,519,1,,41,0,116,224,0.875
2025-11-18T23:37:50.517487,Source c2.avi,520,2,,303,7,350,197,0.875
2025-11-18T23:37:50.553487,Source c3.avi,552,2,,147,0,204,141,0.812
2025-11-18T23:37:50.554486,Source c3.avi,553,4,,234,0,328,276,0.812
