timestamp,camera_name,frame_sequence_num,local_track_id,global_id,bbox_x1,bbox_y1,bbox_x2,bbox_y2,confidence_score
2025-11-18T19:09:34.412451,Source c1.avi,1,1,,231,0,256,85,0.827
2025-11-18T19:09:34.518967,Source c1.avi,2,1,,230,0,255,87,0.759
2025-11-18T19:09:34.599476,Source c1.avi,3,1,,228,0,255,89,0.798
2025-11-18T19:09:34.669508,Source c1.avi,4,1,,228,0,254,87,0.802
2025-11-18T19:09:34.739929,Source c1.avi,5,1,,227,0,253,88,0.832
2025-11-18T19:09:34.818450,Source c1.avi,6,1,,226,0,252,91,0.828
2025-11-18T19:09:34.895956,Source c1.avi,7,1,,225,0,252,94,0.817
2025-11-18T19:09:34.962303,Source c1.avi,8,1,,224,0,251,94,0.875
2025-11-18T19:09:35.092815,Source c1.avi,9,1,1,224,0,251,94,0.811
2025-11-18T19:09:35.171205,Source c1.avi,10,1,,223,0,250,96,0.852
2025-11-18T19:09:35.244548,Source c1.avi,11,1,,222,0,249,96,0.840
2025-11-18T19:09:35.320733,Source c1.avi,12,1,,221,0,249,97,0.787
2025-11-18T19:09:35.395246,Source c1.avi,13,1,,220,0,248,99,0.839
2025-11-18T19:09:35.468760,Source c1.avi,14,1,,220,0,247,99,0.820
2025-11-18T19:09:35.545270,Source c1.avi,15,1,,219,0,246,99,0.809
2025-11-18T19:09:35.617385,Source c1.avi,16,1,,218,0,245,98,0.844
2025-11-18T19:09:35.694894,Source c1.avi,17,1,,217,0,245,99,0.826
2025-11-18T19:09:35.771407,Source c1.avi,18,1,,217,0,244,99,0.835
2025-11-18T19:09:35.861917,Source c1.avi,19,1,1,216,0,243,100,0.807
2025-11-18T19:09:35.915112,Source c1.avi,20,1,,215,0,242,100,0.807
2025-11-18T19:09:35.974460,Source c1.avi,21,1,,214,0,242,101,0.807
2025-11-18T19:09:36.047713,Source c1.avi,22,1,,213,0,240,99,0.825
2025-11-18T19:09:36.119787,Source c1.avi,23,1,,212,0,239,100,0.882
2025-11-18T19:09:36.187735,Source c1.avi,24,1,,211,0,239,101,0.868
2025-11-18T19:09:36.262244,Source c1.avi,25,1,,208,0,237,102,0.871
2025-11-18T19:09:36.332757,Source c1.avi,26,1,,206,0,235,103,0.875
2025-11-18T19:09:36.401662,Source c1.avi,27,1,,204,0,234,103,0.876
2025-11-18T19:09:36.470174,Source c1.avi,28,1,,201,1,232,104,0.885
2025-11-18T19:09:36.548604,Source c1.avi,29,1,1,199,1,231,106,0.880
2025-11-18T19:09:36.620116,Source c1.avi,30,1,,198,1,230,107,0.857
2025-11-18T19:09:36.689632,Source c1.avi,31,1,,196,1,229,108,0.816
2025-11-18T19:09:36.762841,Source c1.avi,32,1,,195,1,229,110,0.806
2025-11-18T19:09:36.834350,Source c1.avi,33,1,,193,1,228,111,0.849
2025-11-18T19:09:36.907677,Source c1.avi,34,1,,191,0,227,111,0.841
2025-11-18T19:09:36.979145,Source c1.avi,35,1,,190,0,226,112,0.875
2025-11-18T19:09:37.044653,Source c1.avi,36,1,,190,0,226,112,0.855
2025-11-18T19:09:37.114160,Source c1.avi,37,1,,189,0,224,110,0.865
2025-11-18T19:09:37.186670,Source c1.avi,38,1,,189,0,223,108,0.829
2025-11-18T19:09:37.263177,Source c1.avi,39,1,1,188,0,223,110,0.847
2025-11-18T19:09:37.336693,Source c1.avi,40,1,,188,0,222,109,0.871
2025-11-18T19:09:37.407481,Source c1.avi,41,1,,187,0,222,111,0.858
2025-11-18T19:09:37.480988,Source c1.avi,42,1,,186,0,221,112,0.870
2025-11-18T19:09:37.553242,Source c1.avi,43,1,,185,0,220,114,0.849
2025-11-18T19:09:37.628751,Source c1.avi,44,1,,185,0,219,115,0.882
2025-11-18T19:09:37.698599,Source c1.avi,45,1,,184,0,219,118,0.843
2025-11-18T19:09:37.768109,Source c1.avi,46,1,,183,1,217,118,0.841
2025-11-18T19:09:37.866624,Source c1.avi,47,1,,182,1,216,120,0.859
2025-11-18T19:09:37.956135,Source c1.avi,48,1,,181,2,215,121,0.849
2025-11-18T19:09:38.047647,Source c0.avi,1,1,1,288,1,348,169,0.914
2025-11-18T19:09:38.073646,Source c1.avi,49,1,1,180,3,214,124,0.835
2025-11-18T19:09:38.150990,Source c0.avi,2,1,,284,1,344,168,0.917
2025-11-18T19:09:38.168990,Source c1.avi,50,1,,179,3,214,126,0.827
2025-11-18T19:09:38.237500,Source c0.avi,3,1,,282,3,343,168,0.927
2025-11-18T19:09:38.237500,Source c1.avi,51,1,,178,3,213,128,0.927
2025-11-18T19:09:38.304008,Source c0.avi,4,1,,279,3,341,168,0.914
2025-11-18T19:09:38.320010,Source c1.avi,52,1,,177,3,212,129,0.780
2025-11-18T19:09:38.392521,Source c0.avi,5,1,,276,3,339,168,0.896
2025-11-18T19:09:38.410530,Source c1.avi,53,1,,172,2,208,130,0.823
2025-11-18T19:09:38.483646,Source c0.avi,6,1,,274,3,338,167,0.903
2025-11-18T19:09:38.500646,Source c1.avi,54,1,,169,2,206,130,0.815
2025-11-18T19:09:38.575160,Source c0.avi,7,1,,271,3,337,168,0.884
2025-11-18T19:09:38.596161,Source c1.avi,55,1,,168,2,206,130,0.798
2025-11-18T19:09:38.664676,Source c0.avi,8,1,,270,2,336,165,0.882
2025-11-18T19:09:38.681675,Source c1.avi,56,1,,167,1,205,130,0.833
2025-11-18T19:09:38.755187,Source c0.avi,9,1,,267,1,334,163,0.900
2025-11-18T19:09:38.776186,Source c1.avi,57,1,,168,2,206,130,0.777
2025-11-18T19:09:38.844420,Source c0.avi,10,1,,264,0,330,160,0.868
2025-11-18T19:09:38.862418,Source c1.avi,58,1,,167,1,205,130,0.789
2025-11-18T19:09:38.947805,Source c0.avi,11,1,1,261,0,326,159,0.849
2025-11-18T19:09:38.982802,Source c1.avi,59,1,1,166,1,205,130,0.824
2025-11-18T19:09:39.057316,Source c0.avi,12,1,,260,0,324,157,0.841
2025-11-18T19:09:39.077317,Source c1.avi,60,1,,166,1,205,130,0.801
2025-11-18T19:09:39.147828,Source c0.avi,13,1,,258,0,321,157,0.788
2025-11-18T19:09:39.166827,Source c1.avi,61,1,,165,2,204,131,0.812
2025-11-18T19:09:39.218986,Source c0.avi,14,1,,256,0,319,156,0.812
2025-11-18T19:09:39.237987,Source c1.avi,62,1,,162,2,202,132,0.806
2025-11-18T19:09:39.310490,Source c0.avi,15,1,,255,0,316,157,0.797
2025-11-18T19:09:39.329492,Source c1.avi,63,1,,160,3,200,132,0.783
2025-11-18T19:09:39.384003,Source c0.avi,16,1,,253,0,314,156,0.783
2025-11-18T19:09:39.400001,Source c1.avi,64,1,,156,3,196,133,0.792
2025-11-18T19:09:39.472190,Source c0.avi,17,1,,247,0,308,157,0.858
2025-11-18T19:09:39.501194,Source c1.avi,65,1,,153,3,194,133,0.850
2025-11-18T19:09:39.573627,Source c0.avi,18,1,,243,0,302,157,0.875
2025-11-18T19:09:39.591628,Source c1.avi,66,1,,150,3,192,133,0.849
2025-11-18T19:09:39.661140,Source c0.avi,19,1,,238,0,298,157,0.880
2025-11-18T19:09:39.678141,Source c1.avi,67,1,,148,4,192,135,0.856
2025-11-18T19:09:39.745639,Source c0.avi,20,1,,233,0,293,157,0.831
2025-11-18T19:09:39.766639,Source c1.avi,68,1,,146,5,190,137,0.858
2025-11-18T19:09:39.845152,Source c0.avi,21,1,1,229,0,289,156,0.882
2025-11-18T19:09:39.873151,Source c1.avi,69,1,1,146,6,191,139,0.851
2025-11-18T19:09:39.942569,Source c0.avi,22,1,,226,0,286,156,0.864
2025-11-18T19:09:39.958571,Source c1.avi,70,1,,145,6,191,140,0.811
2025-11-18T19:09:40.028838,Source c0.avi,23,1,,224,0,285,156,0.908
2025-11-18T19:09:40.053850,Source c1.avi,71,1,,144,6,191,142,0.816
2025-11-18T19:09:40.131358,Source c0.avi,24,1,,223,0,284,156,0.915
2025-11-18T19:09:40.150356,Source c1.avi,72,1,,138,5,187,143,0.809
2025-11-18T19:09:40.225466,Source c0.avi,25,1,,223,0,284,156,0.862
2025-11-18T19:09:40.244465,Source c1.avi,73,1,,139,5,188,144,0.850
2025-11-18T19:09:40.331981,Source c0.avi,26,1,,222,0,283,155,0.859
2025-11-18T19:09:40.359982,Source c1.avi,74,1,,138,6,187,144,0.853
2025-11-18T19:09:40.441499,Source c0.avi,27,1,,220,0,281,154,0.843
2025-11-18T19:09:40.504499,Source c1.avi,75,1,,136,5,184,144,0.818
2025-11-18T19:09:40.615020,Source c0.avi,28,1,,218,0,279,153,0.870
2025-11-18T19:09:40.649017,Source c1.avi,76,1,,135,5,182,145,0.820
2025-11-18T19:09:40.738530,Source c0.avi,29,1,,217,0,275,146,0.812
2025-11-18T19:09:40.762530,Source c1.avi,77,1,,133,5,179,144,0.836
2025-11-18T19:09:40.855984,Source c0.avi,30,1,,216,0,270,141,0.809
2025-11-18T19:09:40.881986,Source c1.avi,78,1,,131,5,177,144,0.831
2025-11-18T19:09:40.979496,Source c0.avi,31,1,1,214,0,267,140,0.763
2025-11-18T19:09:41.007498,Source c1.avi,79,1,1,130,4,175,144,0.854
2025-11-18T19:09:41.079012,Source c0.avi,32,1,,211,0,263,140,0.852
2025-11-18T19:09:41.099013,Source c1.avi,80,1,,128,5,173,146,0.857
2025-11-18T19:09:41.170525,Source c0.avi,33,1,,210,0,260,138,0.840
2025-11-18T19:09:41.190524,Source c1.avi,81,1,,127,5,171,148,0.849
2025-11-18T19:09:41.263033,Source c0.avi,34,1,,209,0,258,138,0.848
2025-11-18T19:09:41.284035,Source c1.avi,82,1,,126,5,169,148,0.840
2025-11-18T19:09:41.357542,Source c0.avi,35,1,,207,0,255,138,0.840
2025-11-18T19:09:41.376548,Source c1.avi,83,1,,125,5,168,152,0.831
2025-11-18T19:09:41.453011,Source c0.avi,36,1,,205,0,252,137,0.850
2025-11-18T19:09:41.473012,Source c1.avi,84,1,,124,5,167,151,0.819
2025-11-18T19:09:41.543524,Source c0.avi,37,1,,200,0,247,136,0.854
2025-11-18T19:09:41.562523,Source c1.avi,85,1,,121,6,164,154,0.804
2025-11-18T19:09:41.634031,Source c0.avi,38,1,,195,0,242,135,0.896
2025-11-18T19:09:41.655033,Source c1.avi,86,1,,119,7,161,156,0.801
2025-11-18T19:09:41.726543,Source c0.avi,39,1,,191,0,239,136,0.904
2025-11-18T19:09:41.743544,Source c1.avi,87,1,,116,8,159,156,0.843
2025-11-18T19:09:41.812990,Source c0.avi,40,1,,188,0,237,136,0.862
2025-11-18T19:09:41.830992,Source c1.avi,88,1,,115,8,158,157,0.863
2025-11-18T19:09:41.914755,Source c0.avi,41,1,1,186,0,235,136,0.848
2025-11-18T19:09:41.966752,Source c1.avi,89,1,1,113,10,157,162,0.839
2025-11-18T19:09:42.041266,Source c0.avi,42,1,,184,0,235,136,0.861
2025-11-18T19:09:42.061267,Source c1.avi,90,1,,112,10,156,162,0.798
2025-11-18T19:09:42.134587,Source c0.avi,43,1,,182,0,234,136,0.866
2025-11-18T19:09:42.155587,Source c1.avi,91,1,,112,10,156,163,0.811
2025-11-18T19:09:42.230104,Source c0.avi,44,1,,180,0,233,136,0.859
2025-11-18T19:09:42.250097,Source c1.avi,92,1,,111,10,155,162,0.812
2025-11-18T19:09:42.323604,Source c0.avi,45,1,,180,0,233,135,0.858
2025-11-18T19:09:42.343603,Source c1.avi,93,1,,110,10,153,161,0.808
2025-11-18T19:09:42.417997,Source c0.avi,46,1,,180,0,233,134,0.855
2025-11-18T19:09:42.439998,Source c1.avi,94,1,,109,10,152,162,0.809
2025-11-18T19:09:42.511507,Source c0.avi,47,1,,179,0,232,133,0.835
2025-11-18T19:09:42.511507,Source c1.avi,95,1,,107,10,151,163,0.835
2025-11-18T19:09:42.582705,Source c0.avi,48,1,,178,0,230,130,0.837
2025-11-18T19:09:42.582705,Source c1.avi,96,1,,106,10,150,164,0.837
2025-11-18T19:09:42.648213,Source c0.avi,49,1,,176,0,228,130,0.772
2025-11-18T19:09:42.669214,Source c1.avi,97,1,,100,10,142,161,0.828
2025-11-18T19:09:42.719725,Source c0.avi,50,1,,175,0,226,129,0.828
2025-11-18T19:09:42.736722,Source c1.avi,98,1,,98,9,141,163,0.803
2025-11-18T19:09:42.797067,Source c0.avi,51,1,1,173,0,224,128,0.803
2025-11-18T19:09:42.808065,Source c1.avi,99,1,1,97,10,139,163,0.803
2025-11-18T19:09:42.874175,Source c0.avi,52,1,,169,0,218,125,0.761
2025-11-18T19:09:42.874175,Source c1.avi,100,1,,95,10,137,164,0.761
2025-11-18T19:09:42.931963,Source c0.avi,53,1,,167,0,216,124,0.761
2025-11-18T19:09:42.931963,Source c1.avi,101,1,,93,10,136,165,0.761
2025-11-18T19:09:43.007474,Source c0.avi,54,1,,166,0,212,123,0.819
2025-11-18T19:09:43.007474,Source c1.avi,102,1,,91,10,134,165,0.819
2025-11-18T19:09:43.081508,Source c0.avi,55,1,,165,0,210,123,0.850
2025-11-18T19:09:43.100508,Source c1.avi,103,1,,87,11,131,167,0.846
2025-11-18T19:09:43.172019,Source c0.avi,56,1,,163,0,207,123,0.777
2025-11-18T19:09:43.189019,Source c1.avi,104,1,,85,12,129,168,0.844
2025-11-18T19:09:43.239528,Source c0.avi,57,1,,161,0,205,122,0.844
2025-11-18T19:09:43.261527,Source c1.avi,105,1,,82,12,127,169,0.820
2025-11-18T19:09:43.313042,Source c0.avi,58,1,,159,0,202,121,0.820
2025-11-18T19:09:43.332042,Source c1.avi,106,1,,80,13,126,170,0.866
2025-11-18T19:09:43.383113,Source c0.avi,59,1,,157,0,200,121,0.866
2025-11-18T19:09:43.404111,Source c1.avi,107,1,,77,15,125,175,0.863
2025-11-18T19:09:43.460368,Source c0.avi,60,1,,155,0,198,120,0.863
2025-11-18T19:09:43.479371,Source c1.avi,108,1,,73,15,123,177,0.861
2025-11-18T19:09:43.545878,Source c0.avi,61,1,1,153,0,195,119,0.861
2025-11-18T19:09:43.578880,Source c1.avi,109,1,1,75,16,125,175,0.833
2025-11-18T19:09:43.629390,Source c0.avi,62,1,,151,0,193,118,0.833
2025-11-18T19:09:43.650389,Source c1.avi,110,1,,77,17,125,172,0.841
2025-11-18T19:09:43.699906,Source c0.avi,63,1,,149,0,191,117,0.841
2025-11-18T19:09:43.716906,Source c1.avi,111,1,,76,18,125,172,0.841
2025-11-18T19:09:43.786389,Source c0.avi,64,1,,141,0,187,121,0.851
2025-11-18T19:09:43.813392,Source c1.avi,112,1,,74,18,124,174,0.851
2025-11-18T19:09:43.887903,Source c0.avi,65,1,,137,0,185,122,0.879
2025-11-18T19:09:43.910903,Source c1.avi,113,1,,70,18,122,177,0.804
2025-11-18T19:09:43.980415,Source c0.avi,66,1,,141,0,189,122,0.845
2025-11-18T19:09:44.002414,Source c1.avi,114,1,,62,18,116,178,0.812
2025-11-18T19:09:44.073630,Source c0.avi,67,1,,136,0,186,122,0.781
2025-11-18T19:09:44.094635,Source c1.avi,115,1,,64,17,117,174,0.873
2025-11-18T19:09:44.146117,Source c0.avi,68,1,,135,0,184,121,0.873
2025-11-18T19:09:44.169121,Source c1.avi,116,1,,61,17,116,182,0.848
2025-11-18T19:09:44.218522,Source c0.avi,69,1,,133,0,182,121,0.848
2025-11-18T19:09:44.238522,Source c1.avi,117,1,,58,17,114,187,0.844
2025-11-18T19:09:44.296553,Source c0.avi,70,1,,131,0,180,121,0.844
2025-11-18T19:09:44.315552,Source c1.avi,118,1,,55,17,110,183,0.849
2025-11-18T19:09:44.377838,Source c0.avi,71,1,1,129,0,178,120,0.849
2025-11-18T19:09:44.413836,Source c1.avi,119,1,1,54,18,108,180,0.821
2025-11-18T19:09:44.466336,Source c0.avi,72,1,,127,0,176,120,0.821
2025-11-18T19:09:44.489337,Source c1.avi,120,1,,50,18,106,185,0.833
2025-11-18T19:09:44.540806,Source c0.avi,73,1,,125,0,174,120,0.833
2025-11-18T19:09:44.561810,Source c1.avi,121,1,,49,18,104,182,0.841
2025-11-18T19:09:44.615288,Source c0.avi,74,1,,123,0,172,119,0.841
2025-11-18T19:09:44.634287,Source c1.avi,122,1,,50,18,107,189,0.781
2025-11-18T19:09:44.691794,Source c0.avi,75,1,,121,0,170,119,0.781
2025-11-18T19:09:44.716794,Source c1.avi,123,1,,46,18,103,191,0.833
2025-11-18T19:09:44.775818,Source c0.avi,76,1,,119,0,168,119,0.833
2025-11-18T19:09:44.799819,Source c1.avi,124,1,,43,19,100,194,0.826
2025-11-18T19:09:44.858333,Source c0.avi,77,1,,117,0,166,119,0.826
2025-11-18T19:09:44.880333,Source c1.avi,125,1,,43,19,101,198,0.840
2025-11-18T19:09:44.945847,Source c0.avi,78,1,,115,0,164,118,0.840
2025-11-18T19:09:44.968848,Source c1.avi,126,1,,44,20,101,196,0.774
2025-11-18T19:09:45.031361,Source c0.avi,79,1,,113,0,162,118,0.774
2025-11-18T19:09:45.031361,Source c1.avi,127,1,,42,20,100,197,0.774
2025-11-18T19:09:45.110877,Source c0.avi,80,1,,111,0,156,110,0.814
2025-11-18T19:09:45.135883,Source c1.avi,128,1,,39,23,94,194,0.826
2025-11-18T19:09:45.243391,Source c0.avi,81,1,1,110,0,154,109,0.820
2025-11-18T19:09:45.298392,Source c1.avi,129,1,1,38,24,92,193,0.756
2025-11-18T19:09:45.363906,Source c0.avi,82,1,,108,0,152,108,0.756
2025-11-18T19:09:45.390905,Source c1.avi,130,1,,38,25,91,192,0.824
2025-11-18T19:09:45.479419,Source c0.avi,83,1,,107,0,152,108,0.850
2025-11-18T19:09:45.479419,Source c1.avi,131,1,,37,26,89,192,0.850
2025-11-18T19:09:45.557452,Source c0.avi,84,1,,105,0,151,108,0.853
2025-11-18T19:09:45.557452,Source c1.avi,132,1,,35,27,88,193,0.853
2025-11-18T19:09:45.627966,Source c0.avi,85,1,,102,0,150,109,0.831
2025-11-18T19:09:45.628967,Source c1.avi,133,1,,33,27,86,193,0.831
2025-11-18T19:09:45.707476,Source c0.avi,86,1,,101,0,150,109,0.781
2025-11-18T19:09:45.707476,Source c1.avi,134,1,,32,28,84,194,0.781
2025-11-18T19:09:45.764551,Source c0.avi,87,1,,100,0,148,108,0.781
2025-11-18T19:09:45.787554,Source c1.avi,135,1,,30,28,83,195,0.822
2025-11-18T19:09:45.863843,Source c0.avi,88,1,,96,0,147,111,0.757
2025-11-18T19:09:45.891847,Source c1.avi,136,1,,28,28,84,208,0.805
2025-11-18T19:09:45.976356,Source c0.avi,89,1,,95,0,146,110,0.820
2025-11-18T19:09:46.003356,Source c1.avi,137,1,,25,27,85,220,0.805
2025-11-18T19:09:46.087462,Source c0.avi,90,1,,94,0,146,110,0.784
2025-11-18T19:09:46.116462,Source c1.avi,138,1,,24,27,84,222,0.839
2025-11-18T19:09:46.207973,Source c0.avi,91,1,1,93,0,144,110,0.796
2025-11-18T19:09:46.244972,Source c1.avi,139,1,1,22,27,85,233,0.864
2025-11-18T19:09:46.321453,Source c0.avi,92,1,,92,0,143,109,0.825
2025-11-18T19:09:46.344458,Source c1.avi,140,1,,22,27,84,230,0.849
2025-11-18T19:09:46.426494,Source c0.avi,93,1,,90,0,141,108,0.756
2025-11-18T19:09:46.453494,Source c1.avi,141,1,,22,28,84,234,0.852
2025-11-18T19:09:46.511006,Source c0.avi,94,1,,89,0,139,108,0.852
2025-11-18T19:09:46.534007,Source c1.avi,142,1,,22,28,84,232,0.876
2025-11-18T19:09:46.587441,Source c0.avi,95,1,,87,0,137,108,0.876
2025-11-18T19:09:46.610438,Source c1.avi,143,1,,25,28,84,222,0.856
2025-11-18T19:09:46.666949,Source c0.avi,96,1,,86,0,136,108,0.856
2025-11-18T19:09:46.687950,Source c1.avi,144,1,,23,28,84,231,0.863
2025-11-18T19:09:46.744466,Source c0.avi,97,1,,84,0,134,107,0.863
2025-11-18T19:09:46.766468,Source c1.avi,145,1,,22,28,86,237,0.866
2025-11-18T19:09:46.819979,Source c0.avi,98,1,,83,0,133,107,0.866
2025-11-18T19:09:46.841978,Source c1.avi,146,1,,23,29,86,238,0.844
2025-11-18T19:09:46.894496,Source c0.avi,99,1,,81,0,131,107,0.844
2025-11-18T19:09:46.918496,Source c1.avi,147,1,,22,29,86,241,0.862
2025-11-18T19:09:46.975006,Source c0.avi,100,1,,80,0,129,106,0.862
2025-11-18T19:09:47.002005,Source c1.avi,148,1,,21,28,88,248,0.872
2025-11-18T19:09:47.075525,Source c0.avi,101,1,1,78,0,128,106,0.872
2025-11-18T19:09:47.111524,Source c1.avi,149,1,1,21,28,89,253,0.826
2025-11-18T19:09:47.193677,Source c0.avi,102,1,,77,0,127,109,0.787
2025-11-18T19:09:47.216676,Source c1.avi,150,1,,23,29,91,256,0.825
2025-11-18T19:09:47.298786,Source c0.avi,103,1,,72,0,120,109,0.798
2025-11-18T19:09:47.324785,Source c1.avi,151,1,,28,30,96,253,0.841
2025-11-18T19:09:47.407300,Source c0.avi,104,1,,71,0,121,110,0.795
2025-11-18T19:09:47.429301,Source c1.avi,152,1,,32,31,101,253,0.829
2025-11-18T19:09:47.507399,Source c0.avi,105,1,,66,0,116,113,0.802
2025-11-18T19:09:47.528398,Source c1.avi,153,1,,36,32,105,250,0.790
2025-11-18T19:09:47.607906,Source c0.avi,106,1,,65,0,114,114,0.851
2025-11-18T19:09:47.633905,Source c1.avi,154,1,,38,33,108,248,0.861
2025-11-18T19:09:47.711414,Source c0.avi,107,1,,63,0,113,117,0.846
2025-11-18T19:09:47.733414,Source c1.avi,155,1,,39,34,108,247,0.862
2025-11-18T19:09:47.807503,Source c0.avi,108,1,,62,0,114,121,0.858
2025-11-18T19:09:47.830505,Source c1.avi,156,1,,41,35,110,246,0.839
2025-11-18T19:09:47.905013,Source c0.avi,109,1,,62,0,113,123,0.853
2025-11-18T19:09:47.929014,Source c1.avi,157,1,,43,35,111,246,0.830
2025-11-18T19:09:48.012528,Source c0.avi,110,1,,61,0,114,126,0.836
2025-11-18T19:09:48.037530,Source c1.avi,158,1,,44,34,112,246,0.804
2025-11-18T19:09:48.120044,Source c0.avi,111,1,1,60,0,112,128,0.862
2025-11-18T19:09:48.161043,Source c1.avi,159,1,1,46,35,114,246,0.824
2025-11-18T19:09:48.236554,Source c0.avi,112,1,,59,0,111,129,0.859
2025-11-18T19:09:48.258550,Source c1.avi,160,1,,46,34,115,247,0.762
2025-11-18T19:09:48.335005,Source c0.avi,113,1,,57,0,109,129,0.844
2025-11-18T19:09:48.358005,Source c1.avi,161,1,,51,33,120,247,0.766
2025-11-18T19:09:48.433213,Source c0.avi,114,1,,56,0,107,129,0.851
2025-11-18T19:09:48.433213,Source c1.avi,162,1,,53,33,121,247,0.851
2025-11-18T19:09:48.507303,Source c0.avi,115,1,,54,0,106,130,0.850
2025-11-18T19:09:48.530301,Source c1.avi,163,1,,57,32,125,247,0.830
2025-11-18T19:09:48.606430,Source c0.avi,116,1,,53,0,103,130,0.845
2025-11-18T19:09:48.606430,Source c1.avi,164,1,,59,31,127,247,0.845
2025-11-18T19:09:48.687486,Source c0.avi,117,1,,51,0,101,131,0.862
2025-11-18T19:09:48.710487,Source c1.avi,165,1,,62,32,129,249,0.848
2025-11-18T19:09:48.795000,Source c0.avi,118,1,,49,0,99,131,0.856
2025-11-18T19:09:48.819002,Source c1.avi,166,1,,67,32,134,249,0.825
2025-11-18T19:09:48.896517,Source c0.avi,119,1,,47,0,96,131,0.860
2025-11-18T19:09:48.919518,Source c1.avi,167,1,,69,32,138,252,0.768
2025-11-18T19:09:48.994029,Source c0.avi,120,1,,46,0,94,131,0.843
2025-11-18T19:09:49.016028,Source c1.avi,168,1,,76,31,147,254,0.864
2025-11-18T19:09:49.110492,Source c0.avi,121,1,1,46,0,95,132,0.882
2025-11-18T19:09:49.152492,Source c1.avi,169,1,1,80,31,152,253,0.880
2025-11-18T19:09:49.227005,Source c0.avi,122,1,,47,0,94,132,0.882
2025-11-18T19:09:49.251003,Source c1.avi,170,1,,84,31,159,253,0.826
2025-11-18T19:09:49.323517,Source c0.avi,123,1,,46,0,94,134,0.873
2025-11-18T19:09:49.350516,Source c1.avi,171,1,,90,31,166,252,0.872
2025-11-18T19:09:49.422848,Source c0.avi,124,1,,46,0,94,136,0.871
2025-11-18T19:09:49.447850,Source c1.avi,172,1,,88,31,167,253,0.832
2025-11-18T19:09:49.528355,Source c0.avi,125,1,,46,0,94,137,0.859
2025-11-18T19:09:49.550355,Source c1.avi,173,1,,94,31,174,252,0.869
2025-11-18T19:09:49.629779,Source c0.avi,126,1,,46,0,93,137,0.864
2025-11-18T19:09:49.652776,Source c1.avi,174,1,,96,32,178,253,0.870
2025-11-18T19:09:49.729285,Source c0.avi,127,1,,46,0,93,138,0.875
2025-11-18T19:09:49.753287,Source c1.avi,175,1,,99,34,182,253,0.891
2025-11-18T19:09:49.835397,Source c0.avi,128,1,,46,0,93,139,0.894
2025-11-18T19:09:49.857391,Source c1.avi,176,1,,100,35,183,249,0.862
2025-11-18T19:09:49.933903,Source c0.avi,129,1,,46,0,93,141,0.879
2025-11-18T19:09:49.954906,Source c1.avi,177,1,,100,35,185,251,0.852
2025-11-18T19:09:50.036388,Source c0.avi,130,1,,46,0,94,142,0.883
2025-11-18T19:09:50.060387,Source c1.avi,178,1,,99,35,186,253,0.897
2025-11-18T19:09:50.156900,Source c0.avi,131,1,1,46,0,94,145,0.875
2025-11-18T19:09:50.202902,Source c1.avi,179,1,1,100,33,187,250,0.893
2025-11-18T19:09:50.281098,Source c0.avi,132,1,,47,0,95,146,0.894
2025-11-18T19:09:50.304095,Source c1.avi,180,1,,104,33,189,246,0.831
2025-11-18T19:09:50.381345,Source c0.avi,133,1,,47,0,96,151,0.865
2025-11-18T19:09:50.404348,Source c1.avi,181,1,,104,31,188,242,0.793
2025-11-18T19:09:50.483860,Source c0.avi,134,1,,48,0,97,152,0.871
2025-11-18T19:09:50.506865,Source c1.avi,182,1,,111,29,192,236,0.766
2025-11-18T19:09:50.586108,Source c0.avi,135,1,,48,0,98,154,0.873
2025-11-18T19:09:50.610111,Source c1.avi,183,1,,113,28,194,235,0.751
2025-11-18T19:09:50.682620,Source c0.avi,136,1,,49,0,98,153,0.881
2025-11-18T19:09:50.683619,Source c1.avi,184,1,,116,27,196,233,0.881
2025-11-18T19:09:50.756925,Source c0.avi,137,1,,50,0,99,154,0.863
2025-11-18T19:09:50.781924,Source c1.avi,185,1,,124,28,201,234,0.797
2025-11-18T19:09:50.858435,Source c0.avi,138,1,,51,0,98,148,0.873
2025-11-18T19:09:50.884436,Source c1.avi,186,1,,131,27,205,229,0.810
2025-11-18T19:09:50.959947,Source c0.avi,139,1,,51,0,99,150,0.879
2025-11-18T19:09:50.982946,Source c1.avi,187,1,,137,27,209,231,0.854
2025-11-18T19:09:51.058463,Source c0.avi,140,1,,52,0,99,149,0.859
2025-11-18T19:09:51.083463,Source c1.avi,188,1,,141,27,212,230,0.844
2025-11-18T19:09:51.178974,Source c0.avi,141,1,1,52,0,99,152,0.878
2025-11-18T19:09:51.218978,Source c1.avi,189,1,1,146,26,215,230,0.822
2025-11-18T19:09:51.296316,Source c0.avi,142,1,,52,0,100,150,0.872
2025-11-18T19:09:51.318313,Source c1.avi,190,1,,150,26,218,229,0.850
2025-11-18T19:09:51.400830,Source c0.avi,143,1,,51,0,99,152,0.845
2025-11-18T19:09:51.423829,Source c1.avi,191,1,,154,26,222,230,0.840
2025-11-18T19:09:51.499868,Source c0.avi,144,1,,53,0,99,144,0.882
2025-11-18T19:09:51.525868,Source c1.avi,192,1,,160,27,228,229,0.833
2025-11-18T19:09:51.604381,Source c0.avi,145,1,,53,0,100,146,0.882
2025-11-18T19:09:51.628382,Source c1.avi,193,1,,164,27,233,229,0.859
2025-11-18T19:09:51.703805,Source c0.avi,146,1,,54,0,100,146,0.871
2025-11-18T19:09:51.730806,Source c1.avi,194,1,,167,28,236,230,0.924
2025-11-18T19:09:51.808991,Source c0.avi,147,1,,53,0,101,153,0.884
2025-11-18T19:09:51.829993,Source c1.avi,195,1,,169,29,240,230,0.915
2025-11-18T19:09:51.909018,Source c0.avi,148,1,,52,0,102,157,0.889
2025-11-18T19:09:51.932015,Source c1.avi,196,1,,171,30,243,231,0.892
2025-11-18T19:09:52.017531,Source c0.avi,149,1,,52,0,103,163,0.884
2025-11-18T19:09:52.041532,Source c1.avi,197,1,,172,31,245,230,0.863
2025-11-18T19:09:52.124015,Source c0.avi,150,1,,52,0,104,166,0.871
2025-11-18T19:09:52.150016,Source c1.avi,198,1,,172,31,246,229,0.828
2025-11-18T19:09:52.252459,Source c0.avi,151,1,1,52,1,104,169,0.873
2025-11-18T19:09:52.304459,Source c1.avi,199,1,1,172,30,248,229,0.884
2025-11-18T19:09:52.397971,Source c0.avi,152,1,,53,1,106,172,0.832
2025-11-18T19:09:52.428973,Source c1.avi,200,1,,173,31,250,229,0.888
2025-11-18T19:09:52.516430,Source c0.avi,153,1,,52,2,105,177,0.878
2025-11-18T19:09:52.542429,Source c1.avi,201,1,,174,31,252,227,0.869
2025-11-18T19:09:52.627940,Source c0.avi,154,1,,52,2,106,179,0.865
2025-11-18T19:09:52.649940,Source c1.avi,202,1,,176,30,253,223,0.879
2025-11-18T19:09:52.730195,Source c0.avi,155,1,,52,4,105,180,0.868
2025-11-18T19:09:52.754195,Source c1.avi,203,1,,180,29,256,221,0.844
2025-11-18T19:09:52.835708,Source c0.avi,156,1,,52,4,106,182,0.867
2025-11-18T19:09:52.858708,Source c1.avi,204,1,,183,29,259,218,0.859
2025-11-18T19:09:52.943219,Source c0.avi,157,1,,53,5,105,179,0.880
2025-11-18T19:09:52.967216,Source c1.avi,205,1,,187,28,262,217,0.869
2025-11-18T19:09:53.052732,Source c0.avi,158,1,,52,6,105,181,0.862
2025-11-18T19:09:53.078728,Source c1.avi,206,1,,191,27,266,216,0.894
2025-11-18T19:09:53.155827,Source c0.avi,159,1,,53,6,105,182,0.857
2025-11-18T19:09:53.183828,Source c1.avi,207,1,,196,26,270,216,0.889
2025-11-18T19:09:53.261341,Source c0.avi,160,1,,53,5,107,182,0.860
2025-11-18T19:09:53.287340,Source c1.avi,208,1,,199,17,275,217,0.879
2025-11-18T19:09:53.388575,Source c0.avi,161,1,1,53,5,106,180,0.852
2025-11-18T19:09:53.430574,Source c1.avi,209,1,1,202,22,275,216,0.882
2025-11-18T19:09:53.510082,Source c0.avi,162,1,,53,5,106,181,0.868
2025-11-18T19:09:53.532083,Source c1.avi,210,1,,204,22,276,216,0.878
2025-11-18T19:09:53.614595,Source c0.avi,163,1,,54,6,107,179,0.877
2025-11-18T19:09:53.639593,Source c1.avi,211,1,,211,24,280,215,0.825
2025-11-18T19:09:53.719010,Source c0.avi,164,1,,54,5,108,180,0.876
2025-11-18T19:09:53.742009,Source c1.avi,212,1,,217,24,284,216,0.832
2025-11-18T19:09:53.829303,Source c0.avi,165,1,,54,4,108,179,0.884
2025-11-18T19:09:53.851305,Source c1.avi,213,1,,220,24,286,215,0.855
2025-11-18T19:09:53.932814,Source c0.avi,166,1,,53,2,109,182,0.868
2025-11-18T19:09:53.996814,Source c1.avi,214,1,,223,24,287,215,0.791
2025-11-18T19:09:54.076286,Source c0.avi,167,1,,53,3,110,185,0.869
2025-11-18T19:09:54.100291,Source c1.avi,215,1,,226,25,289,215,0.776
2025-11-18T19:09:54.189798,Source c0.avi,168,1,,53,4,110,186,0.873
2025-11-18T19:09:54.226798,Source c1.avi,216,1,,229,26,292,215,0.827
2025-11-18T19:09:54.226798,Source c1.avi,217,2,,225,1,260,83,0.827
2025-11-18T19:09:54.313067,Source c0.avi,169,1,,55,5,112,189,0.876
2025-11-18T19:09:54.339071,Source c1.avi,218,1,,230,26,293,214,0.818
2025-11-18T19:09:54.339071,Source c1.avi,219,2,,223,0,259,86,0.818
2025-11-18T19:09:54.416042,Source c0.avi,170,1,,55,6,114,193,0.894
2025-11-18T19:09:54.446045,Source c1.avi,220,1,,230,26,293,214,0.850
2025-11-18T19:09:54.446045,Source c1.avi,221,2,,222,0,258,88,0.850
2025-11-18T19:09:54.573412,Source c0.avi,171,1,1,56,6,116,198,0.891
2025-11-18T19:09:54.613411,Source c1.avi,222,1,1,230,27,293,212,0.806
2025-11-18T19:09:54.630414,Source c1.avi,223,2,2,220,0,257,88,0.806
2025-11-18T19:09:54.710924,Source c0.avi,172,1,,56,7,118,202,0.895
2025-11-18T19:09:54.735923,Source c1.avi,224,1,,231,27,294,213,0.846
2025-11-18T19:09:54.735923,Source c1.avi,225,2,,219,1,256,91,0.846
2025-11-18T19:09:54.813197,Source c0.avi,173,1,,56,8,119,206,0.895
2025-11-18T19:09:54.841198,Source c1.avi,226,1,,232,27,295,213,0.868
2025-11-18T19:09:54.841198,Source c1.avi,227,2,,218,1,255,93,0.868
2025-11-18T19:09:54.921687,Source c0.avi,174,1,,57,9,121,209,0.884
2025-11-18T19:09:54.944689,Source c1.avi,228,1,,234,27,297,213,0.832
2025-11-18T19:09:54.944689,Source c1.avi,229,2,,217,2,254,95,0.832
2025-11-18T19:09:55.023811,Source c0.avi,175,1,,57,9,122,212,0.894
2025-11-18T19:09:55.051815,Source c1.avi,230,1,,244,26,309,211,0.836
2025-11-18T19:09:55.051815,Source c1.avi,231,2,,217,3,252,92,0.836
2025-11-18T19:09:55.127326,Source c0.avi,176,1,,58,10,123,213,0.883
2025-11-18T19:09:55.156326,Source c1.avi,232,1,,248,25,315,209,0.833
2025-11-18T19:09:55.156326,Source c1.avi,233,2,,216,3,251,93,0.833
2025-11-18T19:09:55.243573,Source c0.avi,177,1,,58,10,124,216,0.857
2025-11-18T19:09:55.267576,Source c1.avi,234,1,,251,24,320,209,0.788
2025-11-18T19:09:55.267576,Source c1.avi,235,2,,215,4,250,93,0.788
2025-11-18T19:09:55.348083,Source c0.avi,178,1,,59,13,125,220,0.880
2025-11-18T19:09:55.375084,Source c1.avi,236,1,,252,23,319,203,0.804
2025-11-18T19:09:55.375084,Source c1.avi,237,2,,215,4,251,95,0.804
2025-11-18T19:09:55.450277,Source c0.avi,179,1,,60,12,126,222,0.885
2025-11-18T19:09:55.475279,Source c1.avi,238,1,,254,22,319,198,0.827
2025-11-18T19:09:55.475279,Source c1.avi,239,2,,214,4,251,97,0.827
2025-11-18T19:09:55.558791,Source c0.avi,180,1,,61,11,128,223,0.871
2025-11-18T19:09:55.585793,Source c1.avi,240,1,,257,21,321,196,0.817
2025-11-18T19:09:55.585793,Source c1.avi,241,2,,214,4,250,96,0.817
2025-11-18T19:09:55.683305,Source c0.avi,181,1,1,62,10,129,225,0.872
2025-11-18T19:09:55.731306,Source c1.avi,242,1,1,258,20,320,194,0.832
2025-11-18T19:09:55.747303,Source c1.avi,243,2,2,214,3,250,97,0.832
2025-11-18T19:09:55.827731,Source c0.avi,182,1,,63,11,130,226,0.868
2025-11-18T19:09:55.853732,Source c1.avi,244,1,,261,20,322,194,0.805
2025-11-18T19:09:55.853732,Source c1.avi,245,2,,214,3,250,97,0.805
2025-11-18T19:09:55.932123,Source c0.avi,183,1,,65,10,132,226,0.885
2025-11-18T19:09:55.960119,Source c1.avi,246,1,,262,20,323,197,0.811
2025-11-18T19:09:55.960119,Source c1.avi,247,2,,213,2,249,97,0.811
2025-11-18T19:09:56.040637,Source c0.avi,184,1,,67,10,133,226,0.884
2025-11-18T19:09:56.081637,Source c1.avi,248,1,,263,19,323,198,0.837
2025-11-18T19:09:56.081637,Source c1.avi,249,2,,213,2,249,96,0.837
2025-11-18T19:09:56.165145,Source c0.avi,185,1,,69,10,135,226,0.881
2025-11-18T19:09:56.191146,Source c1.avi,250,1,,264,19,323,196,0.861
2025-11-18T19:09:56.191146,Source c1.avi,251,2,,213,1,248,96,0.861
2025-11-18T19:09:56.274498,Source c0.avi,186,1,,71,11,137,226,0.885
2025-11-18T19:09:56.299499,Source c1.avi,252,1,,266,19,324,196,0.813
2025-11-18T19:09:56.299499,Source c1.avi,253,2,,213,1,247,96,0.813
2025-11-18T19:09:56.380784,Source c0.avi,187,1,,72,10,138,225,0.900
2025-11-18T19:09:56.404786,Source c1.avi,254,1,,269,19,326,196,0.857
2025-11-18T19:09:56.404786,Source c1.avi,255,2,,212,1,246,96,0.857
2025-11-18T19:09:56.484292,Source c0.avi,188,1,,73,10,139,227,0.896
2025-11-18T19:09:56.507292,Source c1.avi,256,1,,269,19,326,195,0.813
2025-11-18T19:09:56.507292,Source c1.avi,257,2,,212,1,245,97,0.813
2025-11-18T19:09:56.587377,Source c0.avi,189,1,,73,8,140,234,0.887
2025-11-18T19:09:56.613379,Source c1.avi,258,1,,272,19,329,195,0.876
2025-11-18T19:09:56.613379,Source c1.avi,259,2,,211,2,245,98,0.876
2025-11-18T19:09:56.699572,Source c0.avi,190,1,,73,8,141,237,0.891
2025-11-18T19:09:56.728573,Source c1.avi,260,1,,274,19,330,194,0.865
2025-11-18T19:09:56.728573,Source c1.avi,261,2,,211,2,244,98,0.865
2025-11-18T19:09:56.828081,Source c0.avi,191,1,1,75,9,142,236,0.883
2025-11-18T19:09:56.872081,Source c1.avi,262,1,1,275,20,331,194,0.867
2025-11-18T19:09:56.890080,Source c1.avi,263,2,2,210,3,243,99,0.867
2025-11-18T19:09:56.970204,Source c0.avi,192,1,,77,9,145,242,0.865
2025-11-18T19:09:56.997203,Source c1.avi,264,1,,276,20,332,195,0.858
2025-11-18T19:09:56.997203,Source c1.avi,265,2,,209,4,242,100,0.858
2025-11-18T19:09:57.070719,Source c0.avi,193,1,,82,11,151,244,0.834
2025-11-18T19:09:57.096720,Source c1.avi,266,1,,277,20,333,194,0.848
2025-11-18T19:09:57.096720,Source c1.avi,267,2,,208,5,241,101,0.848
2025-11-18T19:09:57.171234,Source c0.avi,194,1,,86,13,156,246,0.786
2025-11-18T19:09:57.198234,Source c1.avi,268,1,,278,20,334,194,0.862
2025-11-18T19:09:57.198234,Source c1.avi,269,2,,207,5,240,103,0.862
2025-11-18T19:09:57.280747,Source c0.avi,195,1,,89,14,160,248,0.800
2025-11-18T19:09:57.306746,Source c1.avi,270,1,,278,20,335,194,0.854
2025-11-18T19:09:57.306746,Source c1.avi,271,2,,206,6,239,104,0.854
2025-11-18T19:09:57.384795,Source c0.avi,196,1,,90,16,162,250,0.816
2025-11-18T19:09:57.410795,Source c1.avi,272,1,,279,20,337,194,0.811
2025-11-18T19:09:57.410795,Source c1.avi,273,2,,205,6,238,105,0.811
2025-11-18T19:09:57.485052,Source c0.avi,197,1,,93,17,165,253,0.824
2025-11-18T19:09:57.508052,Source c1.avi,274,1,,280,19,338,193,0.846
2025-11-18T19:09:57.508052,Source c1.avi,275,2,,204,6,237,106,0.846
2025-11-18T19:09:57.590569,Source c0.avi,198,1,,94,18,167,255,0.804
2025-11-18T19:09:57.617567,Source c1.avi,276,1,,282,18,340,193,0.831
2025-11-18T19:09:57.617567,Source c1.avi,277,2,,204,6,237,106,0.831
2025-11-18T19:09:57.671077,Source c0.avi,199,1,,96,19,170,257,0.831
2025-11-18T19:09:57.699078,Source c1.avi,278,1,,283,18,341,192,0.795
2025-11-18T19:09:57.699078,Source c1.avi,279,2,,203,5,236,106,0.795
2025-11-18T19:09:57.779589,Source c0.avi,200,1,,105,18,181,257,0.839
2025-11-18T19:09:57.809590,Source c1.avi,280,1,,285,17,342,188,0.830
2025-11-18T19:09:57.809590,Source c1.avi,281,2,,204,5,236,106,0.830
2025-11-18T19:09:57.889101,Source c0.avi,201,1,1,108,19,184,259,0.830
2025-11-18T19:09:57.930102,Source c1.avi,282,1,1,288,17,343,184,0.873
2025-11-18T19:09:57.940102,Source c1.avi,283,2,2,204,5,237,106,0.873
2025-11-18T19:09:58.015870,Source c0.avi,202,1,,101,18,177,260,0.820
2025-11-18T19:09:58.044866,Source c1.avi,284,1,,290,16,344,180,0.856
2025-11-18T19:09:58.044866,Source c1.avi,285,2,,203,5,237,107,0.856
2025-11-18T19:09:58.126378,Source c0.avi,203,1,,102,17,175,261,0.819
2025-11-18T19:09:58.151383,Source c1.avi,286,1,,292,17,345,178,0.852
2025-11-18T19:09:58.151383,Source c1.avi,287,2,,202,5,236,107,0.852
2025-11-18T19:09:58.229886,Source c0.avi,204,1,,104,17,176,260,0.816
2025-11-18T19:09:58.256887,Source c1.avi,288,1,,293,16,346,177,0.866
2025-11-18T19:09:58.256887,Source c1.avi,289,2,,202,6,236,108,0.866
2025-11-18T19:09:58.339167,Source c0.avi,205,1,,107,18,177,256,0.855
2025-11-18T19:09:58.367168,Source c1.avi,290,1,,294,17,346,177,0.861
2025-11-18T19:09:58.367168,Source c1.avi,291,2,,200,6,236,109,0.861
2025-11-18T19:09:58.445680,Source c0.avi,206,1,,111,18,179,254,0.848
2025-11-18T19:09:58.473680,Source c1.avi,292,1,,294,15,346,174,0.849
2025-11-18T19:09:58.473680,Source c1.avi,293,2,,198,6,235,111,0.849
2025-11-18T19:09:58.555195,Source c0.avi,207,1,,116,18,183,254,0.840
2025-11-18T19:09:58.583194,Source c1.avi,294,1,,294,15,346,176,0.887
2025-11-18T19:09:58.583194,Source c1.avi,295,2,,197,7,234,111,0.887
2025-11-18T19:09:58.665707,Source c0.avi,208,1,,120,17,187,255,0.855
2025-11-18T19:09:58.692708,Source c1.avi,296,1,,294,15,346,177,0.881
2025-11-18T19:09:58.692708,Source c1.avi,297,2,,196,8,233,111,0.881
2025-11-18T19:09:58.775216,Source c0.avi,209,1,,124,17,191,256,0.879
2025-11-18T19:09:58.802216,Source c1.avi,298,1,,294,15,346,177,0.861
2025-11-18T19:09:58.802216,Source c1.avi,299,2,,195,8,232,109,0.861
2025-11-18T19:09:58.883726,Source c0.avi,210,1,,127,16,194,257,0.895
2025-11-18T19:09:58.914730,Source c1.avi,300,1,,294,16,345,177,0.858
2025-11-18T19:09:58.914730,Source c1.avi,301,2,,193,9,230,108,0.858
2025-11-18T19:09:59.006235,Source c0.avi,211,1,1,131,17,198,258,0.893
2025-11-18T19:09:59.048234,Source c1.avi,302,1,1,293,17,344,177,0.849
2025-11-18T19:09:59.059235,Source c1.avi,303,2,2,192,9,230,112,0.849
2025-11-18T19:09:59.139751,Source c0.avi,212,1,,136,19,203,259,0.893
2025-11-18T19:09:59.167749,Source c1.avi,304,1,,293,16,344,178,0.797
2025-11-18T19:09:59.167749,Source c1.avi,305,2,,191,10,229,115,0.797
2025-11-18T19:09:59.244258,Source c0.avi,213,1,,141,19,210,259,0.878
2025-11-18T19:09:59.274259,Source c1.avi,306,1,,293,17,343,177,0.835
2025-11-18T19:09:59.274259,Source c1.avi,307,2,,190,10,229,118,0.835
2025-11-18T19:09:59.353415,Source c0.avi,214,1,,146,22,216,260,0.875
2025-11-18T19:09:59.383417,Source c1.avi,308,1,,292,18,341,176,0.871
2025-11-18T19:09:59.383417,Source c1.avi,309,2,,188,11,227,120,0.871
2025-11-18T19:09:59.470923,Source c0.avi,215,1,,150,25,222,260,0.879
2025-11-18T19:09:59.498924,Source c1.avi,310,1,,291,18,340,176,0.861
2025-11-18T19:09:59.498924,Source c1.avi,311,2,,186,11,226,122,0.861
2025-11-18T19:09:59.578432,Source c0.avi,216,1,,152,27,227,262,0.910
2025-11-18T19:09:59.610433,Source c1.avi,312,1,,289,17,338,175,0.775
2025-11-18T19:09:59.610433,Source c1.avi,313,2,,185,12,225,123,0.775
2025-11-18T19:09:59.700944,Source c0.avi,217,1,,153,25,231,262,0.903
2025-11-18T19:09:59.729942,Source c1.avi,314,1,,288,16,338,175,0.843
2025-11-18T19:09:59.729942,Source c1.avi,315,2,,184,12,223,123,0.843
2025-11-18T19:09:59.805999,Source c0.avi,218,1,,153,25,234,261,0.896
2025-11-18T19:09:59.833999,Source c1.avi,316,1,,288,15,337,173,0.853
2025-11-18T19:09:59.833999,Source c1.avi,317,2,,184,11,222,123,0.853
2025-11-18T19:09:59.908511,Source c0.avi,219,1,,153,26,236,260,0.842
2025-11-18T19:09:59.937511,Source c1.avi,318,1,,288,14,336,169,0.841
2025-11-18T19:09:59.937511,Source c1.avi,319,2,,183,10,221,123,0.841
2025-11-18T19:10:00.020027,Source c0.avi,220,1,,153,26,238,261,0.907
2025-11-18T19:10:00.051022,Source c1.avi,320,1,,287,13,335,169,0.832
2025-11-18T19:10:00.051022,Source c1.avi,321,2,,183,10,220,123,0.832
2025-11-18T19:10:00.145537,Source c0.avi,221,1,1,153,25,240,261,0.884
2025-11-18T19:10:00.156538,Source c0.avi,222,2,2,287,16,355,168,0.884
2025-11-18T19:10:00.191536,Source c1.avi,322,1,1,287,12,334,165,0.829
2025-11-18T19:10:00.202538,Source c1.avi,323,2,2,181,10,219,123,0.829
2025-11-18T19:10:00.283048,Source c0.avi,223,1,,153,24,242,261,0.894
2025-11-18T19:10:00.283048,Source c0.avi,224,2,,286,15,356,171,0.894
2025-11-18T19:10:00.311049,Source c1.avi,324,1,,287,12,333,162,0.808
2025-11-18T19:10:00.311049,Source c1.avi,325,2,,181,10,218,124,0.808
2025-11-18T19:10:00.396554,Source c0.avi,225,1,,155,24,244,260,0.860
2025-11-18T19:10:00.396554,Source c0.avi,226,2,,286,14,356,170,0.860
2025-11-18T19:10:00.425554,Source c1.avi,326,1,,287,11,331,158,0.900
2025-11-18T19:10:00.425554,Source c1.avi,327,2,,179,10,217,124,0.900
2025-11-18T19:10:00.508072,Source c0.avi,227,1,,158,25,247,258,0.834
2025-11-18T19:10:00.508072,Source c0.avi,228,2,,286,13,355,168,0.834
2025-11-18T19:10:00.538073,Source c1.avi,328,1,,286,11,330,156,0.802
2025-11-18T19:10:00.539073,Source c1.avi,329,2,,179,10,215,123,0.802
2025-11-18T19:10:00.622581,Source c0.avi,229,1,,162,25,251,259,0.831
2025-11-18T19:10:00.622581,Source c0.avi,230,2,,283,12,352,168,0.831
2025-11-18T19:10:00.652582,Source c1.avi,330,1,,286,11,330,156,0.824
2025-11-18T19:10:00.652582,Source c1.avi,331,2,,176,10,213,124,0.824
2025-11-18T19:10:00.735093,Source c0.avi,231,1,,168,20,256,257,0.839
2025-11-18T19:10:00.735093,Source c0.avi,232,2,,278,11,348,168,0.839
2025-11-18T19:10:00.766091,Source c1.avi,332,1,,286,11,329,154,0.866
2025-11-18T19:10:00.766091,Source c1.avi,333,2,,173,10,210,124,0.866
2025-11-18T19:10:00.850603,Source c0.avi,233,1,,176,28,258,256,0.778
2025-11-18T19:10:00.850603,Source c0.avi,234,2,,274,11,343,167,0.778
2025-11-18T19:10:00.877605,Source c1.avi,334,1,,285,11,328,153,0.799
2025-11-18T19:10:00.877605,Source c1.avi,335,2,,171,9,209,125,0.799
2025-11-18T19:10:00.937893,Source c0.avi,235,1,,179,29,261,256,0.799
2025-11-18T19:10:00.937893,Source c0.avi,236,2,,272,10,341,167,0.799
2025-11-18T19:10:00.965897,Source c1.avi,336,1,,284,10,327,152,0.788
2025-11-18T19:10:00.965897,Source c1.avi,337,2,,169,10,208,125,0.788
2025-11-18T19:10:01.042357,Source c0.avi,237,1,,190,22,273,258,0.795
2025-11-18T19:10:01.042357,Source c0.avi,238,2,,266,10,335,167,0.795
2025-11-18T19:10:01.072356,Source c1.avi,338,1,,284,10,326,152,0.782
2025-11-18T19:10:01.072356,Source c1.avi,339,2,,167,10,206,127,0.782
2025-11-18T19:10:01.152759,Source c0.avi,239,1,,199,21,283,270,0.775
2025-11-18T19:10:01.152759,Source c0.avi,240,2,,264,9,332,167,0.775
2025-11-18T19:10:01.182757,Source c1.avi,340,1,,283,10,326,153,0.785
2025-11-18T19:10:01.182757,Source c1.avi,341,2,,166,11,205,128,0.785
2025-11-18T19:10:01.277878,Source c0.avi,241,1,1,203,20,288,271,0.879
2025-11-18T19:10:01.289882,Source c0.avi,242,2,2,259,9,328,168,0.879
2025-11-18T19:10:01.340880,Source c1.avi,342,1,1,283,10,325,153,0.779
2025-11-18T19:10:01.353879,Source c1.avi,343,2,2,165,12,206,130,0.779
2025-11-18T19:10:01.433224,Source c0.avi,243,1,,207,22,291,271,0.793
2025-11-18T19:10:01.433224,Source c0.avi,244,2,,257,9,325,168,0.793
2025-11-18T19:10:01.461224,Source c1.avi,344,1,,283,10,325,152,0.778
2025-11-18T19:10:01.461224,Source c1.avi,345,2,,164,13,205,132,0.778
2025-11-18T19:10:01.548735,Source c0.avi,245,1,,209,22,291,270,0.806
2025-11-18T19:10:01.548735,Source c0.avi,246,2,,256,9,323,167,0.806
2025-11-18T19:10:01.574735,Source c1.avi,346,1,,282,10,324,152,0.780
2025-11-18T19:10:01.574735,Source c1.avi,347,2,,162,14,204,134,0.780
2025-11-18T19:10:01.660244,Source c0.avi,247,1,,214,24,294,266,0.833
2025-11-18T19:10:01.660244,Source c0.avi,248,2,,256,10,321,166,0.833
2025-11-18T19:10:01.695249,Source c1.avi,348,1,,282,10,323,152,0.756
2025-11-18T19:10:01.695249,Source c1.avi,349,2,,162,15,204,135,0.756
2025-11-18T19:10:01.780758,Source c0.avi,249,1,,218,21,299,260,0.783
2025-11-18T19:10:01.781758,Source c0.avi,250,2,,257,10,320,166,0.783
2025-11-18T19:10:01.809758,Source c1.avi,350,1,,282,10,323,153,0.812
2025-11-18T19:10:01.809758,Source c1.avi,351,2,,160,14,203,137,0.812
2025-11-18T19:10:01.892784,Source c0.avi,251,1,,222,21,303,257,0.879
2025-11-18T19:10:01.893785,Source c0.avi,252,2,,255,10,318,166,0.879
2025-11-18T19:10:01.923784,Source c1.avi,352,1,,281,10,322,153,0.818
2025-11-18T19:10:01.923784,Source c1.avi,353,2,,159,14,202,137,0.818
2025-11-18T19:10:02.007298,Source c0.avi,253,1,,223,22,306,255,0.904
2025-11-18T19:10:02.007298,Source c0.avi,254,2,,253,10,315,166,0.904
2025-11-18T19:10:02.033293,Source c1.avi,354,1,,281,10,321,153,0.840
2025-11-18T19:10:02.033293,Source c1.avi,355,2,,158,14,201,137,0.840
2025-11-18T19:10:02.117801,Source c0.avi,255,1,,223,22,307,255,0.913
2025-11-18T19:10:02.117801,Source c0.avi,256,2,,251,10,313,165,0.913
2025-11-18T19:10:02.143798,Source c1.avi,356,1,,280,10,320,153,0.857
2025-11-18T19:10:02.143798,Source c1.avi,357,2,,156,13,199,137,0.857
2025-11-18T19:10:02.227312,Source c0.avi,257,1,,223,24,308,254,0.918
2025-11-18T19:10:02.227312,Source c0.avi,258,2,,248,9,311,165,0.918
2025-11-18T19:10:02.253312,Source c1.avi,358,1,,279,10,319,152,0.842
2025-11-18T19:10:02.253312,Source c1.avi,359,2,,154,13,197,137,0.842
2025-11-18T19:10:02.338823,Source c0.avi,259,1,,223,25,309,254,0.896
2025-11-18T19:10:02.338823,Source c0.avi,260,2,,246,9,309,165,0.896
2025-11-18T19:10:02.370825,Source c1.avi,360,1,,277,10,317,153,0.826
2025-11-18T19:10:02.370825,Source c1.avi,361,2,,152,12,194,137,0.826
2025-11-18T19:10:02.467334,Source c0.avi,261,1,1,221,26,308,254,0.888
2025-11-18T19:10:02.479333,Source c0.avi,262,2,2,244,9,307,165,0.888
2025-11-18T19:10:02.521333,Source c1.avi,362,1,1,276,9,317,152,0.811
2025-11-18T19:10:02.532333,Source c1.avi,363,2,2,148,12,191,137,0.811
2025-11-18T19:10:02.613843,Source c0.avi,263,1,,221,26,308,254,0.887
2025-11-18T19:10:02.613843,Source c0.avi,264,2,,242,9,305,165,0.887
2025-11-18T19:10:02.641842,Source c1.avi,364,1,,276,8,316,151,0.827
2025-11-18T19:10:02.641842,Source c1.avi,365,2,,146,12,190,138,0.827
2025-11-18T19:10:02.724191,Source c0.avi,265,1,,222,25,311,254,0.885
2025-11-18T19:10:02.725192,Source c0.avi,266,2,,240,8,303,164,0.885
2025-11-18T19:10:02.754192,Source c1.avi,366,1,,274,8,314,149,0.777
2025-11-18T19:10:02.754192,Source c1.avi,367,2,,145,12,191,141,0.777
2025-11-18T19:10:02.830278,Source c0.avi,267,1,,223,25,314,254,0.896
2025-11-18T19:10:02.831282,Source c0.avi,268,2,,238,8,301,164,0.896
2025-11-18T19:10:02.857281,Source c1.avi,368,1,,275,7,314,147,0.809
2025-11-18T19:10:02.857281,Source c1.avi,369,2,,144,12,189,141,0.809
2025-11-18T19:10:02.940282,Source c0.avi,269,1,,224,24,316,254,0.877
2025-11-18T19:10:02.941284,Source c0.avi,270,2,,236,8,299,164,0.877
2025-11-18T19:10:02.967284,Source c1.avi,370,1,,274,7,312,144,0.753
2025-11-18T19:10:02.967284,Source c1.avi,371,2,,139,14,185,146,0.753
2025-11-18T19:10:03.054798,Source c0.avi,271,1,,230,24,324,254,0.849
2025-11-18T19:10:03.054798,Source c0.avi,272,2,,234,7,297,164,0.849
2025-11-18T19:10:03.084800,Source c1.avi,372,1,,274,7,311,142,0.781
2025-11-18T19:10:03.084800,Source c1.avi,373,2,,139,15,185,147,0.781
2025-11-18T19:10:03.168865,Source c0.avi,273,1,,231,24,327,254,0.763
2025-11-18T19:10:03.168865,Source c0.avi,274,2,,215,2,273,146,0.763
2025-11-18T19:10:03.217865,Source c1.avi,374,1,,273,7,310,139,0.792
2025-11-18T19:10:03.217865,Source c1.avi,375,2,,137,16,183,147,0.792
2025-11-18T19:10:03.304115,Source c0.avi,275,1,,236,24,333,255,0.840
2025-11-18T19:10:03.305114,Source c0.avi,276,2,,211,1,269,146,0.840
2025-11-18T19:10:03.333111,Source c1.avi,376,1,,272,7,309,138,0.834
2025-11-18T19:10:03.333111,Source c1.avi,377,2,,135,17,180,148,0.834
2025-11-18T19:10:03.425389,Source c0.avi,277,1,,241,34,334,253,0.848
2025-11-18T19:10:03.425389,Source c0.avi,278,2,,207,2,265,145,0.848
2025-11-18T19:10:03.455387,Source c1.avi,378,1,,271,6,307,137,0.816
2025-11-18T19:10:03.455387,Source c1.avi,379,2,,133,17,178,150,0.816
2025-11-18T19:10:03.555899,Source c0.avi,279,1,,247,26,343,253,0.844
2025-11-18T19:10:03.555899,Source c0.avi,280,2,,203,2,262,146,0.844
2025-11-18T19:10:03.590903,Source c1.avi,380,1,,269,6,306,137,0.811
2025-11-18T19:10:03.590903,Source c1.avi,381,2,,131,17,177,151,0.811
2025-11-18T19:10:03.694411,Source c0.avi,281,1,1,252,24,350,253,0.893
2025-11-18T19:10:03.708410,Source c0.avi,282,2,2,199,2,259,146,0.893
2025-11-18T19:10:03.755409,Source c1.avi,382,1,1,268,6,304,136,0.802
2025-11-18T19:10:03.769411,Source c1.avi,383,2,2,128,17,175,153,0.802
2025-11-18T19:10:03.860918,Source c0.avi,283,1,,256,23,354,252,0.902
2025-11-18T19:10:03.860918,Source c0.avi,284,2,,197,2,257,146,0.902
2025-11-18T19:10:03.887917,Source c1.avi,384,1,,265,6,302,135,0.813
2025-11-18T19:10:03.887917,Source c1.avi,385,2,,126,18,173,154,0.813
2025-11-18T19:10:03.972428,Source c0.avi,285,1,,260,23,357,252,0.917
2025-11-18T19:10:03.972428,Source c0.avi,286,2,,196,2,257,146,0.917
2025-11-18T19:10:04.001425,Source c1.avi,386,1,,262,6,299,134,0.769
2025-11-18T19:10:04.001425,Source c1.avi,387,2,,126,18,174,156,0.769
2025-11-18T19:10:04.083935,Source c0.avi,287,1,,263,23,360,254,0.908
2025-11-18T19:10:04.083935,Source c0.avi,288,2,,195,2,256,145,0.908
2025-11-18T19:10:04.112937,Source c1.avi,388,1,,258,6,297,135,0.776
2025-11-18T19:10:04.113937,Source c1.avi,389,2,,125,18,173,156,0.776
2025-11-18T19:10:04.197452,Source c0.avi,289,1,,267,23,362,253,0.910
2025-11-18T19:10:04.197452,Source c0.avi,290,2,,194,3,256,145,0.910
2025-11-18T19:10:04.225451,Source c1.avi,390,1,,255,6,294,135,0.883
2025-11-18T19:10:04.225451,Source c1.avi,391,2,,124,18,171,157,0.883
2025-11-18T19:10:04.307963,Source c0.avi,291,1,,270,22,363,253,0.909
2025-11-18T19:10:04.307963,Source c0.avi,292,2,,193,2,255,144,0.909
2025-11-18T19:10:04.337961,Source c1.avi,392,1,,251,6,292,135,0.852
2025-11-18T19:10:04.338962,Source c1.avi,393,2,,122,17,169,157,0.852
2025-11-18T19:10:04.420476,Source c0.avi,293,1,,272,22,364,254,0.870
2025-11-18T19:10:04.420476,Source c0.avi,294,2,,194,12,252,142,0.870
2025-11-18T19:10:04.450477,Source c1.avi,394,1,,248,6,290,135,0.820
2025-11-18T19:10:04.450477,Source c1.avi,395,2,,118,16,165,157,0.820
2025-11-18T19:10:04.536576,Source c0.avi,295,1,,274,22,363,253,0.899
2025-11-18T19:10:04.536576,Source c0.avi,296,2,,191,4,252,141,0.899
2025-11-18T19:10:04.565575,Source c1.avi,396,1,,245,6,289,135,0.823
2025-11-18T19:10:04.565575,Source c1.avi,397,2,,117,16,163,157,0.823
2025-11-18T19:10:04.648083,Source c0.avi,297,1,,275,21,363,253,0.892
2025-11-18T19:10:04.648083,Source c0.avi,298,2,,190,1,250,139,0.892
2025-11-18T19:10:04.676081,Source c1.avi,398,1,,243,7,287,133,0.851
2025-11-18T19:10:04.676081,Source c1.avi,399,2,,116,16,161,158,0.851
2025-11-18T19:10:04.764148,Source c0.avi,299,1,,275,21,362,252,0.903
2025-11-18T19:10:04.765152,Source c0.avi,300,2,,188,0,247,136,0.903
2025-11-18T19:10:04.794148,Source c1.avi,400,1,,242,7,288,133,0.845
2025-11-18T19:10:04.794148,Source c1.avi,401,2,,113,16,158,157,0.845
2025-11-18T19:10:04.888474,Source c0.avi,301,1,1,276,21,361,252,0.896
2025-11-18T19:10:04.899476,Source c0.avi,302,2,2,186,0,244,133,0.896
2025-11-18T19:10:04.940473,Source c1.avi,402,1,1,241,7,288,134,0.849
2025-11-18T19:10:04.950474,Source c1.avi,403,2,2,111,16,156,158,0.849
2025-11-18T19:10:05.037985,Source c0.avi,303,1,,276,21,361,253,0.871
2025-11-18T19:10:05.037985,Source c0.avi,304,2,,183,0,238,132,0.871
2025-11-18T19:10:05.079985,Source c1.avi,404,1,,240,7,287,133,0.839
2025-11-18T19:10:05.079985,Source c1.avi,405,2,,109,16,153,158,0.839
2025-11-18T19:10:05.170916,Source c0.avi,305,1,,276,21,360,253,0.875
2025-11-18T19:10:05.170916,Source c0.avi,306,2,,179,0,234,131,0.875
2025-11-18T19:10:05.202916,Source c1.avi,406,1,,239,7,287,132,0.853
2025-11-18T19:10:05.203916,Source c1.avi,407,2,,108,16,153,159,0.853
2025-11-18T19:10:05.290235,Source c0.avi,307,1,,277,21,360,253,0.790
2025-11-18T19:10:05.290235,Source c0.avi,308,2,,176,0,230,131,0.790
2025-11-18T19:10:05.318239,Source c1.avi,408,1,,238,7,286,132,0.856
2025-11-18T19:10:05.318239,Source c1.avi,409,2,,105,17,151,161,0.856
2025-11-18T19:10:05.401745,Source c0.avi,309,1,,278,20,359,253,0.886
2025-11-18T19:10:05.401745,Source c0.avi,310,2,,173,0,226,131,0.886
2025-11-18T19:10:05.433747,Source c1.avi,410,1,,238,6,286,131,0.859
2025-11-18T19:10:05.433747,Source c1.avi,411,2,,104,17,150,163,0.859
2025-11-18T19:10:05.517963,Source c0.avi,311,1,,278,20,359,253,0.882
2025-11-18T19:10:05.517963,Source c0.avi,312,2,,171,0,223,131,0.882
2025-11-18T19:10:05.546963,Source c1.avi,412,1,,237,5,286,130,0.820
2025-11-18T19:10:05.546963,Source c1.avi,413,2,,102,18,149,164,0.820
2025-11-18T19:10:05.630480,Source c0.avi,313,1,,283,45,355,252,0.831
2025-11-18T19:10:05.630480,Source c0.avi,314,2,,170,0,221,131,0.831
2025-11-18T19:10:05.662478,Source c1.avi,414,1,,236,5,286,130,0.841
2025-11-18T19:10:05.662478,Source c1.avi,415,2,,100,19,148,165,0.841
2025-11-18T19:10:05.743990,Source c0.avi,315,1,,281,26,358,249,0.845
2025-11-18T19:10:05.743990,Source c0.avi,316,2,,168,0,219,131,0.845
2025-11-18T19:10:05.771988,Source c1.avi,416,1,,234,5,283,129,0.822
2025-11-18T19:10:05.771988,Source c1.avi,417,2,,100,19,148,165,0.822
2025-11-18T19:10:05.858497,Source c0.avi,317,1,,280,20,358,249,0.854
2025-11-18T19:10:05.858497,Source c0.avi,318,2,,166,0,216,131,0.854
2025-11-18T19:10:05.887496,Source c1.avi,418,1,,233,5,282,129,0.860
2025-11-18T19:10:05.887496,Source c1.avi,419,2,,100,21,148,165,0.860
2025-11-18T19:10:05.979993,Source c0.avi,319,1,,280,17,358,247,0.880
2025-11-18T19:10:05.979993,Source c0.avi,320,2,,164,0,214,131,0.880
2025-11-18T19:10:06.008992,Source c1.avi,420,1,,231,5,279,128,0.775
2025-11-18T19:10:06.008992,Source c1.avi,421,2,,100,21,148,165,0.775
2025-11-18T19:10:06.109504,Source c0.avi,321,1,1,281,15,356,244,0.883
2025-11-18T19:10:06.120503,Source c0.avi,322,2,2,161,0,212,131,0.883
2025-11-18T19:10:06.161503,Source c1.avi,422,1,1,230,4,277,128,0.823
2025-11-18T19:10:06.175504,Source c1.avi,423,2,2,99,23,149,172,0.823
2025-11-18T19:10:06.264018,Source c0.avi,323,1,,281,14,354,239,0.877
2025-11-18T19:10:06.265018,Source c0.avi,324,2,,159,0,210,131,0.877
2025-11-18T19:10:06.287017,Source c1.avi,424,1,,229,4,276,127,0.813
2025-11-18T19:10:06.287017,Source c1.avi,425,2,,96,24,147,177,0.813
2025-11-18T19:10:06.389531,Source c0.avi,325,1,,282,13,354,232,0.886
2025-11-18T19:10:06.390531,Source c0.avi,326,2,,157,0,208,130,0.886
2025-11-18T19:10:06.425531,Source c1.avi,426,1,,229,4,275,128,0.773
2025-11-18T19:10:06.426532,Source c1.avi,427,2,,93,24,147,181,0.773
2025-11-18T19:10:06.519979,Source c0.avi,327,1,,283,12,352,226,0.878
2025-11-18T19:10:06.519979,Source c0.avi,328,2,,157,0,209,130,0.878
2025-11-18T19:10:06.551978,Source c1.avi,428,1,,230,4,273,128,0.775
2025-11-18T19:10:06.551978,Source c1.avi,429,2,,91,24,145,183,0.775
2025-11-18T19:10:06.642040,Source c0.avi,329,1,,283,12,351,221,0.850
2025-11-18T19:10:06.642040,Source c0.avi,330,2,,154,0,207,129,0.850
2025-11-18T19:10:06.676037,Source c1.avi,430,1,,228,4,272,128,0.864
2025-11-18T19:10:06.676037,Source c1.avi,431,2,,89,24,143,183,0.864
2025-11-18T19:10:06.762551,Source c0.avi,331,1,,284,11,350,217,0.897
2025-11-18T19:10:06.762551,Source c0.avi,332,2,,153,0,206,129,0.897
2025-11-18T19:10:06.785551,Source c1.avi,432,1,,227,4,271,127,0.872
2025-11-18T19:10:06.786551,Source c1.avi,433,2,,86,23,141,184,0.872
2025-11-18T19:10:06.868059,Source c0.avi,333,1,,285,11,350,214,0.902
2025-11-18T19:10:06.868059,Source c0.avi,334,2,,151,0,205,129,0.902
2025-11-18T19:10:06.900058,Source c1.avi,434,1,,221,4,264,128,0.799
2025-11-18T19:10:06.900058,Source c1.avi,435,2,,84,22,138,184,0.799
2025-11-18T19:10:06.981140,Source c0.avi,335,1,,284,11,349,211,0.888
2025-11-18T19:10:06.981140,Source c0.avi,336,2,,150,0,204,128,0.888
2025-11-18T19:10:07.008138,Source c1.avi,436,1,,219,4,262,128,0.862
2025-11-18T19:10:07.008138,Source c1.avi,437,2,,82,22,136,183,0.862
2025-11-18T19:10:07.093651,Source c0.avi,337,1,,284,10,348,210,0.858
2025-11-18T19:10:07.093651,Source c0.avi,338,2,,148,0,202,128,0.858
2025-11-18T19:10:07.124651,Source c1.avi,438,1,,214,4,258,128,0.774
2025-11-18T19:10:07.124651,Source c1.avi,439,2,,80,23,134,183,0.774
2025-11-18T19:10:07.213817,Source c0.avi,339,1,,283,10,348,209,0.789
2025-11-18T19:10:07.213817,Source c0.avi,340,2,,147,0,200,126,0.789
2025-11-18T19:10:07.244817,Source c1.avi,440,1,,212,4,256,128,0.844
2025-11-18T19:10:07.244817,Source c1.avi,441,2,,78,23,132,183,0.844
2025-11-18T19:10:07.352028,Source c0.avi,341,1,1,284,10,348,210,0.793
2025-11-18T19:10:07.369025,Source c0.avi,342,2,2,145,0,196,122,0.793
2025-11-18T19:10:07.427027,Source c1.avi,442,1,1,209,4,254,128,0.846
2025-11-18T19:10:07.451026,Source c1.avi,443,2,2,77,22,131,183,0.846
2025-11-18T19:10:07.549468,Source c0.avi,343,1,,284,10,348,209,0.783
2025-11-18T19:10:07.549468,Source c0.avi,344,2,,144,0,193,120,0.783
2025-11-18T19:10:07.582469,Source c1.avi,444,1,,208,4,253,128,0.755
2025-11-18T19:10:07.582469,Source c1.avi,445,2,,75,23,130,184,0.755
2025-11-18T19:10:07.671980,Source c0.avi,345,1,,283,10,347,210,0.753
2025-11-18T19:10:07.671980,Source c0.avi,346,2,,144,0,192,120,0.753
2025-11-18T19:10:07.701979,Source c1.avi,446,1,,206,4,252,128,0.795
2025-11-18T19:10:07.701979,Source c1.avi,447,2,,74,23,130,188,0.795
2025-11-18T19:10:07.781288,Source c0.avi,347,1,,283,9,347,210,0.896
2025-11-18T19:10:07.781288,Source c0.avi,348,2,,142,0,190,119,0.896
2025-11-18T19:10:07.813288,Source c1.avi,448,1,,205,5,251,128,0.794
2025-11-18T19:10:07.813288,Source c1.avi,449,2,,73,23,130,193,0.794
2025-11-18T19:10:07.893784,Source c0.avi,349,1,,283,9,347,209,0.890
2025-11-18T19:10:07.893784,Source c0.avi,350,2,,140,0,188,118,0.890
2025-11-18T19:10:07.928785,Source c1.avi,450,1,,204,5,251,129,0.858
2025-11-18T19:10:07.928785,Source c1.avi,451,2,,72,24,129,197,0.858
2025-11-18T19:10:08.017303,Source c0.avi,351,1,,284,10,348,209,0.867
2025-11-18T19:10:08.017303,Source c0.avi,352,2,,132,0,179,121,0.867
2025-11-18T19:10:08.052300,Source c1.avi,452,1,,203,5,251,128,0.878
2025-11-18T19:10:08.052300,Source c1.avi,453,2,,72,25,129,196,0.878
2025-11-18T19:10:08.135826,Source c0.avi,353,1,,283,9,347,210,0.822
2025-11-18T19:10:08.135826,Source c0.avi,354,2,,128,0,175,121,0.822
2025-11-18T19:10:08.167826,Source c1.avi,454,1,,204,5,252,128,0.867
2025-11-18T19:10:08.167826,Source c1.avi,455,2,,72,26,128,195,0.867
2025-11-18T19:10:08.250342,Source c0.avi,355,1,,283,9,346,210,0.786
2025-11-18T19:10:08.250342,Source c0.avi,356,2,,127,0,172,121,0.786
2025-11-18T19:10:08.282337,Source c1.avi,456,1,,202,4,251,128,0.853
2025-11-18T19:10:08.282337,Source c1.avi,457,2,,70,27,127,196,0.853
2025-11-18T19:10:08.373859,Source c0.avi,357,1,,283,9,346,210,0.840
2025-11-18T19:10:08.373859,Source c0.avi,358,2,,125,0,170,120,0.840
2025-11-18T19:10:08.410857,Source c1.avi,458,1,,201,4,250,128,0.810
2025-11-18T19:10:08.410857,Source c1.avi,459,2,,70,28,128,203,0.810
2025-11-18T19:10:08.507375,Source c0.avi,359,1,,283,9,345,210,0.859
2025-11-18T19:10:08.507375,Source c0.avi,360,2,,123,0,168,119,0.859
2025-11-18T19:10:08.542372,Source c1.avi,460,1,,200,4,249,128,0.756
2025-11-18T19:10:08.542372,Source c1.avi,461,2,,62,30,122,201,0.756
2025-11-18T19:10:08.651885,Source c0.avi,361,1,1,282,8,345,209,0.867
2025-11-18T19:10:08.663886,Source c0.avi,362,2,2,118,0,164,119,0.867
2025-11-18T19:10:08.714884,Source c1.avi,462,1,1,200,3,248,125,0.799
2025-11-18T19:10:08.726888,Source c1.avi,463,2,2,65,30,126,208,0.799
2025-11-18T19:10:08.817921,Source c0.avi,363,1,,283,7,345,208,0.856
2025-11-18T19:10:08.817921,Source c0.avi,364,2,,116,0,164,119,0.856
2025-11-18T19:10:08.854923,Source c1.avi,464,1,,199,3,247,126,0.789
2025-11-18T19:10:08.854923,Source c1.avi,465,2,,57,31,120,208,0.789
2025-11-18T19:10:08.940409,Source c0.avi,365,1,,284,5,344,205,0.829
2025-11-18T19:10:08.940409,Source c0.avi,366,2,,116,0,165,119,0.829
2025-11-18T19:10:08.975409,Source c1.avi,466,1,,198,2,246,125,0.819
2025-11-18T19:10:08.975409,Source c1.avi,467,2,,53,32,118,207,0.819
2025-11-18T19:10:09.062916,Source c0.avi,367,1,,284,5,343,203,0.864
2025-11-18T19:10:09.062916,Source c0.avi,368,2,,117,0,166,119,0.864
2025-11-18T19:10:09.096917,Source c1.avi,468,1,,197,2,245,125,0.843
2025-11-18T19:10:09.097916,Source c1.avi,469,2,,51,31,117,209,0.843
2025-11-18T19:10:09.196426,Source c0.avi,369,1,,283,4,342,199,0.868
2025-11-18T19:10:09.196426,Source c0.avi,370,2,,116,0,166,119,0.868
2025-11-18T19:10:09.225424,Source c1.avi,470,1,,196,2,244,125,0.855
2025-11-18T19:10:09.225424,Source c1.avi,471,2,,51,31,117,206,0.855
2025-11-18T19:10:09.315939,Source c0.avi,371,1,,283,3,341,196,0.863
2025-11-18T19:10:09.315939,Source c0.avi,372,2,,116,0,167,120,0.863
2025-11-18T19:10:09.338940,Source c1.avi,472,1,,195,2,243,124,0.817
2025-11-18T19:10:09.338940,Source c1.avi,473,2,,56,30,122,206,0.817
2025-11-18T19:10:09.424450,Source c0.avi,373,1,,284,3,340,191,0.803
2025-11-18T19:10:09.424450,Source c0.avi,374,2,,118,0,171,120,0.803
2025-11-18T19:10:09.469451,Source c1.avi,474,1,,191,2,236,123,0.795
2025-11-18T19:10:09.469451,Source c1.avi,475,2,,52,30,118,205,0.795
2025-11-18T19:10:09.552766,Source c0.avi,375,1,,284,2,339,186,0.805
2025-11-18T19:10:09.552766,Source c0.avi,376,2,,116,0,170,120,0.805
2025-11-18T19:10:09.585767,Source c1.avi,476,1,,191,2,234,123,0.791
2025-11-18T19:10:09.585767,Source c1.avi,477,2,,51,30,118,207,0.791
2025-11-18T19:10:09.667276,Source c0.avi,377,1,,284,2,338,180,0.893
2025-11-18T19:10:09.667276,Source c0.avi,378,2,,115,0,169,120,0.893
2025-11-18T19:10:09.700280,Source c1.avi,478,1,,190,2,232,125,0.782
2025-11-18T19:10:09.700280,Source c1.avi,479,2,,51,31,118,207,0.782
2025-11-18T19:10:09.783800,Source c0.avi,379,1,,283,2,337,178,0.791
2025-11-18T19:10:09.783800,Source c0.avi,380,2,,108,0,160,119,0.791
2025-11-18T19:10:09.813797,Source c1.avi,480,1,,188,2,229,126,0.803
2025-11-18T19:10:09.813797,Source c1.avi,481,2,,51,32,118,208,0.803
2025-11-18T19:10:09.914848,Source c0.avi,381,1,1,282,1,336,178,0.897
2025-11-18T19:10:09.925846,Source c0.avi,382,2,2,106,0,159,119,0.897
2025-11-18T19:10:09.965845,Source c1.avi,482,1,1,186,2,228,127,0.876
2025-11-18T19:10:09.976847,Source c1.avi,483,2,2,50,32,119,214,0.876
2025-11-18T19:10:10.059357,Source c0.avi,383,1,,280,1,335,176,0.781
2025-11-18T19:10:10.059357,Source c0.avi,384,2,,103,0,155,119,0.781
2025-11-18T19:10:10.083359,Source c1.avi,484,1,,185,2,226,127,0.863
2025-11-18T19:10:10.083359,Source c1.avi,485,2,,49,32,118,214,0.863
2025-11-18T19:10:10.170869,Source c0.avi,385,1,,279,0,334,176,0.856
2025-11-18T19:10:10.170869,Source c0.avi,386,2,,101,0,153,118,0.856
2025-11-18T19:10:10.194869,Source c1.avi,486,1,,183,1,224,127,0.820
2025-11-18T19:10:10.194869,Source c1.avi,487,2,,49,33,118,213,0.820
2025-11-18T19:10:10.280081,Source c0.avi,387,1,,279,0,336,175,0.816
2025-11-18T19:10:10.280081,Source c0.avi,388,2,,95,0,147,119,0.816
2025-11-18T19:10:10.305082,Source c1.avi,488,1,,181,1,223,127,0.875
2025-11-18T19:10:10.305082,Source c1.avi,489,2,,48,34,117,212,0.875
2025-11-18T19:10:10.383472,Source c0.avi,389,1,,275,0,333,175,0.833
2025-11-18T19:10:10.383472,Source c0.avi,390,2,,90,0,139,119,0.833
2025-11-18T19:10:10.408471,Source c1.avi,490,1,,180,1,221,127,0.797
2025-11-18T19:10:10.408471,Source c1.avi,491,2,,47,35,119,225,0.797
2025-11-18T19:10:10.490601,Source c0.avi,391,1,,273,0,331,175,0.839
2025-11-18T19:10:10.490601,Source c0.avi,392,2,,86,0,135,119,0.839
2025-11-18T19:10:10.525602,Source c1.avi,492,1,,175,2,217,125,0.855
2025-11-18T19:10:10.525602,Source c1.avi,493,2,,48,35,119,227,0.855
2025-11-18T19:10:10.608111,Source c0.avi,393,1,,270,0,330,177,0.826
2025-11-18T19:10:10.608111,Source c0.avi,394,2,,84,0,132,119,0.826
2025-11-18T19:10:10.638109,Source c1.avi,494,1,,173,2,216,127,0.861
2025-11-18T19:10:10.638109,Source c1.avi,495,2,,48,37,119,228,0.861
2025-11-18T19:10:10.719436,Source c0.avi,395,1,,268,0,328,176,0.841
2025-11-18T19:10:10.719436,Source c0.avi,396,2,,84,0,130,119,0.841
2025-11-18T19:10:10.750433,Source c1.avi,496,1,,170,2,215,127,0.820
2025-11-18T19:10:10.750433,Source c1.avi,497,2,,47,38,119,231,0.820
2025-11-18T19:10:10.836939,Source c0.avi,397,1,,267,0,327,175,0.853
2025-11-18T19:10:10.836939,Source c0.avi,398,2,,83,0,128,120,0.853
2025-11-18T19:10:10.869937,Source c1.avi,498,1,,170,3,215,128,0.865
2025-11-18T19:10:10.870937,Source c1.avi,499,2,,46,39,119,236,0.865
2025-11-18T19:10:10.954971,Source c0.avi,399,1,,265,0,327,176,0.861
2025-11-18T19:10:10.954971,Source c0.avi,400,2,,82,0,128,120,0.861
2025-11-18T19:10:10.987969,Source c1.avi,500,1,,169,3,215,128,0.857
2025-11-18T19:10:10.987969,Source c1.avi,501,2,,45,40,121,246,0.857
2025-11-18T19:10:11.083274,Source c0.avi,401,1,1,263,0,325,176,0.865
2025-11-18T19:10:11.095270,Source c0.avi,402,2,2,81,0,126,120,0.865
2025-11-18T19:10:11.140272,Source c1.avi,502,1,1,169,4,215,129,0.837
2025-11-18T19:10:11.151272,Source c1.avi,503,2,2,45,42,121,252,0.837
2025-11-18T19:10:11.232362,Source c0.avi,403,1,,262,1,324,175,0.880
2025-11-18T19:10:11.232362,Source c0.avi,404,2,,79,0,124,121,0.880
2025-11-18T19:10:11.263360,Source c1.avi,504,1,,168,4,215,130,0.812
2025-11-18T19:10:11.263360,Source c1.avi,505,2,,45,43,122,255,0.812
2025-11-18T19:10:11.349562,Source c0.avi,405,1,,260,1,322,175,0.870
2025-11-18T19:10:11.349562,Source c0.avi,406,2,,76,0,122,121,0.870
2025-11-18T19:10:11.381561,Source c1.avi,506,1,,167,4,214,130,0.873
2025-11-18T19:10:11.381561,Source c1.avi,507,2,,46,45,123,256,0.873
2025-11-18T19:10:11.463909,Source c0.avi,407,1,,258,1,321,176,0.857
2025-11-18T19:10:11.463909,Source c0.avi,408,2,,74,0,121,122,0.857
2025-11-18T19:10:11.498909,Source c1.avi,508,1,,166,3,214,130,0.772
2025-11-18T19:10:11.498909,Source c1.avi,509,2,,48,46,124,254,0.772
2025-11-18T19:10:11.583426,Source c0.avi,409,1,,257,1,320,176,0.870
2025-11-18T19:10:11.583426,Source c0.avi,410,2,,73,0,121,122,0.870
2025-11-18T19:10:11.615426,Source c1.avi,510,1,,165,4,213,130,0.796
2025-11-18T19:10:11.615426,Source c1.avi,511,2,,49,46,125,254,0.796
2025-11-18T19:10:11.699939,Source c0.avi,411,1,,256,1,318,175,0.873
2025-11-18T19:10:11.699939,Source c0.avi,412,2,,73,0,122,123,0.873
2025-11-18T19:10:11.732939,Source c1.avi,512,1,,164,4,212,130,0.875
2025-11-18T19:10:11.732939,Source c1.avi,513,2,,50,46,125,250,0.875
2025-11-18T19:10:11.817388,Source c0.avi,413,1,,254,0,317,174,0.872
2025-11-18T19:10:11.817388,Source c0.avi,414,2,,71,0,122,124,0.872
2025-11-18T19:10:11.842390,Source c1.avi,514,1,,163,4,211,131,0.875
2025-11-18T19:10:11.842390,Source c1.avi,515,2,,49,46,126,253,0.875
2025-11-18T19:10:11.923900,Source c0.avi,415,1,,254,0,316,173,0.837
2025-11-18T19:10:11.923900,Source c0.avi,416,2,,71,0,121,123,0.837
2025-11-18T19:10:11.952899,Source c1.avi,516,1,,162,4,210,131,0.896
2025-11-18T19:10:11.952899,Source c1.avi,517,2,,48,47,126,255,0.896
2025-11-18T19:10:12.036339,Source c0.avi,417,1,,253,0,313,170,0.776
2025-11-18T19:10:12.036339,Source c0.avi,418,2,,70,0,120,122,0.776
2025-11-18T19:10:12.061337,Source c1.avi,518,1,,161,4,209,131,0.868
2025-11-18T19:10:12.061337,Source c1.avi,519,2,,48,47,126,256,0.868
2025-11-18T19:10:12.152744,Source c0.avi,419,1,,252,0,311,166,0.811
2025-11-18T19:10:12.152744,Source c0.avi,420,2,,68,0,118,122,0.811
2025-11-18T19:10:12.175742,Source c1.avi,520,1,,160,4,208,131,0.866
2025-11-18T19:10:12.175742,Source c1.avi,521,2,,48,47,127,257,0.866
2025-11-18T19:10:12.272926,Source c0.avi,421,1,1,252,0,310,165,0.842
2025-11-18T19:10:12.284928,Source c0.avi,422,2,2,65,0,115,121,0.842
2025-11-18T19:10:12.321925,Source c1.avi,522,1,1,159,4,207,132,0.880
2025-11-18T19:10:12.340928,Source c1.avi,523,2,2,49,47,127,255,0.880
2025-11-18T19:10:12.434149,Source c0.avi,423,1,,252,0,308,161,0.828
2025-11-18T19:10:12.434149,Source c0.avi,424,2,,62,0,112,121,0.828
2025-11-18T19:10:12.460148,Source c1.avi,524,1,,158,4,206,132,0.854
2025-11-18T19:10:12.460148,Source c1.avi,525,2,,48,47,127,255,0.854
2025-11-18T19:10:12.546659,Source c0.avi,425,1,,252,0,306,157,0.787
2025-11-18T19:10:12.546659,Source c0.avi,426,2,,59,0,108,120,0.787
2025-11-18T19:10:12.568658,Source c1.avi,526,1,,157,4,205,132,0.869
2025-11-18T19:10:12.568658,Source c1.avi,527,2,,48,47,126,254,0.869
2025-11-18T19:10:12.662904,Source c0.avi,427,1,,252,0,305,154,0.761
2025-11-18T19:10:12.662904,Source c0.avi,428,2,,56,0,105,122,0.761
2025-11-18T19:10:12.685900,Source c1.avi,528,1,,155,4,204,132,0.878
2025-11-18T19:10:12.686899,Source c1.avi,529,2,,49,47,128,256,0.878
2025-11-18T19:10:12.773414,Source c0.avi,429,1,,251,0,303,153,0.804
2025-11-18T19:10:12.773414,Source c0.avi,430,2,,54,0,103,124,0.804
2025-11-18T19:10:12.797414,Source c1.avi,530,1,,154,4,203,133,0.884
2025-11-18T19:10:12.797414,Source c1.avi,531,2,,52,48,132,257,0.884
2025-11-18T19:10:12.879926,Source c0.avi,431,1,,246,0,298,152,0.813
2025-11-18T19:10:12.879926,Source c0.avi,432,2,,52,0,100,125,0.813
2025-11-18T19:10:12.911928,Source c1.avi,532,1,,153,2,198,130,0.761
2025-11-18T19:10:12.911928,Source c1.avi,533,2,,54,48,136,258,0.761
2025-11-18T19:10:12.994112,Source c0.avi,433,1,,248,0,300,151,0.806
2025-11-18T19:10:12.994112,Source c0.avi,434,2,,51,0,99,126,0.806
2025-11-18T19:10:13.029111,Source c1.avi,534,1,,151,2,197,130,0.860
2025-11-18T19:10:13.030112,Source c1.avi,535,2,,57,49,140,258,0.860
2025-11-18T19:10:13.122622,Source c0.avi,435,1,,248,0,299,151,0.809
2025-11-18T19:10:13.122622,Source c0.avi,436,2,,50,0,98,129,0.809
2025-11-18T19:10:13.158622,Source c1.avi,536,1,,145,2,192,131,0.798
2025-11-18T19:10:13.158622,Source c1.avi,537,2,,61,49,144,257,0.798
2025-11-18T19:10:13.245134,Source c0.avi,437,1,,247,0,297,151,0.785
2025-11-18T19:10:13.245134,Source c0.avi,438,2,,49,0,96,130,0.785
2025-11-18T19:10:13.279134,Source c1.avi,538,1,,144,3,191,131,0.851
2025-11-18T19:10:13.279134,Source c1.avi,539,2,,65,49,150,257,0.851
2025-11-18T19:10:13.367557,Source c0.avi,439,1,,248,0,298,151,0.793
2025-11-18T19:10:13.367557,Source c0.avi,440,2,,47,0,94,132,0.793
2025-11-18T19:10:13.401559,Source c1.avi,540,1,,143,3,191,131,0.826
2025-11-18T19:10:13.401559,Source c1.avi,541,2,,67,49,152,253,0.826
2025-11-18T19:10:13.499070,Source c0.avi,441,1,1,246,0,296,150,0.758
2025-11-18T19:10:13.510074,Source c0.avi,442,2,2,46,0,94,134,0.758
2025-11-18T19:10:13.555071,Source c1.avi,542,1,1,143,3,190,131,0.827
2025-11-18T19:10:13.567071,Source c1.avi,543,2,2,72,49,161,257,0.827
2025-11-18T19:10:13.658582,Source c0.avi,443,1,,247,0,296,150,0.794
2025-11-18T19:10:13.658582,Source c0.avi,444,2,,46,0,93,135,0.794
2025-11-18T19:10:13.689581,Source c1.avi,544,1,,143,3,191,131,0.780
2025-11-18T19:10:13.689581,Source c1.avi,545,2,,75,50,165,257,0.780
2025-11-18T19:10:13.785093,Source c0.avi,445,1,,243,0,292,150,0.836
2025-11-18T19:10:13.785093,Source c0.avi,446,2,,46,0,93,136,0.836
2025-11-18T19:10:13.817092,Source c1.avi,546,1,,141,3,190,131,0.814
2025-11-18T19:10:13.817092,Source c1.avi,547,2,,76,50,168,258,0.814
2025-11-18T19:10:13.901605,Source c0.avi,447,1,,241,0,290,151,0.773
2025-11-18T19:10:13.901605,Source c0.avi,448,2,,46,0,92,137,0.773
2025-11-18T19:10:13.934603,Source c1.avi,548,1,,139,4,187,132,0.833
2025-11-18T19:10:13.934603,Source c1.avi,549,2,,77,50,169,258,0.833
2025-11-18T19:10:14.020111,Source c0.avi,449,1,,239,0,289,152,0.812
2025-11-18T19:10:14.020111,Source c0.avi,450,2,,45,0,91,139,0.812
2025-11-18T19:10:14.056113,Source c1.avi,550,1,,138,4,186,132,0.866
2025-11-18T19:10:14.056113,Source c1.avi,551,2,,80,52,173,259,0.866
2025-11-18T19:10:14.146367,Source c0.avi,451,1,,240,0,289,151,0.833
2025-11-18T19:10:14.146367,Source c0.avi,452,2,,44,0,91,143,0.833
2025-11-18T19:10:14.184366,Source c1.avi,552,1,,140,4,187,131,0.861
2025-11-18T19:10:14.184366,Source c1.avi,553,2,,83,51,177,260,0.861
2025-11-18T19:10:14.276718,Source c0.avi,453,1,,240,0,289,151,0.830
2025-11-18T19:10:14.276718,Source c0.avi,454,2,,44,0,90,144,0.830
2025-11-18T19:10:14.312720,Source c1.avi,554,1,,140,5,186,130,0.882
2025-11-18T19:10:14.312720,Source c1.avi,555,2,,84,50,178,259,0.882
2025-11-18T19:10:14.399116,Source c0.avi,455,1,,239,0,288,150,0.847
2025-11-18T19:10:14.399116,Source c0.avi,456,2,,43,2,89,145,0.847
2025-11-18T19:10:14.438113,Source c1.avi,556,1,,141,5,187,131,0.855
2025-11-18T19:10:14.438113,Source c1.avi,557,2,,85,49,180,260,0.855
2025-11-18T19:10:14.522624,Source c0.avi,457,1,,238,0,286,150,0.821
2025-11-18T19:10:14.522624,Source c0.avi,458,2,,42,2,88,147,0.821
2025-11-18T19:10:14.555626,Source c1.avi,558,1,,143,4,187,130,0.784
2025-11-18T19:10:14.556629,Source c1.avi,559,2,,85,48,181,260,0.784
2025-11-18T19:10:14.646875,Source c0.avi,459,1,,241,9,285,149,0.777
2025-11-18T19:10:14.646875,Source c0.avi,460,2,,42,2,88,148,0.777
2025-11-18T19:10:14.682872,Source c1.avi,560,1,,142,5,186,130,0.853
2025-11-18T19:10:14.682872,Source c1.avi,561,2,,88,47,184,259,0.853
2025-11-18T19:10:14.791990,Source c0.avi,461,1,1,239,3,286,149,0.777
2025-11-18T19:10:14.810992,Source c0.avi,462,2,2,40,2,87,149,0.777
2025-11-18T19:10:14.851992,Source c1.avi,562,1,1,141,5,186,130,0.876
2025-11-18T19:10:14.869992,Source c1.avi,563,2,2,90,46,185,259,0.876
2025-11-18T19:10:14.956500,Source c0.avi,463,1,,238,4,284,150,0.796
2025-11-18T19:10:14.956500,Source c0.avi,464,2,,38,1,84,148,0.796
2025-11-18T19:10:14.981499,Source c1.avi,564,1,,141,5,185,130,0.888
2025-11-18T19:10:14.981499,Source c1.avi,565,2,,94,45,189,259,0.888
2025-11-18T19:10:15.082567,Source c0.avi,465,1,,238,2,284,150,0.823
2025-11-18T19:10:15.082567,Source c0.avi,466,2,,38,1,84,149,0.823
2025-11-18T19:10:15.104567,Source c1.avi,566,1,,140,5,185,130,0.867
2025-11-18T19:10:15.104567,Source c1.avi,567,2,,98,44,191,261,0.867
2025-11-18T19:10:15.205057,Source c0.avi,467,1,,238,1,283,147,0.790
2025-11-18T19:10:15.205057,Source c0.avi,468,2,,36,0,82,149,0.790
2025-11-18T19:10:15.228059,Source c1.avi,568,1,,140,5,184,130,0.868
2025-11-18T19:10:15.228059,Source c1.avi,569,2,,105,46,194,260,0.868
2025-11-18T19:10:15.320153,Source c0.avi,469,1,,238,1,283,147,0.823
2025-11-18T19:10:15.320153,Source c0.avi,470,2,,35,0,81,149,0.823
2025-11-18T19:10:15.340155,Source c1.avi,570,1,,139,5,183,130,0.816
2025-11-18T19:10:15.340155,Source c1.avi,571,2,,111,44,199,258,0.816
2025-11-18T19:10:15.437664,Source c0.avi,471,1,,238,0,282,146,0.808
2025-11-18T19:10:15.437664,Source c0.avi,472,2,,35,0,81,148,0.808
2025-11-18T19:10:15.460665,Source c1.avi,572,1,,139,5,183,130,0.892
2025-11-18T19:10:15.460665,Source c1.avi,573,2,,117,45,203,263,0.892
2025-11-18T19:10:15.560178,Source c0.avi,473,1,,238,0,282,144,0.802
2025-11-18T19:10:15.561178,Source c0.avi,474,2,,33,0,79,149,0.802
2025-11-18T19:10:15.584177,Source c1.avi,574,1,,138,5,182,130,0.896
2025-11-18T19:10:15.584177,Source c1.avi,575,2,,121,44,207,264,0.896
2025-11-18T19:10:15.686689,Source c0.avi,475,1,,239,0,281,142,0.817
2025-11-18T19:10:15.686689,Source c0.avi,476,2,,32,0,78,150,0.817
2025-11-18T19:10:15.708693,Source c1.avi,576,1,,138,5,182,130,0.898
2025-11-18T19:10:15.708693,Source c1.avi,577,2,,125,44,210,264,0.898
2025-11-18T19:10:15.805882,Source c0.avi,477,1,,239,0,281,141,0.847
2025-11-18T19:10:15.805882,Source c0.avi,478,2,,32,0,78,150,0.847
2025-11-18T19:10:15.827883,Source c1.avi,578,1,,137,5,181,130,0.863
2025-11-18T19:10:15.827883,Source c1.avi,579,2,,127,44,211,268,0.863
2025-11-18T19:10:15.917396,Source c0.avi,479,1,,237,0,280,140,0.811
2025-11-18T19:10:15.917396,Source c0.avi,480,2,,31,0,78,150,0.811
2025-11-18T19:10:15.942394,Source c1.avi,580,1,,137,6,181,130,0.849
2025-11-18T19:10:15.943394,Source c1.avi,581,2,,134,44,216,265,0.849
2025-11-18T19:10:16.056473,Source c0.avi,481,1,1,236,0,279,139,0.799
2025-11-18T19:10:16.074475,Source c0.avi,482,2,2,29,0,77,151,0.799
2025-11-18T19:10:16.123472,Source c1.avi,582,1,1,136,6,180,130,0.868
2025-11-18T19:10:16.140474,Source c1.avi,583,2,2,144,44,226,263,0.868
2025-11-18T19:10:16.229739,Source c0.avi,483,1,,237,0,280,137,0.864
2025-11-18T19:10:16.229739,Source c0.avi,484,2,,28,1,76,154,0.864
2025-11-18T19:10:16.254736,Source c1.avi,584,1,,136,6,179,130,0.885
2025-11-18T19:10:16.254736,Source c1.avi,585,2,,150,46,232,260,0.885
2025-11-18T19:10:16.345251,Source c0.avi,485,1,,237,0,279,136,0.856
2025-11-18T19:10:16.345251,Source c0.avi,486,2,,27,1,77,158,0.856
2025-11-18T19:10:16.369252,Source c1.avi,586,1,,135,6,179,130,0.896
2025-11-18T19:10:16.369252,Source c1.avi,587,2,,153,46,236,259,0.896
2025-11-18T19:10:16.458668,Source c0.avi,487,1,,235,0,277,136,0.872
2025-11-18T19:10:16.458668,Source c0.avi,488,2,,27,2,77,160,0.872
2025-11-18T19:10:16.483665,Source c1.avi,588,1,,135,6,178,130,0.882
2025-11-18T19:10:16.483665,Source c1.avi,589,2,,153,47,237,259,0.882
2025-11-18T19:10:16.571823,Source c0.avi,489,1,,233,0,276,135,0.869
2025-11-18T19:10:16.571823,Source c0.avi,490,2,,26,3,77,163,0.869
2025-11-18T19:10:16.611822,Source c1.avi,590,1,,122,3,166,139,0.785
2025-11-18T19:10:16.611822,Source c1.avi,591,2,,154,47,238,258,0.785
2025-11-18T19:10:16.704098,Source c0.avi,491,1,,229,0,274,135,0.884
2025-11-18T19:10:16.704098,Source c0.avi,492,2,,26,4,77,162,0.884
2025-11-18T19:10:16.740098,Source c1.avi,592,1,,122,3,164,141,0.826
2025-11-18T19:10:16.740098,Source c1.avi,593,2,,153,46,239,259,0.826
2025-11-18T19:10:16.833607,Source c0.avi,493,1,,227,0,273,135,0.888
2025-11-18T19:10:16.833607,Source c0.avi,494,2,,26,4,77,164,0.888
2025-11-18T19:10:16.871605,Source c1.avi,594,1,,122,3,163,142,0.839
2025-11-18T19:10:16.871605,Source c1.avi,595,2,,153,47,239,258,0.839
2025-11-18T19:10:16.966971,Source c0.avi,495,1,,226,0,272,134,0.885
2025-11-18T19:10:16.966971,Source c0.avi,496,2,,25,5,77,168,0.885
2025-11-18T19:10:17.006971,Source c1.avi,596,1,,121,3,161,142,0.819
2025-11-18T19:10:17.006971,Source c1.avi,597,2,,153,47,240,258,0.819
2025-11-18T19:10:17.148478,Source c0.avi,497,1,,224,0,271,133,0.877
2025-11-18T19:10:17.148478,Source c0.avi,498,2,,25,7,77,169,0.877
2025-11-18T19:10:17.223476,Source c1.avi,598,1,,121,3,160,142,0.856
2025-11-18T19:10:17.223476,Source c1.avi,599,2,,153,47,241,258,0.856
2025-11-18T19:10:17.312578,Source c0.avi,499,1,,222,0,270,133,0.887
2025-11-18T19:10:17.312578,Source c0.avi,500,2,,24,8,77,171,0.887
2025-11-18T19:10:17.347576,Source c1.avi,600,1,,121,3,159,142,0.817
2025-11-18T19:10:17.347576,Source c1.avi,601,2,,154,46,242,258,0.817
2025-11-18T19:10:17.445719,Source c0.avi,501,1,1,220,0,269,134,0.879
2025-11-18T19:10:17.458721,Source c0.avi,502,2,2,24,8,78,173,0.879
2025-11-18T19:10:17.506718,Source c1.avi,602,1,1,120,4,158,141,0.860
2025-11-18T19:10:17.516717,Source c1.avi,603,2,2,156,46,243,257,0.860
2025-11-18T19:10:17.609227,Source c0.avi,503,1,,219,0,268,135,0.882
2025-11-18T19:10:17.609227,Source c0.avi,504,2,,23,10,78,175,0.882
2025-11-18T19:10:17.647227,Source c1.avi,604,1,,119,4,157,142,0.835
2025-11-18T19:10:17.647227,Source c1.avi,605,2,,159,45,246,256,0.835
2025-11-18T19:10:17.736287,Source c0.avi,505,1,,218,0,267,134,0.868
2025-11-18T19:10:17.736287,Source c0.avi,506,2,,22,9,77,175,0.868
2025-11-18T19:10:17.777287,Source c1.avi,606,1,,119,4,157,143,0.863
2025-11-18T19:10:17.777287,Source c1.avi,607,2,,164,44,250,255,0.863
2025-11-18T19:10:17.865379,Source c0.avi,507,1,,217,0,268,135,0.866
2025-11-18T19:10:17.865379,Source c0.avi,508,2,,20,9,75,176,0.866
2025-11-18T19:10:17.903378,Source c1.avi,608,1,,118,4,156,144,0.845
2025-11-18T19:10:17.903378,Source c1.avi,609,2,,170,44,254,254,0.845
2025-11-18T19:10:17.993891,Source c0.avi,509,1,,217,0,268,135,0.852
2025-11-18T19:10:17.993891,Source c0.avi,510,2,,19,8,75,176,0.852
2025-11-18T19:10:18.029891,Source c1.avi,610,1,,117,5,155,144,0.849
2025-11-18T19:10:18.029891,Source c1.avi,611,2,,178,44,260,253,0.849
2025-11-18T19:10:18.117064,Source c0.avi,511,1,,216,0,267,134,0.847
2025-11-18T19:10:18.117064,Source c0.avi,512,2,,18,8,74,176,0.847
2025-11-18T19:10:18.151066,Source c1.avi,612,1,,116,5,154,145,0.852
2025-11-18T19:10:18.151066,Source c1.avi,613,2,,185,46,265,253,0.852
2025-11-18T19:10:18.238148,Source c0.avi,513,1,,215,0,266,134,0.874
2025-11-18T19:10:18.238148,Source c0.avi,514,2,,18,8,74,176,0.874
2025-11-18T19:10:18.284151,Source c1.avi,614,1,,115,5,154,144,0.861
2025-11-18T19:10:18.284151,Source c1.avi,615,2,,191,44,270,254,0.861
2025-11-18T19:10:18.379407,Source c0.avi,515,1,,213,0,264,134,0.823
2025-11-18T19:10:18.379407,Source c0.avi,516,2,,18,8,75,176,0.823
2025-11-18T19:10:18.415407,Source c1.avi,616,1,,115,5,153,145,0.842
2025-11-18T19:10:18.415407,Source c1.avi,617,2,,197,43,275,253,0.842
2025-11-18T19:10:18.503921,Source c0.avi,517,1,,212,0,262,134,0.831
2025-11-18T19:10:18.503921,Source c0.avi,518,2,,16,9,73,176,0.831
2025-11-18T19:10:18.541918,Source c1.avi,618,1,,114,5,153,144,0.856
2025-11-18T19:10:18.541918,Source c1.avi,619,2,,201,43,278,252,0.856
2025-11-18T19:10:18.631431,Source c0.avi,519,1,,211,0,261,135,0.857
2025-11-18T19:10:18.631431,Source c0.avi,520,2,,16,9,73,176,0.857
2025-11-18T19:10:18.674432,Source c1.avi,620,1,,113,5,152,144,0.842
2025-11-18T19:10:18.674432,Source c1.avi,621,2,,204,43,281,252,0.842
2025-11-18T19:10:18.769938,Source c0.avi,521,1,1,215,0,265,133,0.830
2025-11-18T19:10:18.785940,Source c0.avi,522,2,2,15,9,72,176,0.830
2025-11-18T19:10:18.831939,Source c1.avi,622,1,1,113,5,151,143,0.852
2025-11-18T19:10:18.842938,Source c1.avi,623,2,2,208,43,284,252,0.852
2025-11-18T19:10:18.931450,Source c0.avi,523,1,,212,0,262,133,0.777
2025-11-18T19:10:18.931450,Source c0.avi,524,2,,17,10,75,176,0.777
2025-11-18T19:10:18.967447,Source c1.avi,624,1,,112,5,151,144,0.837
2025-11-18T19:10:18.967447,Source c1.avi,625,2,,209,43,285,252,0.837
2025-11-18T19:10:19.057630,Source c0.avi,525,1,,211,0,260,134,0.853
2025-11-18T19:10:19.057630,Source c0.avi,526,2,,17,10,75,176,0.853
2025-11-18T19:10:19.093634,Source c1.avi,626,1,,111,5,151,145,0.842
2025-11-18T19:10:19.093634,Source c1.avi,627,2,,212,43,288,253,0.842
2025-11-18T19:10:19.181680,Source c0.avi,527,1,,211,0,259,132,0.812
2025-11-18T19:10:19.181680,Source c0.avi,528,2,,17,10,77,179,0.812
2025-11-18T19:10:19.216680,Source c1.avi,628,1,,111,5,151,144,0.852
2025-11-18T19:10:19.216680,Source c1.avi,629,2,,214,43,289,252,0.852
2025-11-18T19:10:19.303183,Source c0.avi,529,1,,210,0,258,133,0.792
2025-11-18T19:10:19.303183,Source c0.avi,530,2,,17,10,79,183,0.792
2025-11-18T19:10:19.337180,Source c1.avi,630,1,,111,5,151,144,0.843
2025-11-18T19:10:19.337180,Source c1.avi,631,2,,215,44,290,253,0.843
2025-11-18T19:10:19.424692,Source c0.avi,531,1,,211,0,257,132,0.836
2025-11-18T19:10:19.425692,Source c0.avi,532,2,,17,10,80,185,0.836
2025-11-18T19:10:19.462692,Source c1.avi,632,1,,112,5,152,143,0.856
2025-11-18T19:10:19.462692,Source c1.avi,633,2,,215,43,290,253,0.856
2025-11-18T19:10:19.552208,Source c0.avi,533,1,,211,0,257,131,0.808
2025-11-18T19:10:19.552208,Source c0.avi,534,2,,17,11,82,188,0.808
2025-11-18T19:10:19.587208,Source c1.avi,634,1,,112,5,153,143,0.852
2025-11-18T19:10:19.587208,Source c1.avi,635,2,,214,44,289,252,0.852
2025-11-18T19:10:19.677725,Source c0.avi,535,1,,211,0,257,132,0.812
2025-11-18T19:10:19.677725,Source c0.avi,536,2,,18,11,83,189,0.812
2025-11-18T19:10:19.716725,Source c1.avi,636,1,,112,5,153,143,0.857
2025-11-18T19:10:19.716725,Source c1.avi,637,2,,215,45,289,251,0.857
2025-11-18T19:10:19.807235,Source c0.avi,537,1,,211,0,257,132,0.787
2025-11-18T19:10:19.808236,Source c0.avi,538,2,,18,13,85,192,0.787
2025-11-18T19:10:19.844236,Source c1.avi,638,1,,113,5,155,143,0.835
2025-11-18T19:10:19.844236,Source c1.avi,639,2,,216,45,289,251,0.835
2025-11-18T19:10:19.935743,Source c0.avi,539,1,,211,0,256,133,0.759
2025-11-18T19:10:19.935743,Source c0.avi,540,2,,19,14,87,195,0.759
2025-11-18T19:10:19.968742,Source c1.avi,640,1,,114,5,156,143,0.839
2025-11-18T19:10:19.968742,Source c1.avi,641,2,,218,45,291,250,0.839
2025-11-18T19:10:20.068254,Source c0.avi,541,1,1,210,0,255,134,0.791
2025-11-18T19:10:20.079253,Source c0.avi,542,2,2,20,15,89,198,0.791
2025-11-18T19:10:20.135257,Source c1.avi,642,1,1,114,5,157,144,0.845
2025-11-18T19:10:20.146254,Source c1.avi,643,2,2,220,44,294,249,0.845
2025-11-18T19:10:20.231454,Source c0.avi,543,1,,209,0,255,134,0.886
2025-11-18T19:10:20.232456,Source c0.avi,544,2,,20,16,91,202,0.886
2025-11-18T19:10:20.267458,Source c1.avi,644,1,,115,5,159,145,0.828
2025-11-18T19:10:20.267458,Source c1.avi,645,2,,227,44,303,249,0.828
2025-11-18T19:10:20.345957,Source c0.avi,545,1,,209,0,254,134,0.875
2025-11-18T19:10:20.345957,Source c0.avi,546,2,,21,17,92,204,0.875
2025-11-18T19:10:20.382959,Source c1.avi,646,1,,115,6,160,146,0.824
2025-11-18T19:10:20.382959,Source c1.avi,647,2,,230,44,307,248,0.824
2025-11-18T19:10:20.458475,Source c0.avi,547,1,,208,0,253,135,0.878
2025-11-18T19:10:20.458475,Source c0.avi,548,2,,21,18,92,205,0.878
2025-11-18T19:10:20.496476,Source c1.avi,648,1,,115,6,161,147,0.813
2025-11-18T19:10:20.496476,Source c1.avi,649,2,,232,44,311,248,0.813
2025-11-18T19:10:20.577991,Source c0.avi,549,1,,208,0,253,135,0.875
2025-11-18T19:10:20.577991,Source c0.avi,550,2,,22,20,92,205,0.875
2025-11-18T19:10:20.615993,Source c1.avi,650,1,,115,6,162,148,0.833
2025-11-18T19:10:20.615993,Source c1.avi,651,2,,234,43,314,247,0.833
2025-11-18T19:10:20.692266,Source c0.avi,551,1,,207,0,252,135,0.888
2025-11-18T19:10:20.692266,Source c0.avi,552,2,,23,21,92,205,0.888
2025-11-18T19:10:20.730267,Source c1.avi,652,1,,115,5,163,149,0.821
2025-11-18T19:10:20.731267,Source c1.avi,653,2,,236,43,318,246,0.821
2025-11-18T19:10:20.823606,Source c0.avi,553,1,,205,0,248,132,0.777
2025-11-18T19:10:20.823606,Source c0.avi,554,2,,24,22,92,205,0.777
2025-11-18T19:10:20.866605,Source c1.avi,654,1,,115,6,163,150,0.772
2025-11-18T19:10:20.867607,Source c1.avi,655,2,,246,41,324,230,0.772
2025-11-18T19:10:20.952122,Source c0.avi,555,1,,205,0,248,137,0.772
2025-11-18T19:10:20.952122,Source c0.avi,556,2,,25,24,92,205,0.772
2025-11-18T19:10:20.992120,Source c1.avi,656,1,,115,6,164,152,0.840
2025-11-18T19:10:20.992120,Source c1.avi,657,2,,249,40,325,222,0.840
2025-11-18T19:10:21.079635,Source c0.avi,557,1,,204,0,247,137,0.866
2025-11-18T19:10:21.079635,Source c0.avi,558,2,,26,25,92,205,0.866
2025-11-18T19:10:21.118632,Source c1.avi,658,1,,115,6,163,152,0.819
2025-11-18T19:10:21.118632,Source c1.avi,659,2,,251,39,328,220,0.819
2025-11-18T19:10:21.207098,Source c0.avi,559,1,,202,0,245,138,0.785
2025-11-18T19:10:21.207098,Source c0.avi,560,2,,28,26,93,205,0.785
2025-11-18T19:10:21.245098,Source c1.avi,660,1,,115,6,163,153,0.812
2025-11-18T19:10:21.245098,Source c1.avi,661,2,,250,38,326,218,0.812
2025-11-18T19:10:21.344608,Source c0.avi,561,1,1,201,0,244,138,0.777
2025-11-18T19:10:21.359607,Source c0.avi,562,2,2,29,26,94,205,0.777
2025-11-18T19:10:21.414609,Source c1.avi,662,1,1,116,6,163,153,0.820
2025-11-18T19:10:21.425610,Source c1.avi,663,2,2,249,37,324,218,0.820
2025-11-18T19:10:21.521122,Source c0.avi,563,1,,200,0,242,139,0.814
2025-11-18T19:10:21.521122,Source c0.avi,564,2,,30,25,95,205,0.814
2025-11-18T19:10:21.556119,Source c1.avi,664,1,,116,6,163,153,0.829
2025-11-18T19:10:21.557121,Source c1.avi,665,2,,251,35,324,217,0.829
2025-11-18T19:10:21.646634,Source c0.avi,565,1,,199,0,242,138,0.816
2025-11-18T19:10:21.646634,Source c0.avi,566,2,,31,25,96,205,0.816
2025-11-18T19:10:21.687635,Source c1.avi,666,1,,117,6,163,153,0.786
2025-11-18T19:10:21.687635,Source c1.avi,667,2,,254,34,326,217,0.786
2025-11-18T19:10:21.776145,Source c0.avi,567,1,,199,0,241,138,0.839
2025-11-18T19:10:21.776145,Source c0.avi,568,2,,33,24,98,205,0.839
2025-11-18T19:10:21.812145,Source c1.avi,668,1,,118,6,163,153,0.834
2025-11-18T19:10:21.812145,Source c1.avi,669,2,,255,33,326,217,0.834
2025-11-18T19:10:21.908656,Source c0.avi,569,1,,199,0,240,138,0.833
2025-11-18T19:10:21.908656,Source c0.avi,570,2,,34,22,100,205,0.833
2025-11-18T19:10:21.952658,Source c1.avi,670,1,,118,7,164,153,0.798
2025-11-18T19:10:21.953656,Source c1.avi,671,2,,260,32,331,217,0.798
2025-11-18T19:10:22.046804,Source c0.avi,571,1,,199,0,240,136,0.840
2025-11-18T19:10:22.047804,Source c0.avi,572,2,,35,21,101,205,0.840
2025-11-18T19:10:22.084803,Source c1.avi,672,1,,119,7,164,153,0.800
2025-11-18T19:10:22.084803,Source c1.avi,673,2,,259,32,329,217,0.800
2025-11-18T19:10:22.173810,Source c0.avi,573,1,,198,0,239,137,0.814
2025-11-18T19:10:22.173810,Source c0.avi,574,2,,37,21,103,206,0.814
2025-11-18T19:10:22.210808,Source c1.avi,674,1,,120,7,164,153,0.784
2025-11-18T19:10:22.211811,Source c1.avi,675,2,,258,33,327,217,0.784
2025-11-18T19:10:22.302322,Source c0.avi,575,1,,198,0,239,137,0.825
2025-11-18T19:10:22.302322,Source c0.avi,576,2,,38,20,105,206,0.825
2025-11-18T19:10:22.340322,Source c1.avi,676,1,,120,7,165,153,0.854
2025-11-18T19:10:22.340322,Source c1.avi,677,2,,260,33,328,217,0.854
2025-11-18T19:10:22.429832,Source c0.avi,577,1,,198,0,238,135,0.820
2025-11-18T19:10:22.429832,Source c0.avi,578,2,,40,20,108,206,0.820
2025-11-18T19:10:22.458831,Source c1.avi,678,1,,121,7,165,153,0.873
2025-11-18T19:10:22.458831,Source c1.avi,679,2,,262,34,330,217,0.873
2025-11-18T19:10:22.545326,Source c0.avi,579,1,,197,0,237,136,0.826
2025-11-18T19:10:22.545326,Source c0.avi,580,2,,40,21,110,211,0.826
2025-11-18T19:10:22.582326,Source c1.avi,680,1,,122,7,165,152,0.787
2025-11-18T19:10:22.582326,Source c1.avi,681,2,,263,35,331,217,0.787
2025-11-18T19:10:22.687183,Source c0.avi,581,1,1,198,0,239,136,0.810
2025-11-18T19:10:22.699183,Source c0.avi,582,2,2,38,23,111,220,0.810
2025-11-18T19:10:22.746183,Source c1.avi,682,1,1,123,7,165,152,0.773
2025-11-18T19:10:22.758183,Source c1.avi,683,2,2,265,36,332,217,0.773
2025-11-18T19:10:22.849696,Source c0.avi,583,1,,196,0,238,137,0.839
2025-11-18T19:10:22.849696,Source c0.avi,584,2,,41,24,116,227,0.839
2025-11-18T19:10:22.886702,Source c1.avi,684,1,,124,7,165,152,0.755
2025-11-18T19:10:22.886702,Source c1.avi,685,2,,267,37,335,217,0.755
2025-11-18T19:10:22.978210,Source c0.avi,585,1,,196,0,239,138,0.845
2025-11-18T19:10:22.978210,Source c0.avi,586,2,,44,26,120,232,0.845
2025-11-18T19:10:23.012209,Source c1.avi,686,1,,125,7,166,152,0.768
2025-11-18T19:10:23.012209,Source c1.avi,687,2,,269,38,337,217,0.768
2025-11-18T19:10:23.104721,Source c0.avi,587,1,,195,0,239,138,0.844
2025-11-18T19:10:23.104721,Source c0.avi,588,2,,48,28,125,235,0.844
2025-11-18T19:10:23.143719,Source c1.avi,688,1,,124,8,164,152,0.777
2025-11-18T19:10:23.143719,Source c1.avi,689,2,,269,37,336,214,0.777
2025-11-18T19:10:23.233208,Source c0.avi,589,1,,196,0,240,138,0.853
2025-11-18T19:10:23.233208,Source c0.avi,590,2,,51,31,129,239,0.853
2025-11-18T19:10:23.275206,Source c1.avi,690,1,,125,7,165,152,0.791
2025-11-18T19:10:23.275206,Source c1.avi,691,2,,271,36,337,210,0.791
2025-11-18T19:10:23.362464,Source c0.avi,591,1,,195,0,239,138,0.829
2025-11-18T19:10:23.362464,Source c0.avi,592,2,,54,32,133,243,0.829
2025-11-18T19:10:23.396461,Source c1.avi,692,1,,127,8,165,151,0.771
2025-11-18T19:10:23.396461,Source c1.avi,693,2,,275,35,338,202,0.771
2025-11-18T19:10:23.492640,Source c0.avi,593,1,,193,0,238,138,0.833
2025-11-18T19:10:23.492640,Source c0.avi,594,2,,56,33,136,245,0.833
2025-11-18T19:10:23.530641,Source c1.avi,694,1,,129,8,168,151,0.805
2025-11-18T19:10:23.530641,Source c1.avi,695,2,,278,34,340,197,0.805
2025-11-18T19:10:23.620151,Source c0.avi,595,1,,194,0,240,139,0.859
2025-11-18T19:10:23.620151,Source c0.avi,596,2,,59,33,138,246,0.859
2025-11-18T19:10:23.656149,Source c1.avi,696,1,,131,7,171,151,0.783
2025-11-18T19:10:23.657149,Source c1.avi,697,2,,281,32,343,195,0.783
2025-11-18T19:10:23.748657,Source c0.avi,597,1,,193,0,239,140,0.862
2025-11-18T19:10:23.748657,Source c0.avi,598,2,,61,33,139,246,0.862
2025-11-18T19:10:23.790658,Source c1.avi,698,1,,133,7,173,152,0.806
2025-11-18T19:10:23.790658,Source c1.avi,699,2,,284,30,346,194,0.806
2025-11-18T19:10:23.878170,Source c0.avi,599,1,,193,0,240,141,0.857
2025-11-18T19:10:23.878170,Source c0.avi,600,2,,63,32,140,246,0.857
2025-11-18T19:10:23.914169,Source c1.avi,700,1,,133,7,175,152,0.832
2025-11-18T19:10:23.915170,Source c1.avi,701,2,,286,30,348,193,0.832
2025-11-18T19:10:24.015097,Source c0.avi,601,1,1,193,0,240,143,0.851
2025-11-18T19:10:24.026096,Source c0.avi,602,2,2,64,32,142,246,0.851
2025-11-18T19:10:24.092094,Source c1.avi,702,1,1,136,7,179,152,0.864
2025-11-18T19:10:24.105096,Source c1.avi,703,2,2,287,29,349,194,0.864
2025-11-18T19:10:24.195512,Source c0.avi,603,1,,193,0,241,144,0.859
2025-11-18T19:10:24.195512,Source c0.avi,604,2,,68,31,145,246,0.859
2025-11-18T19:10:24.230513,Source c1.avi,704,1,,136,7,180,151,0.789
2025-11-18T19:10:24.231513,Source c1.avi,705,2,,288,29,350,194,0.789
2025-11-18T19:10:24.322662,Source c0.avi,605,1,,193,0,241,145,0.865
2025-11-18T19:10:24.322662,Source c0.avi,606,2,,72,30,149,246,0.865
2025-11-18T19:10:24.358664,Source c1.avi,706,1,,136,8,181,152,0.851
2025-11-18T19:10:24.358664,Source c1.avi,707,2,,289,29,351,194,0.851
2025-11-18T19:10:24.450175,Source c0.avi,607,1,,193,0,241,145,0.882
2025-11-18T19:10:24.450175,Source c0.avi,608,2,,76,30,154,246,0.882
2025-11-18T19:10:24.487175,Source c1.avi,708,1,,136,8,182,152,0.858
2025-11-18T19:10:24.488176,Source c1.avi,709,2,,290,29,352,194,0.858
2025-11-18T19:10:24.582525,Source c0.avi,609,1,,193,0,242,146,0.872
2025-11-18T19:10:24.582525,Source c0.avi,610,2,,81,31,159,246,0.872
2025-11-18T19:10:24.627527,Source c1.avi,710,1,,138,8,185,152,0.882
2025-11-18T19:10:24.627527,Source c1.avi,711,2,,290,29,352,194,0.882
2025-11-18T19:10:24.721037,Source c0.avi,611,1,,193,0,242,147,0.867
2025-11-18T19:10:24.721037,Source c0.avi,612,2,,84,32,163,245,0.867
2025-11-18T19:10:24.759035,Source c1.avi,712,1,,139,9,186,151,0.898
2025-11-18T19:10:24.759035,Source c1.avi,713,2,,290,29,351,193,0.898
2025-11-18T19:10:24.861231,Source c0.avi,613,1,,190,0,239,147,0.876
2025-11-18T19:10:24.861231,Source c0.avi,614,2,,90,33,170,246,0.876
2025-11-18T19:10:24.898227,Source c1.avi,714,1,,139,9,186,151,0.850
2025-11-18T19:10:24.898227,Source c1.avi,715,2,,291,28,353,193,0.850
2025-11-18T19:10:24.992249,Source c0.avi,615,1,,190,0,238,148,0.873
2025-11-18T19:10:24.992249,Source c0.avi,616,2,,95,33,178,248,0.873
2025-11-18T19:10:25.033251,Source c1.avi,716,1,,136,9,185,151,0.869
2025-11-18T19:10:25.033251,Source c1.avi,717,2,,292,29,353,193,0.869
2025-11-18T19:10:25.123070,Source c0.avi,617,1,,190,0,239,149,0.874
2025-11-18T19:10:25.123070,Source c0.avi,618,2,,98,34,184,252,0.874
2025-11-18T19:10:25.165071,Source c1.avi,718,1,,138,9,186,151,0.797
2025-11-18T19:10:25.165071,Source c1.avi,719,2,,292,29,352,192,0.797
2025-11-18T19:10:25.257579,Source c0.avi,619,1,,191,0,240,151,0.842
2025-11-18T19:10:25.257579,Source c0.avi,620,2,,102,34,191,255,0.842
2025-11-18T19:10:25.296579,Source c1.avi,720,1,,139,8,188,150,0.828
2025-11-18T19:10:25.296579,Source c1.avi,721,2,,292,29,351,192,0.828
2025-11-18T19:10:25.401092,Source c0.avi,621,1,1,192,0,242,154,0.879
2025-11-18T19:10:25.426094,Source c0.avi,622,2,2,105,34,197,259,0.879
2025-11-18T19:10:25.473092,Source c1.avi,722,1,1,139,7,189,151,0.811
2025-11-18T19:10:25.485090,Source c1.avi,723,2,2,292,28,351,192,0.811
2025-11-18T19:10:25.581466,Source c0.avi,623,1,,194,0,243,155,0.868
2025-11-18T19:10:25.581466,Source c0.avi,624,2,,107,35,201,261,0.868
2025-11-18T19:10:25.620465,Source c1.avi,724,1,,140,6,189,151,0.762
2025-11-18T19:10:25.620465,Source c1.avi,725,2,,292,28,350,191,0.762
2025-11-18T19:10:25.707688,Source c0.avi,625,1,,195,0,244,155,0.871
2025-11-18T19:10:25.707688,Source c0.avi,626,2,,109,36,204,264,0.871
2025-11-18T19:10:25.748690,Source c1.avi,726,1,,140,6,190,151,0.893
2025-11-18T19:10:25.748690,Source c1.avi,727,2,,292,26,349,189,0.893
2025-11-18T19:10:25.846202,Source c0.avi,627,1,,196,0,245,156,0.869
2025-11-18T19:10:25.846202,Source c0.avi,628,2,,111,36,207,267,0.869
2025-11-18T19:10:25.871197,Source c1.avi,728,1,,141,6,191,151,0.900
2025-11-18T19:10:25.871197,Source c1.avi,729,2,,292,25,349,186,0.900
2025-11-18T19:10:25.963530,Source c0.avi,629,1,,197,0,246,156,0.877
2025-11-18T19:10:25.964529,Source c0.avi,630,2,,112,39,208,269,0.877
2025-11-18T19:10:25.991530,Source c1.avi,730,1,,142,6,192,151,0.896
2025-11-18T19:10:25.991530,Source c1.avi,731,2,,293,23,348,184,0.896
2025-11-18T19:10:26.094042,Source c0.avi,631,1,,196,0,245,156,0.834
2025-11-18T19:10:26.094042,Source c0.avi,632,2,,112,39,209,270,0.834
2025-11-18T19:10:26.124041,Source c1.avi,732,1,,143,6,193,151,0.861
2025-11-18T19:10:26.125041,Source c1.avi,733,2,,295,23,348,178,0.861
2025-11-18T19:10:26.247372,Source c0.avi,633,1,,204,0,255,156,0.796
2025-11-18T19:10:26.247372,Source c0.avi,634,2,,113,39,209,269,0.796
2025-11-18T19:10:26.291372,Source c1.avi,734,1,,148,5,197,149,0.808
2025-11-18T19:10:26.291372,Source c1.avi,735,2,,296,22,347,172,0.808
2025-11-18T19:10:26.398876,Source c0.avi,635,1,,201,0,252,156,0.861
2025-11-18T19:10:26.398876,Source c0.avi,636,2,,114,39,210,269,0.861
2025-11-18T19:10:26.442878,Source c1.avi,736,1,,152,5,199,147,0.791
2025-11-18T19:10:26.442878,Source c1.avi,737,2,,298,22,347,168,0.791
2025-11-18T19:10:26.540886,Source c0.avi,637,1,,205,0,256,156,0.804
2025-11-18T19:10:26.541882,Source c0.avi,638,2,,116,37,211,269,0.804
2025-11-18T19:10:26.578889,Source c1.avi,738,1,,155,5,201,146,0.789
2025-11-18T19:10:26.578889,Source c1.avi,739,2,,298,22,347,166,0.789
2025-11-18T19:10:26.678397,Source c0.avi,639,1,,207,0,259,156,0.805
2025-11-18T19:10:26.678397,Source c0.avi,640,2,,118,36,213,269,0.805
2025-11-18T19:10:26.719394,Source c1.avi,740,1,,157,5,201,148,0.794
2025-11-18T19:10:26.719394,Source c1.avi,741,2,,299,22,347,166,0.794
2025-11-18T19:10:26.843911,Source c0.avi,641,1,1,208,0,261,156,0.808
2025-11-18T19:10:26.878908,Source c0.avi,642,2,2,123,37,217,269,0.808
2025-11-18T19:10:26.933908,Source c1.avi,742,1,1,158,5,203,148,0.875
2025-11-18T19:10:26.950910,Source c1.avi,743,2,2,299,21,347,166,0.875
2025-11-18T19:10:27.045423,Source c0.avi,643,1,,210,0,263,156,0.850
2025-11-18T19:10:27.045423,Source c0.avi,644,2,,130,37,222,269,0.850
2025-11-18T19:10:27.071423,Source c1.avi,744,1,,159,5,204,148,0.884
2025-11-18T19:10:27.071423,Source c1.avi,745,2,,300,21,348,166,0.884
2025-11-18T19:10:27.166934,Source c0.avi,645,1,,211,0,265,155,0.830
2025-11-18T19:10:27.166934,Source c0.avi,646,2,,136,38,229,270,0.830
2025-11-18T19:10:27.205936,Source c1.avi,746,1,,162,3,206,148,0.859
2025-11-18T19:10:27.205936,Source c1.avi,747,2,,300,21,348,166,0.859
2025-11-18T19:10:27.301361,Source c0.avi,647,1,,207,0,259,153,0.752
2025-11-18T19:10:27.302364,Source c0.avi,648,2,,142,37,235,269,0.752
2025-11-18T19:10:27.341364,Source c1.avi,748,1,,165,3,209,147,0.822
2025-11-18T19:10:27.341364,Source c1.avi,749,2,,300,21,348,166,0.822
2025-11-18T19:10:27.441876,Source c0.avi,649,1,,207,0,256,147,0.787
2025-11-18T19:10:27.441876,Source c0.avi,650,2,,146,37,241,273,0.787
2025-11-18T19:10:27.478875,Source c1.avi,750,1,,167,4,212,146,0.864
2025-11-18T19:10:27.478875,Source c1.avi,751,2,,300,21,348,166,0.864
2025-11-18T19:10:27.572156,Source c0.avi,651,1,,213,0,260,138,0.813
2025-11-18T19:10:27.573158,Source c0.avi,652,2,,151,37,247,279,0.813
2025-11-18T19:10:27.609157,Source c1.avi,752,1,,169,5,214,146,0.821
2025-11-18T19:10:27.609157,Source c1.avi,753,2,,300,21,348,167,0.821
2025-11-18T19:10:27.707169,Source c0.avi,653,1,,215,0,262,134,0.774
2025-11-18T19:10:27.708169,Source c0.avi,654,2,,155,38,252,281,0.774
2025-11-18T19:10:27.745170,Source c1.avi,754,1,,170,6,216,145,0.867
2025-11-18T19:10:27.745170,Source c1.avi,755,2,,300,21,348,167,0.867
2025-11-18T19:10:27.842679,Source c0.avi,655,1,,213,0,258,130,0.794
2025-11-18T19:10:27.842679,Source c0.avi,656,2,,158,40,256,284,0.794
2025-11-18T19:10:27.883683,Source c1.avi,756,1,,170,6,218,145,0.862
2025-11-18T19:10:27.883683,Source c1.avi,757,2,,301,22,348,167,0.862
2025-11-18T19:10:27.979193,Source c0.avi,657,1,,212,0,256,128,0.827
2025-11-18T19:10:27.980194,Source c0.avi,658,2,,161,41,259,286,0.827
2025-11-18T19:10:28.021191,Source c1.avi,758,1,,170,6,219,144,0.826
2025-11-18T19:10:28.021191,Source c1.avi,759,2,,301,22,349,166,0.826
2025-11-18T19:10:28.119701,Source c0.avi,659,1,,213,0,256,126,0.805
2025-11-18T19:10:28.119701,Source c0.avi,660,2,,164,42,261,285,0.805
2025-11-18T19:10:28.158702,Source c1.avi,760,1,,161,6,214,144,0.803
2025-11-18T19:10:28.158702,Source c1.avi,761,2,,301,22,348,166,0.803
2025-11-18T19:10:28.272067,Source c0.avi,661,1,1,213,0,256,126,0.756
2025-11-18T19:10:28.289068,Source c0.avi,662,2,2,167,42,262,285,0.756
2025-11-18T19:10:28.366065,Source c1.avi,762,1,1,167,6,220,144,0.855
2025-11-18T19:10:28.385066,Source c1.avi,763,2,2,302,22,349,166,0.855
2025-11-18T19:10:28.480424,Source c0.avi,663,1,,214,0,256,126,0.814
2025-11-18T19:10:28.480424,Source c0.avi,664,2,,170,43,264,286,0.814
2025-11-18T19:10:28.522423,Source c1.avi,764,1,,170,7,224,144,0.848
2025-11-18T19:10:28.523423,Source c1.avi,765,2,,302,22,349,166,0.848
2025-11-18T19:10:28.619933,Source c0.avi,665,1,,214,0,256,125,0.893
2025-11-18T19:10:28.619933,Source c0.avi,666,2,,171,45,265,287,0.893
2025-11-18T19:10:28.661935,Source c1.avi,766,1,,171,6,225,144,0.876
2025-11-18T19:10:28.661935,Source c1.avi,767,2,,303,22,350,165,0.876
2025-11-18T19:10:28.745445,Source c0.avi,667,1,,215,0,256,123,0.883
2025-11-18T19:10:28.745445,Source c0.avi,668,2,,173,46,266,288,0.883
2025-11-18T19:10:28.783445,Source c1.avi,768,1,,172,7,226,145,0.827
2025-11-18T19:10:28.783445,Source c1.avi,769,2,,302,21,349,162,0.827
2025-11-18T19:10:28.873955,Source c0.avi,669,1,,216,0,256,121,0.862
2025-11-18T19:10:28.873955,Source c0.avi,670,2,,173,46,266,288,0.862
2025-11-18T19:10:28.912955,Source c1.avi,770,1,,172,7,227,145,0.889
2025-11-18T19:10:28.912955,Source c1.avi,771,2,,302,21,349,160,0.889
2025-11-18T19:10:28.997373,Source c0.avi,671,1,,216,0,256,120,0.869
2025-11-18T19:10:28.997373,Source c0.avi,672,2,,173,45,266,287,0.869
2025-11-18T19:10:29.040373,Source c1.avi,772,1,,172,7,228,145,0.854
2025-11-18T19:10:29.040373,Source c1.avi,773,2,,302,20,349,159,0.854
2025-11-18T19:10:29.123584,Source c0.avi,673,1,,217,0,256,118,0.868
2025-11-18T19:10:29.123584,Source c0.avi,674,2,,174,47,265,286,0.868
2025-11-18T19:10:29.169585,Source c1.avi,774,1,,173,7,229,145,0.829
2025-11-18T19:10:29.169585,Source c1.avi,775,2,,303,20,349,157,0.829
2025-11-18T19:10:29.249095,Source c0.avi,675,1,,217,0,256,117,0.844
2025-11-18T19:10:29.249095,Source c0.avi,676,2,,176,47,266,286,0.844
2025-11-18T19:10:29.291092,Source c1.avi,776,1,,174,7,230,145,0.849
2025-11-18T19:10:29.291092,Source c1.avi,777,2,,303,20,349,155,0.849
2025-11-18T19:10:29.391603,Source c0.avi,677,1,,218,0,256,115,0.877
2025-11-18T19:10:29.391603,Source c0.avi,678,2,,179,49,268,287,0.877
2025-11-18T19:10:29.431603,Source c1.avi,778,1,,175,6,231,145,0.867
2025-11-18T19:10:29.431603,Source c1.avi,779,2,,302,20,349,153,0.867
2025-11-18T19:10:29.519021,Source c0.avi,679,1,,218,0,256,113,0.886
2025-11-18T19:10:29.519021,Source c0.avi,680,2,,183,49,271,285,0.886
2025-11-18T19:10:29.568020,Source c1.avi,780,1,,177,6,232,145,0.811
2025-11-18T19:10:29.568020,Source c1.avi,781,2,,302,20,348,153,0.811
2025-11-18T19:10:29.687531,Source c0.avi,681,1,1,221,0,254,93,0.782
2025-11-18T19:10:29.706529,Source c0.avi,682,2,2,188,50,274,285,0.782
2025-11-18T19:10:29.766529,Source c1.avi,782,1,1,179,7,232,145,0.803
2025-11-18T19:10:29.783529,Source c1.avi,783,2,2,301,20,348,152,0.803
2025-11-18T19:10:29.878983,Source c0.avi,683,1,,221,0,253,90,0.888
2025-11-18T19:10:29.878983,Source c0.avi,684,2,,194,50,278,286,0.888
2025-11-18T19:10:29.915986,Source c1.avi,784,1,,181,7,233,144,0.860
2025-11-18T19:10:29.915986,Source c1.avi,785,2,,300,20,348,153,0.860
2025-11-18T19:10:30.008493,Source c0.avi,685,1,,219,0,256,99,0.778
2025-11-18T19:10:30.008493,Source c0.avi,686,2,,200,52,282,285,0.778
2025-11-18T19:10:30.052491,Source c1.avi,786,1,,183,6,235,144,0.754
2025-11-18T19:10:30.052491,Source c1.avi,787,2,,298,19,347,153,0.754
2025-11-18T19:10:30.151746,Source c0.avi,687,1,,220,0,258,100,0.795
2025-11-18T19:10:30.151746,Source c0.avi,688,2,,208,53,288,284,0.795
2025-11-18T19:10:30.188744,Source c1.avi,788,1,,187,6,237,144,0.787
2025-11-18T19:10:30.188744,Source c1.avi,789,2,,298,19,346,152,0.787
2025-11-18T19:10:30.285253,Source c0.avi,689,1,,220,0,259,101,0.837
2025-11-18T19:10:30.286253,Source c0.avi,690,2,,214,53,292,284,0.837
2025-11-18T19:10:30.329253,Source c1.avi,790,1,,189,6,238,143,0.776
2025-11-18T19:10:30.329253,Source c1.avi,791,2,,296,20,345,152,0.776
2025-11-18T19:10:30.426772,Source c0.avi,691,1,,220,0,260,102,0.822
2025-11-18T19:10:30.426772,Source c0.avi,692,2,,218,53,295,285,0.822
2025-11-18T19:10:30.466769,Source c1.avi,792,1,,192,6,239,143,0.822
2025-11-18T19:10:30.466769,Source c1.avi,793,2,,294,20,344,152,0.822
2025-11-18T19:10:30.578279,Source c0.avi,693,1,,220,0,260,102,0.870
2025-11-18T19:10:30.578279,Source c0.avi,694,2,,220,53,297,285,0.870
2025-11-18T19:10:30.618281,Source c1.avi,794,1,,194,6,240,144,0.840
2025-11-18T19:10:30.618281,Source c1.avi,795,2,,294,20,343,152,0.840
2025-11-18T19:10:30.701794,Source c0.avi,695,1,,221,0,260,101,0.861
2025-11-18T19:10:30.701794,Source c0.avi,696,2,,223,54,299,285,0.861
2025-11-18T19:10:30.742795,Source c1.avi,796,1,,195,6,240,144,0.803
2025-11-18T19:10:30.742795,Source c1.avi,797,2,,291,19,341,152,0.803
2025-11-18T19:10:30.828311,Source c0.avi,697,1,,221,0,260,101,0.876
2025-11-18T19:10:30.828311,Source c0.avi,698,2,,225,55,301,286,0.876
2025-11-18T19:10:30.869310,Source c1.avi,798,1,,198,6,241,143,0.816
2025-11-18T19:10:30.869310,Source c1.avi,799,2,,289,19,340,152,0.816
2025-11-18T19:10:30.961823,Source c0.avi,699,1,,222,0,261,100,0.882
2025-11-18T19:10:30.962824,Source c0.avi,700,2,,226,54,303,285,0.882
2025-11-18T19:10:31.006825,Source c1.avi,800,1,,201,6,244,143,0.819
2025-11-18T19:10:31.006825,Source c1.avi,801,2,,288,19,340,152,0.819
2025-11-18T19:10:31.110342,Source c0.avi,701,1,1,222,0,261,99,0.871
2025-11-18T19:10:31.128343,Source c0.avi,702,2,2,227,57,303,285,0.871
2025-11-18T19:10:31.186343,Source c1.avi,802,1,1,205,7,247,144,0.782
2025-11-18T19:10:31.204343,Source c1.avi,803,2,2,287,18,339,152,0.782
2025-11-18T19:10:31.286387,Source c0.avi,703,1,,222,0,261,99,0.858
2025-11-18T19:10:31.286387,Source c0.avi,704,2,,227,57,303,286,0.858
2025-11-18T19:10:31.327390,Source c1.avi,804,1,,207,7,250,143,0.855
2025-11-18T19:10:31.327390,Source c1.avi,805,2,,286,18,338,152,0.855
2025-11-18T19:10:31.432897,Source c0.avi,705,1,,223,0,261,98,0.794
2025-11-18T19:10:31.432897,Source c0.avi,706,2,,226,56,303,286,0.794
2025-11-18T19:10:31.471896,Source c1.avi,806,1,,209,8,252,143,0.870
2025-11-18T19:10:31.471896,Source c1.avi,807,2,,286,18,338,152,0.870
2025-11-18T19:10:31.574407,Source c0.avi,707,1,,223,0,262,98,0.840
2025-11-18T19:10:31.574407,Source c0.avi,708,2,,226,55,304,286,0.840
2025-11-18T19:10:31.616406,Source c1.avi,808,1,,209,9,252,143,0.871
2025-11-18T19:10:31.616406,Source c1.avi,809,2,,286,17,337,150,0.871
2025-11-18T19:10:31.715915,Source c0.avi,709,1,,224,0,262,97,0.866
2025-11-18T19:10:31.715915,Source c0.avi,710,2,,226,55,305,287,0.866
2025-11-18T19:10:31.716914,Source c0.avi,711,3,,215,2,274,182,0.866
2025-11-18T19:10:31.759915,Source c1.avi,810,1,,210,9,253,141,0.871
2025-11-18T19:10:31.759915,Source c1.avi,811,2,,285,17,336,149,0.871
2025-11-18T19:10:31.837102,Source c0.avi,712,1,,224,0,262,96,0.868
2025-11-18T19:10:31.837102,Source c0.avi,713,2,,227,53,306,287,0.868
2025-11-18T19:10:31.837102,Source c0.avi,714,3,,217,4,277,183,0.868
2025-11-18T19:10:31.878105,Source c1.avi,812,1,,210,9,254,141,0.875
2025-11-18T19:10:31.878105,Source c1.avi,813,2,,285,16,335,147,0.875
2025-11-18T19:10:31.961500,Source c0.avi,715,1,,225,0,262,96,0.824
2025-11-18T19:10:31.961500,Source c0.avi,716,2,,228,50,309,286,0.824
2025-11-18T19:10:31.961500,Source c0.avi,717,3,,219,5,279,188,0.824
2025-11-18T19:10:31.997497,Source c1.avi,814,1,,212,9,255,141,0.868
2025-11-18T19:10:31.997497,Source c1.avi,815,2,,285,16,334,146,0.868
2025-11-18T19:10:32.089589,Source c0.avi,718,1,,225,0,263,95,0.833
2025-11-18T19:10:32.089589,Source c0.avi,719,2,,230,48,312,287,0.833
2025-11-18T19:10:32.089589,Source c0.avi,720,3,,219,5,281,196,0.833
2025-11-18T19:10:32.125586,Source c1.avi,816,1,,210,8,255,143,0.794
2025-11-18T19:10:32.125586,Source c1.avi,817,2,,285,16,333,144,0.794
2025-11-18T19:10:32.207097,Source c0.avi,721,1,,226,0,263,95,0.867
2025-11-18T19:10:32.208096,Source c0.avi,722,2,,231,45,315,284,0.867
2025-11-18T19:10:32.208096,Source c0.avi,723,3,,219,6,282,200,0.867
2025-11-18T19:10:32.249100,Source c1.avi,818,1,,210,7,255,143,0.762
2025-11-18T19:10:32.250099,Source c1.avi,819,2,,285,16,332,142,0.762
2025-11-18T19:10:32.332612,Source c0.avi,724,1,,226,0,263,94,0.811
2025-11-18T19:10:32.332612,Source c0.avi,725,2,,233,43,317,282,0.811
2025-11-18T19:10:32.333612,Source c0.avi,726,3,,220,7,282,202,0.811
2025-11-18T19:10:32.376609,Source c1.avi,820,1,,210,7,255,144,0.860
2025-11-18T19:10:32.376609,Source c1.avi,821,2,,284,16,330,141,0.860
2025-11-18T19:10:32.476124,Source c0.avi,727,1,1,227,0,263,93,0.833
2025-11-18T19:10:32.498123,Source c0.avi,728,2,2,236,43,321,282,0.833
2025-11-18T19:10:32.516125,Source c0.avi,729,3,3,222,7,284,204,0.833
2025-11-18T19:10:32.584125,Source c1.avi,822,1,1,211,7,256,144,0.835
2025-11-18T19:10:32.601124,Source c1.avi,823,2,2,283,15,329,140,0.835
2025-11-18T19:10:32.681641,Source c0.avi,730,1,,227,0,264,93,0.839
2025-11-18T19:10:32.681641,Source c0.avi,731,2,,240,42,325,282,0.839
2025-11-18T19:10:32.681641,Source c0.avi,732,3,,223,7,285,206,0.839
2025-11-18T19:10:32.721637,Source c1.avi,824,1,,211,7,257,144,0.788
2025-11-18T19:10:32.721637,Source c1.avi,825,2,,283,15,327,139,0.788
2025-11-18T19:10:32.802815,Source c0.avi,733,1,,228,0,264,92,0.855
2025-11-18T19:10:32.802815,Source c0.avi,734,2,,246,41,330,281,0.855
2025-11-18T19:10:32.802815,Source c0.avi,735,3,,224,7,286,205,0.855
2025-11-18T19:10:32.842814,Source c1.avi,826,1,,212,7,258,144,0.831
2025-11-18T19:10:32.842814,Source c1.avi,827,2,,283,15,326,139,0.831
2025-11-18T19:10:32.923328,Source c0.avi,736,1,,228,0,264,92,0.866
2025-11-18T19:10:32.924329,Source c0.avi,737,2,,251,40,336,281,0.866
2025-11-18T19:10:32.924329,Source c0.avi,738,3,,226,7,287,205,0.866
2025-11-18T19:10:32.969329,Source c1.avi,828,1,,214,7,260,143,0.792
2025-11-18T19:10:32.969329,Source c1.avi,829,2,,282,14,324,139,0.792
2025-11-18T19:10:33.058701,Source c0.avi,739,1,,229,0,264,91,0.795
2025-11-18T19:10:33.058701,Source c0.avi,740,2,,257,38,341,280,0.795
2025-11-18T19:10:33.058701,Source c0.avi,741,3,,227,7,289,206,0.795
2025-11-18T19:10:33.098701,Source c1.avi,830,1,,215,7,261,143,0.882
2025-11-18T19:10:33.098701,Source c1.avi,831,2,,281,15,323,139,0.882
2025-11-18T19:10:33.182213,Source c0.avi,742,1,,229,0,265,90,0.819
2025-11-18T19:10:33.182213,Source c0.avi,743,2,,260,40,344,281,0.819
2025-11-18T19:10:33.182213,Source c0.avi,744,3,,229,7,290,206,0.819
2025-11-18T19:10:33.211211,Source c1.avi,832,1,,216,7,262,143,0.868
2025-11-18T19:10:33.211211,Source c1.avi,833,2,,280,15,321,139,0.868
2025-11-18T19:10:33.295730,Source c0.avi,745,1,,230,0,265,90,0.856
2025-11-18T19:10:33.295730,Source c0.avi,746,2,,261,38,345,279,0.856
2025-11-18T19:10:33.295730,Source c0.avi,747,3,,230,7,291,206,0.856
2025-11-18T19:10:33.324725,Source c1.avi,834,1,,218,6,264,143,0.864
2025-11-18T19:10:33.324725,Source c1.avi,835,2,,276,15,318,140,0.864
2025-11-18T19:10:33.410237,Source c0.avi,748,1,,230,0,265,89,0.844
2025-11-18T19:10:33.410237,Source c0.avi,749,2,,262,38,346,277,0.844
2025-11-18T19:10:33.410237,Source c0.avi,750,3,,231,7,292,204,0.844
2025-11-18T19:10:33.439236,Source c1.avi,836,1,,219,6,265,143,0.875
2025-11-18T19:10:33.439236,Source c1.avi,837,2,,274,15,316,139,0.875
2025-11-18T19:10:33.519755,Source c0.avi,751,1,,231,0,265,89,0.868
2025-11-18T19:10:33.519755,Source c0.avi,752,2,,263,38,346,276,0.868
2025-11-18T19:10:33.519755,Source c0.avi,753,3,,233,7,294,205,0.868
2025-11-18T19:10:33.548753,Source c1.avi,838,1,,220,6,266,143,0.862
2025-11-18T19:10:33.548753,Source c1.avi,839,2,,271,15,313,139,0.862
2025-11-18T19:10:33.631267,Source c0.avi,754,1,,231,0,266,88,0.853
2025-11-18T19:10:33.631267,Source c0.avi,755,2,,263,38,347,274,0.853
2025-11-18T19:10:33.631267,Source c0.avi,756,3,,234,7,295,204,0.853
2025-11-18T19:10:33.671264,Source c1.avi,840,1,,228,5,273,144,0.753
2025-11-18T19:10:33.671264,Source c1.avi,841,2,,268,15,311,140,0.753
2025-11-18T19:10:33.765490,Source c0.avi,757,1,1,232,0,266,87,0.846
2025-11-18T19:10:33.775489,Source c0.avi,758,2,2,265,38,348,271,0.846
2025-11-18T19:10:33.786489,Source c0.avi,759,3,3,235,7,296,204,0.846
2025-11-18T19:10:33.839489,Source c1.avi,842,1,1,230,3,274,145,0.767
2025-11-18T19:10:33.850489,Source c1.avi,843,2,2,266,15,309,139,0.767
2025-11-18T19:10:33.934939,Source c0.avi,760,1,,232,0,266,87,0.861
2025-11-18T19:10:33.934939,Source c0.avi,761,2,,263,38,348,271,0.861
2025-11-18T19:10:33.934939,Source c0.avi,762,3,,235,7,296,203,0.861
2025-11-18T19:10:33.981938,Source c1.avi,844,1,,232,3,275,145,0.752
2025-11-18T19:10:33.981938,Source c1.avi,845,2,,265,15,309,140,0.752
2025-11-18T19:10:34.066448,Source c0.avi,763,1,,233,0,266,86,0.820
2025-11-18T19:10:34.066448,Source c0.avi,764,2,,261,38,347,273,0.820
2025-11-18T19:10:34.066448,Source c0.avi,765,3,,235,8,296,203,0.820
2025-11-18T19:10:34.111451,Source c1.avi,846,1,,233,4,276,147,0.796
2025-11-18T19:10:34.111451,Source c1.avi,847,2,,264,15,308,140,0.796
2025-11-18T19:10:34.198662,Source c0.avi,766,1,,233,0,267,86,0.790
2025-11-18T19:10:34.198662,Source c0.avi,767,2,,259,38,346,272,0.790
2025-11-18T19:10:34.198662,Source c0.avi,768,3,,234,8,297,208,0.790
2025-11-18T19:10:34.243665,Source c1.avi,848,1,,234,5,277,148,0.839
2025-11-18T19:10:34.243665,Source c1.avi,849,2,,262,15,307,140,0.839
2025-11-18T19:10:34.330175,Source c0.avi,769,1,,234,0,267,85,0.797
2025-11-18T19:10:34.330175,Source c0.avi,770,2,,260,38,347,272,0.797
2025-11-18T19:10:34.330175,Source c0.avi,771,3,,233,9,296,212,0.797
2025-11-18T19:10:34.369176,Source c1.avi,850,1,,236,8,279,149,0.831
2025-11-18T19:10:34.369176,Source c1.avi,851,2,,261,15,305,140,0.831
2025-11-18T19:10:34.456690,Source c0.avi,772,1,,234,0,267,84,0.842
2025-11-18T19:10:34.456690,Source c0.avi,773,2,,259,36,349,272,0.842
2025-11-18T19:10:34.456690,Source c0.avi,774,3,,230,9,295,216,0.842
2025-11-18T19:10:34.489690,Source c1.avi,852,1,,237,7,281,149,0.868
2025-11-18T19:10:34.489690,Source c1.avi,853,2,,259,15,304,139,0.868
2025-11-18T19:10:34.573958,Source c0.avi,775,2,,258,36,349,273,0.866
2025-11-18T19:10:34.573958,Source c0.avi,776,3,,227,10,293,219,0.866
2025-11-18T19:10:34.618958,Source c1.avi,854,1,,239,8,283,149,0.816
2025-11-18T19:10:34.618958,Source c1.avi,855,2,,264,15,307,138,0.816
2025-11-18T19:10:34.703085,Source c0.avi,777,2,,257,36,348,273,0.863
2025-11-18T19:10:34.703085,Source c0.avi,778,3,,223,10,291,221,0.863
2025-11-18T19:10:34.757085,Source c1.avi,856,1,,239,9,284,149,0.809
2025-11-18T19:10:34.757085,Source c1.avi,857,2,,264,15,306,138,0.809
2025-11-18T19:10:34.879147,Source c0.avi,779,2,,257,38,349,273,0.857
2025-11-18T19:10:34.880148,Source c0.avi,780,3,,221,11,290,222,0.857
2025-11-18T19:10:34.952146,Source c1.avi,858,1,,239,8,284,150,0.785
2025-11-18T19:10:34.952146,Source c1.avi,859,2,,263,14,305,138,0.785
2025-11-18T19:10:35.052498,Source c0.avi,781,2,,257,38,349,273,0.866
2025-11-18T19:10:35.052498,Source c0.avi,782,3,,217,11,289,222,0.866
2025-11-18T19:10:35.052498,Source c1.avi,860,1,,240,8,286,151,0.866
2025-11-18T19:10:35.052498,Source c1.avi,861,2,,262,14,304,137,0.866
2025-11-18T19:10:35.167621,Source c0.avi,783,2,2,261,38,351,271,0.863
2025-11-18T19:10:35.186621,Source c0.avi,784,3,3,214,12,287,224,0.863
2025-11-18T19:10:35.240623,Source c1.avi,862,1,1,242,9,289,152,0.764
2025-11-18T19:10:35.282622,Source c1.avi,863,2,2,261,14,303,137,0.764
2025-11-18T19:10:35.374726,Source c0.avi,785,2,,265,37,354,267,0.852
2025-11-18T19:10:35.375724,Source c0.avi,786,3,,211,12,285,224,0.852
2025-11-18T19:10:35.413725,Source c1.avi,864,1,,241,11,289,154,0.846
2025-11-18T19:10:35.413725,Source c1.avi,865,2,,260,14,302,137,0.846
2025-11-18T19:10:35.505239,Source c0.avi,787,2,,267,36,354,263,0.843
2025-11-18T19:10:35.505239,Source c0.avi,788,3,,208,12,283,225,0.843
2025-11-18T19:10:35.541235,Source c1.avi,866,1,,241,11,290,156,0.873
2025-11-18T19:10:35.541235,Source c1.avi,867,2,,259,14,301,137,0.873
2025-11-18T19:10:35.641753,Source c0.avi,789,2,,269,35,354,258,0.901
2025-11-18T19:10:35.641753,Source c0.avi,790,3,,206,14,282,226,0.901
2025-11-18T19:10:35.678751,Source c1.avi,868,1,,241,11,291,157,0.775
2025-11-18T19:10:35.678751,Source c1.avi,869,2,,258,14,300,136,0.775
2025-11-18T19:10:35.769933,Source c0.avi,791,2,,272,34,355,252,0.862
2025-11-18T19:10:35.769933,Source c0.avi,792,3,,203,16,280,227,0.862
2025-11-18T19:10:35.807935,Source c1.avi,870,1,,241,12,292,157,0.859
2025-11-18T19:10:35.807935,Source c1.avi,871,2,,257,14,299,136,0.859
2025-11-18T19:10:35.901446,Source c0.avi,793,2,,273,33,355,247,0.879
2025-11-18T19:10:35.901446,Source c0.avi,794,3,,200,16,279,228,0.879
2025-11-18T19:10:35.930446,Source c1.avi,872,1,,242,12,293,158,0.838
2025-11-18T19:10:35.930446,Source c1.avi,873,2,,256,14,298,136,0.838
2025-11-18T19:10:36.022959,Source c0.avi,795,2,,275,33,354,241,0.890
2025-11-18T19:10:36.022959,Source c0.avi,796,3,,198,16,278,230,0.890
2025-11-18T19:10:36.052962,Source c1.avi,874,1,,243,11,294,157,0.830
2025-11-18T19:10:36.052962,Source c1.avi,875,2,,256,14,297,135,0.830
2025-11-18T19:10:36.139480,Source c0.avi,797,2,,276,32,353,235,0.878
2025-11-18T19:10:36.139480,Source c0.avi,798,3,,197,16,276,231,0.878
2025-11-18T19:10:36.174480,Source c1.avi,876,1,,244,12,295,158,0.840
2025-11-18T19:10:36.174480,Source c1.avi,877,2,,255,14,296,135,0.840
2025-11-18T19:10:36.260989,Source c0.avi,799,2,,275,32,353,234,0.893
2025-11-18T19:10:36.260989,Source c0.avi,800,3,,195,15,275,232,0.893
2025-11-18T19:10:36.294989,Source c1.avi,878,1,,244,12,295,157,0.861
2025-11-18T19:10:36.294989,Source c1.avi,879,2,,254,14,295,135,0.861
2025-11-18T19:10:36.392499,Source c0.avi,801,2,,275,31,353,234,0.893
2025-11-18T19:10:36.392499,Source c0.avi,802,3,,195,15,274,232,0.893
2025-11-18T19:10:36.425496,Source c1.avi,880,1,,239,12,291,157,0.864
2025-11-18T19:10:36.425496,Source c1.avi,881,2,,253,14,294,135,0.864
2025-11-18T19:10:36.552002,Source c0.avi,803,2,2,276,31,354,234,0.907
2025-11-18T19:10:36.572005,Source c0.avi,804,3,3,194,15,273,233,0.907
2025-11-18T19:10:36.628004,Source c1.avi,882,1,1,237,12,290,157,0.800
2025-11-18T19:10:36.645003,Source c1.avi,883,2,2,252,14,293,134,0.800
2025-11-18T19:10:36.730376,Source c0.avi,805,2,,279,49,351,233,0.840
2025-11-18T19:10:36.730376,Source c0.avi,806,3,,195,15,275,233,0.840
2025-11-18T19:10:36.764377,Source c1.avi,884,1,,236,13,291,158,0.881
2025-11-18T19:10:36.764377,Source c1.avi,885,2,,251,14,292,134,0.881
2025-11-18T19:10:36.849888,Source c0.avi,807,2,,277,36,354,234,0.875
2025-11-18T19:10:36.849888,Source c0.avi,808,3,,194,14,273,233,0.875
2025-11-18T19:10:36.886890,Source c1.avi,886,1,,234,13,291,158,0.824
2025-11-18T19:10:36.886890,Source c1.avi,887,2,,250,13,291,134,0.824
2025-11-18T19:10:36.973928,Source c0.avi,809,2,,276,31,355,235,0.875
2025-11-18T19:10:36.973928,Source c0.avi,810,3,,194,14,272,233,0.875
2025-11-18T19:10:36.973928,Source c1.avi,888,1,,233,13,291,159,0.875
2025-11-18T19:10:36.973928,Source c1.avi,889,2,,249,13,290,133,0.875
2025-11-18T19:10:37.069194,Source c0.avi,811,2,,276,30,355,235,0.883
2025-11-18T19:10:37.069194,Source c0.avi,812,3,,190,14,268,233,0.883
2025-11-18T19:10:37.069194,Source c1.avi,890,1,,233,13,291,159,0.883
2025-11-18T19:10:37.069194,Source c1.avi,891,2,,248,13,289,133,0.883
2025-11-18T19:10:37.165702,Source c0.avi,813,2,,276,29,355,235,0.887
2025-11-18T19:10:37.165702,Source c0.avi,814,3,,188,14,265,235,0.887
2025-11-18T19:10:37.206702,Source c1.avi,892,1,,254,13,309,161,0.766
2025-11-18T19:10:37.206702,Source c1.avi,893,2,,248,13,288,133,0.766
2025-11-18T19:10:37.293208,Source c0.avi,815,2,,276,28,355,235,0.876
2025-11-18T19:10:37.293208,Source c0.avi,816,3,,186,13,263,238,0.876
2025-11-18T19:10:37.335208,Source c1.avi,894,1,,258,13,314,164,0.823
2025-11-18T19:10:37.335208,Source c1.avi,895,2,,224,15,267,131,0.823
2025-11-18T19:10:37.418718,Source c0.avi,817,2,,276,28,354,234,0.879
2025-11-18T19:10:37.418718,Source c0.avi,818,3,,185,14,261,242,0.879
2025-11-18T19:10:37.462719,Source c1.avi,896,1,,260,14,314,165,0.822
2025-11-18T19:10:37.462719,Source c1.avi,897,2,,223,13,267,130,0.822
2025-11-18T19:10:37.546232,Source c0.avi,819,2,,276,28,354,234,0.858
2025-11-18T19:10:37.546232,Source c0.avi,820,3,,184,15,259,246,0.858
2025-11-18T19:10:37.587234,Source c1.avi,898,1,,261,14,315,166,0.835
2025-11-18T19:10:37.587234,Source c1.avi,899,2,,222,14,267,130,0.835
2025-11-18T19:10:37.688279,Source c0.avi,821,2,,276,27,354,233,0.845
2025-11-18T19:10:37.688279,Source c0.avi,822,3,,180,14,255,247,0.845
2025-11-18T19:10:37.735277,Source c1.avi,900,1,,263,14,316,167,0.836
2025-11-18T19:10:37.735277,Source c1.avi,901,2,,221,11,268,130,0.836
2025-11-18T19:10:37.834444,Source c0.avi,823,2,2,276,26,354,232,0.860
2025-11-18T19:10:37.851442,Source c0.avi,824,3,3,174,13,249,248,0.860
2025-11-18T19:10:37.918444,Source c1.avi,902,1,1,264,15,316,168,0.807
2025-11-18T19:10:37.929443,Source c1.avi,903,2,2,220,11,267,129,0.807
2025-11-18T19:10:38.011960,Source c0.avi,825,2,,276,25,354,231,0.866
2025-11-18T19:10:38.011960,Source c0.avi,826,3,,168,12,243,247,0.866
2025-11-18T19:10:38.056960,Source c1.avi,904,1,,265,15,317,170,0.845
2025-11-18T19:10:38.056960,Source c1.avi,905,2,,219,12,266,129,0.845
2025-11-18T19:10:38.142352,Source c0.avi,827,2,,276,24,354,229,0.861
2025-11-18T19:10:38.142352,Source c0.avi,828,3,,165,14,239,243,0.861
2025-11-18T19:10:38.186353,Source c1.avi,906,1,,265,16,316,170,0.843
2025-11-18T19:10:38.186353,Source c1.avi,907,2,,217,9,264,129,0.843
2025-11-18T19:10:38.266725,Source c0.avi,829,2,,276,22,352,225,0.877
2025-11-18T19:10:38.266725,Source c0.avi,830,3,,158,14,233,242,0.877
2025-11-18T19:10:38.312724,Source c1.avi,908,1,,265,16,317,172,0.829
2025-11-18T19:10:38.312724,Source c1.avi,909,2,,216,8,263,129,0.829
2025-11-18T19:10:38.398232,Source c0.avi,831,2,,273,21,348,221,0.845
2025-11-18T19:10:38.398232,Source c0.avi,832,3,,154,15,230,241,0.845
2025-11-18T19:10:38.440230,Source c1.avi,910,1,,265,17,316,173,0.828
2025-11-18T19:10:38.440230,Source c1.avi,911,2,,214,8,260,130,0.828
2025-11-18T19:10:38.527748,Source c0.avi,833,2,,274,19,347,217,0.840
2025-11-18T19:10:38.527748,Source c0.avi,834,3,,148,15,226,240,0.840
2025-11-18T19:10:38.570746,Source c1.avi,912,1,,266,17,317,176,0.851
2025-11-18T19:10:38.570746,Source c1.avi,913,2,,210,8,256,130,0.851
2025-11-18T19:10:38.651014,Source c0.avi,835,2,,273,19,343,210,0.860
2025-11-18T19:10:38.651014,Source c0.avi,836,3,,144,16,223,240,0.860
2025-11-18T19:10:38.694014,Source c1.avi,914,1,,267,18,318,177,0.796
2025-11-18T19:10:38.694014,Source c1.avi,915,2,,208,9,252,129,0.796
2025-11-18T19:10:38.775527,Source c0.avi,837,2,,274,18,342,204,0.844
2025-11-18T19:10:38.775527,Source c0.avi,838,3,,141,17,220,241,0.844
2025-11-18T19:10:38.818529,Source c1.avi,916,1,,268,18,319,177,0.848
2025-11-18T19:10:38.818529,Source c1.avi,917,2,,206,7,250,129,0.848
2025-11-18T19:10:38.907647,Source c0.avi,839,2,,274,17,340,199,0.840
2025-11-18T19:10:38.907647,Source c0.avi,840,3,,139,18,219,241,0.840
2025-11-18T19:10:38.951645,Source c1.avi,918,1,,269,18,321,178,0.818
2025-11-18T19:10:38.951645,Source c1.avi,919,2,,205,7,248,129,0.818
2025-11-18T19:10:39.039162,Source c0.avi,841,2,,274,16,339,196,0.842
2025-11-18T19:10:39.039162,Source c0.avi,842,3,,139,19,219,241,0.842
2025-11-18T19:10:39.085160,Source c1.avi,920,1,,270,18,322,179,0.835
2025-11-18T19:10:39.085160,Source c1.avi,921,2,,202,9,244,129,0.835
2025-11-18T19:10:39.184667,Source c0.avi,843,2,2,275,16,339,195,0.865
2025-11-18T19:10:39.195667,Source c0.avi,844,3,3,137,18,219,243,0.865
2025-11-18T19:10:39.251669,Source c1.avi,922,1,1,271,18,324,181,0.850
2025-11-18T19:10:39.264669,Source c1.avi,923,2,2,199,8,242,129,0.850
2025-11-18T19:10:39.346179,Source c0.avi,845,2,,275,15,338,194,0.891
2025-11-18T19:10:39.346179,Source c0.avi,846,3,,135,18,218,245,0.891
2025-11-18T19:10:39.391178,Source c1.avi,924,1,,272,18,325,182,0.868
2025-11-18T19:10:39.391178,Source c1.avi,925,2,,197,8,240,129,0.868
2025-11-18T19:10:39.475690,Source c0.avi,847,2,,275,16,338,194,0.892
2025-11-18T19:10:39.475690,Source c0.avi,848,3,,134,17,218,244,0.892
2025-11-18T19:10:39.517686,Source c1.avi,926,1,,274,18,327,183,0.867
2025-11-18T19:10:39.517686,Source c1.avi,927,2,,194,10,237,129,0.867
2025-11-18T19:10:39.605201,Source c0.avi,849,2,,276,20,338,195,0.783
2025-11-18T19:10:39.605201,Source c0.avi,850,3,,134,18,218,246,0.783
2025-11-18T19:10:39.651200,Source c1.avi,928,1,,275,18,329,182,0.889
2025-11-18T19:10:39.651200,Source c1.avi,929,2,,191,10,236,129,0.889
2025-11-18T19:10:39.733514,Source c0.avi,851,2,,277,18,339,195,0.856
2025-11-18T19:10:39.733514,Source c0.avi,852,3,,132,17,216,246,0.856
2025-11-18T19:10:39.778513,Source c1.avi,930,1,,277,19,331,183,0.890
2025-11-18T19:10:39.778513,Source c1.avi,931,2,,190,11,235,129,0.890
2025-11-18T19:10:39.862593,Source c0.avi,853,2,,276,16,338,195,0.852
2025-11-18T19:10:39.863592,Source c0.avi,854,3,,130,17,215,245,0.852
2025-11-18T19:10:39.902593,Source c1.avi,932,1,,279,19,332,183,0.881
2025-11-18T19:10:39.902593,Source c1.avi,933,2,,188,11,235,130,0.881
2025-11-18T19:10:39.983895,Source c0.avi,855,2,,278,16,340,195,0.769
2025-11-18T19:10:39.983895,Source c0.avi,856,3,,128,18,212,246,0.769
2025-11-18T19:10:40.028895,Source c1.avi,934,1,,280,19,334,183,0.878
2025-11-18T19:10:40.028895,Source c1.avi,935,2,,188,11,234,129,0.878
2025-11-18T19:10:40.114403,Source c0.avi,857,2,,278,16,340,194,0.868
2025-11-18T19:10:40.114403,Source c0.avi,858,3,,125,19,208,246,0.868
2025-11-18T19:10:40.159405,Source c1.avi,936,1,,282,19,335,183,0.890
2025-11-18T19:10:40.159405,Source c1.avi,937,2,,187,11,235,129,0.890
2025-11-18T19:10:40.243381,Source c0.avi,859,2,,275,16,337,195,0.860
2025-11-18T19:10:40.243381,Source c0.avi,860,3,,121,19,203,245,0.860
2025-11-18T19:10:40.335382,Source c1.avi,938,1,,283,19,337,183,0.794
2025-11-18T19:10:40.335382,Source c1.avi,939,2,,186,12,234,129,0.794
2025-11-18T19:10:40.420898,Source c0.avi,861,2,,275,16,337,195,0.840
2025-11-18T19:10:40.421898,Source c0.avi,862,3,,118,19,199,245,0.840
2025-11-18T19:10:40.466900,Source c1.avi,940,1,,285,19,338,183,0.814
2025-11-18T19:10:40.466900,Source c1.avi,941,2,,185,11,234,128,0.814
2025-11-18T19:10:40.569336,Source c0.avi,863,2,2,275,16,336,194,0.839
2025-11-18T19:10:40.580338,Source c0.avi,864,3,3,116,19,195,244,0.839
2025-11-18T19:10:40.652337,Source c1.avi,942,1,1,286,19,339,185,0.791
2025-11-18T19:10:40.664337,Source c1.avi,943,2,2,184,11,234,128,0.791
2025-11-18T19:10:40.677341,Source c1.avi,944,3,4,219,9,243,102,0.791
2025-11-18T19:10:40.766820,Source c0.avi,865,2,,275,16,335,193,0.832
2025-11-18T19:10:40.766820,Source c0.avi,866,3,,111,19,188,244,0.832
2025-11-18T19:10:40.810822,Source c1.avi,945,1,,287,20,340,184,0.815
2025-11-18T19:10:40.811823,Source c1.avi,946,2,,182,11,232,127,0.815
2025-11-18T19:10:40.811823,Source c1.avi,947,3,,219,8,243,102,0.815
2025-11-18T19:10:40.899332,Source c0.avi,867,2,,274,16,334,191,0.834
2025-11-18T19:10:40.899332,Source c0.avi,868,3,,107,19,182,244,0.834
2025-11-18T19:10:40.943331,Source c1.avi,948,1,,288,20,341,186,0.830
2025-11-18T19:10:40.943331,Source c1.avi,949,2,,181,10,230,126,0.830
2025-11-18T19:10:40.943331,Source c1.avi,950,3,,219,8,244,101,0.830
2025-11-18T19:10:41.026370,Source c0.avi,869,2,,273,15,333,189,0.876
2025-11-18T19:10:41.026370,Source c0.avi,870,3,,104,19,178,244,0.876
2025-11-18T19:10:41.074371,Source c1.avi,951,1,,289,21,341,185,0.751
2025-11-18T19:10:41.074371,Source c1.avi,952,2,,179,10,226,124,0.751
2025-11-18T19:10:41.074371,Source c1.avi,953,3,,219,8,244,102,0.751
2025-11-18T19:10:41.158894,Source c0.avi,871,2,,271,13,331,186,0.819
2025-11-18T19:10:41.159890,Source c0.avi,872,3,,100,19,173,245,0.819
2025-11-18T19:10:41.201886,Source c1.avi,954,1,,289,21,341,187,0.754
2025-11-18T19:10:41.201886,Source c1.avi,955,2,,176,10,222,123,0.754
2025-11-18T19:10:41.201886,Source c1.avi,956,3,,219,8,244,102,0.754
2025-11-18T19:10:41.287266,Source c0.avi,873,2,,269,12,330,184,0.801
2025-11-18T19:10:41.287266,Source c0.avi,874,3,,98,19,170,244,0.801
2025-11-18T19:10:41.328268,Source c1.avi,957,1,,289,22,342,189,0.765
2025-11-18T19:10:41.328268,Source c1.avi,958,2,,175,10,220,122,0.765
2025-11-18T19:10:41.328268,Source c1.avi,959,3,,218,7,244,104,0.765
2025-11-18T19:10:41.411778,Source c0.avi,875,2,,269,11,328,178,0.834
2025-11-18T19:10:41.412778,Source c0.avi,876,3,,94,18,166,244,0.834
2025-11-18T19:10:41.454773,Source c1.avi,960,1,,288,23,342,195,0.758
2025-11-18T19:10:41.454773,Source c1.avi,961,2,,174,9,217,122,0.758
2025-11-18T19:10:41.455776,Source c1.avi,962,3,,217,8,244,107,0.758
2025-11-18T19:10:41.540282,Source c0.avi,877,2,,269,11,328,171,0.820
2025-11-18T19:10:41.541280,Source c0.avi,878,3,,93,18,165,244,0.820
2025-11-18T19:10:41.581283,Source c1.avi,963,1,,288,23,343,198,0.772
2025-11-18T19:10:41.581283,Source c1.avi,964,2,,172,9,215,121,0.772
2025-11-18T19:10:41.581283,Source c1.avi,965,3,,216,9,243,109,0.772
2025-11-18T19:10:41.664798,Source c0.avi,879,2,,269,11,327,167,0.803
2025-11-18T19:10:41.664798,Source c0.avi,880,3,,95,19,170,245,0.803
2025-11-18T19:10:41.700796,Source c1.avi,966,1,,289,24,343,200,0.771
2025-11-18T19:10:41.700796,Source c1.avi,967,2,,170,9,214,121,0.771
2025-11-18T19:10:41.700796,Source c1.avi,968,3,,217,10,244,109,0.771
2025-11-18T19:10:41.793312,Source c0.avi,881,2,,268,10,327,165,0.871
2025-11-18T19:10:41.793312,Source c0.avi,882,3,,89,19,165,245,0.871
2025-11-18T19:10:41.838312,Source c1.avi,969,1,,288,24,343,203,0.795
2025-11-18T19:10:41.838312,Source c1.avi,970,2,,169,9,212,124,0.795
2025-11-18T19:10:41.838312,Source c1.avi,971,3,,217,10,244,110,0.795
2025-11-18T19:10:41.941820,Source c0.avi,883,2,2,268,10,327,164,0.832
2025-11-18T19:10:41.953817,Source c0.avi,884,3,3,87,22,162,245,0.832
2025-11-18T19:10:42.010818,Source c1.avi,972,1,1,288,25,343,205,0.784
2025-11-18T19:10:42.028817,Source c1.avi,973,2,2,167,9,210,123,0.784
2025-11-18T19:10:42.043815,Source c1.avi,974,3,4,216,11,243,112,0.784
2025-11-18T19:10:42.129328,Source c0.avi,885,2,,267,9,327,164,0.865
2025-11-18T19:10:42.129328,Source c0.avi,886,3,,86,21,162,245,0.865
2025-11-18T19:10:42.177329,Source c1.avi,975,1,,287,25,343,208,0.794
2025-11-18T19:10:42.177329,Source c1.avi,976,2,,161,7,205,124,0.794
2025-11-18T19:10:42.177329,Source c1.avi,977,3,,215,11,243,114,0.794
2025-11-18T19:10:42.262851,Source c0.avi,887,2,,269,8,329,164,0.849
2025-11-18T19:10:42.262851,Source c0.avi,888,3,,85,21,162,245,0.849
2025-11-18T19:10:42.310851,Source c1.avi,978,1,,287,25,343,209,0.800
2025-11-18T19:10:42.310851,Source c1.avi,979,2,,158,8,202,124,0.800
2025-11-18T19:10:42.310851,Source c1.avi,980,3,,215,11,243,115,0.800
2025-11-18T19:10:42.398359,Source c0.avi,889,2,,267,8,328,164,0.886
2025-11-18T19:10:42.398359,Source c0.avi,890,3,,84,21,161,246,0.886
2025-11-18T19:10:42.447359,Source c1.avi,981,1,,287,25,343,210,0.822
2025-11-18T19:10:42.447359,Source c1.avi,982,2,,154,9,199,125,0.822
2025-11-18T19:10:42.447359,Source c1.avi,983,3,,215,11,243,116,0.822
2025-11-18T19:10:42.532626,Source c0.avi,891,2,,266,8,328,165,0.864
2025-11-18T19:10:42.532626,Source c0.avi,892,3,,83,20,161,245,0.864
2025-11-18T19:10:42.577626,Source c1.avi,984,1,,287,25,343,210,0.830
2025-11-18T19:10:42.577626,Source c1.avi,985,2,,152,10,197,124,0.830
2025-11-18T19:10:42.577626,Source c1.avi,986,3,,215,11,243,117,0.830
2025-11-18T19:10:42.658139,Source c0.avi,893,2,,267,8,328,165,0.861
2025-11-18T19:10:42.659138,Source c0.avi,894,3,,83,22,160,245,0.861
2025-11-18T19:10:42.706134,Source c1.avi,987,1,,287,25,342,209,0.861
2025-11-18T19:10:42.706134,Source c1.avi,988,2,,150,11,196,124,0.861
2025-11-18T19:10:42.706134,Source c1.avi,989,3,,215,11,243,117,0.861
2025-11-18T19:10:42.789177,Source c0.avi,895,2,,267,7,328,165,0.851
2025-11-18T19:10:42.789177,Source c0.avi,896,3,,81,20,159,244,0.851
2025-11-18T19:10:42.838179,Source c1.avi,990,1,,287,25,343,209,0.851
2025-11-18T19:10:42.838179,Source c1.avi,991,2,,148,9,196,124,0.851
2025-11-18T19:10:42.838179,Source c1.avi,992,3,,214,11,242,117,0.851
2025-11-18T19:10:42.925509,Source c0.avi,897,2,,267,7,327,165,0.881
2025-11-18T19:10:42.925509,Source c0.avi,898,3,,78,19,157,245,0.881
2025-11-18T19:10:42.974509,Source c1.avi,993,1,,286,24,342,209,0.830
2025-11-18T19:10:42.974509,Source c1.avi,994,2,,147,10,195,124,0.830
2025-11-18T19:10:42.974509,Source c1.avi,995,3,,215,11,242,116,0.830
2025-11-18T19:10:43.060025,Source c0.avi,899,2,,266,7,326,164,0.873
2025-11-18T19:10:43.060025,Source c0.avi,900,3,,75,17,155,245,0.873
2025-11-18T19:10:43.107025,Source c1.avi,996,1,,286,24,342,210,0.841
2025-11-18T19:10:43.107025,Source c1.avi,997,2,,146,10,196,125,0.841
2025-11-18T19:10:43.107025,Source c1.avi,998,3,,215,10,242,116,0.841
2025-11-18T19:10:43.196065,Source c0.avi,901,2,,265,7,325,164,0.844
2025-11-18T19:10:43.197064,Source c0.avi,902,3,,72,16,152,245,0.844
2025-11-18T19:10:43.245064,Source c1.avi,999,1,,286,24,342,210,0.861
2025-11-18T19:10:43.245064,Source c1.avi,1000,2,,145,10,196,125,0.861
2025-11-18T19:10:43.245064,Source c1.avi,1001,3,,215,10,242,117,0.861
2025-11-18T19:10:43.342427,Source c0.avi,903,2,2,264,6,323,163,0.837
2025-11-18T19:10:43.354427,Source c0.avi,904,3,3,57,14,139,242,0.837
2025-11-18T19:10:43.424427,Source c1.avi,1002,1,1,286,24,342,210,0.855
2025-11-18T19:10:43.436427,Source c1.avi,1003,2,2,144,10,196,125,0.855
2025-11-18T19:10:43.447424,Source c1.avi,1004,3,4,215,10,242,117,0.855
2025-11-18T19:10:43.530934,Source c0.avi,905,2,,264,6,323,163,0.869
2025-11-18T19:10:43.530934,Source c0.avi,906,3,,60,14,141,239,0.869
2025-11-18T19:10:43.578934,Source c1.avi,1005,1,,285,23,342,210,0.841
2025-11-18T19:10:43.578934,Source c1.avi,1006,2,,143,10,195,125,0.841
2025-11-18T19:10:43.578934,Source c1.avi,1007,3,,215,10,243,119,0.841
2025-11-18T19:10:43.661062,Source c0.avi,907,2,,264,6,321,162,0.827
2025-11-18T19:10:43.661062,Source c0.avi,908,3,,59,13,139,239,0.827
2025-11-18T19:10:43.707062,Source c1.avi,1008,1,,285,24,342,211,0.869
2025-11-18T19:10:43.707062,Source c1.avi,1009,2,,141,9,194,126,0.869
2025-11-18T19:10:43.707062,Source c1.avi,1010,3,,214,11,243,120,0.869
2025-11-18T19:10:43.788572,Source c0.avi,909,2,,263,6,321,161,0.841
2025-11-18T19:10:43.788572,Source c0.avi,910,3,,46,13,126,235,0.841
2025-11-18T19:10:43.835573,Source c1.avi,1011,1,,284,24,341,211,0.854
2025-11-18T19:10:43.835573,Source c1.avi,1012,2,,139,9,192,126,0.854
2025-11-18T19:10:43.835573,Source c1.avi,1013,3,,215,11,243,122,0.854
2025-11-18T19:10:43.909355,Source c0.avi,911,2,,263,5,320,160,0.834
2025-11-18T19:10:43.909355,Source c0.avi,912,3,,43,12,122,232,0.834
2025-11-18T19:10:43.954354,Source c1.avi,1014,1,,284,24,341,214,0.814
2025-11-18T19:10:43.954354,Source c1.avi,1015,2,,137,8,190,125,0.814
2025-11-18T19:10:43.954354,Source c1.avi,1016,3,,215,12,244,124,0.814
2025-11-18T19:10:44.044803,Source c0.avi,913,2,,262,3,317,153,0.813
2025-11-18T19:10:44.044803,Source c0.avi,914,3,,45,11,123,231,0.813
2025-11-18T19:10:44.086801,Source c1.avi,1017,1,,283,24,341,217,0.762
2025-11-18T19:10:44.086801,Source c1.avi,1018,2,,133,8,185,125,0.762
2025-11-18T19:10:44.086801,Source c1.avi,1019,3,,215,12,244,125,0.762
2025-11-18T19:10:44.180313,Source c0.avi,915,2,,261,2,315,151,0.865
2025-11-18T19:10:44.180313,Source c0.avi,916,3,,44,11,122,232,0.865
2025-11-18T19:10:44.230316,Source c1.avi,1020,1,,283,24,340,219,0.840
2025-11-18T19:10:44.230316,Source c1.avi,1021,2,,131,8,183,125,0.840
2025-11-18T19:10:44.230316,Source c1.avi,1022,3,,215,13,244,125,0.840
2025-11-18T19:10:44.313384,Source c0.avi,917,2,,261,1,314,149,0.861
2025-11-18T19:10:44.313384,Source c0.avi,918,3,,43,10,120,235,0.861
2025-11-18T19:10:44.348385,Source c1.avi,1023,1,,283,24,340,222,0.883
2025-11-18T19:10:44.348385,Source c1.avi,1024,2,,129,8,182,125,0.883
2025-11-18T19:10:44.348385,Source c1.avi,1025,3,,216,15,245,125,0.883
2025-11-18T19:10:44.438901,Source c0.avi,919,2,,261,0,312,144,0.779
2025-11-18T19:10:44.438901,Source c0.avi,920,3,,42,10,118,235,0.779
2025-11-18T19:10:44.483902,Source c1.avi,1026,1,,282,25,339,224,0.764
2025-11-18T19:10:44.483902,Source c1.avi,1027,2,,124,8,174,125,0.764
2025-11-18T19:10:44.483902,Source c1.avi,1028,3,,216,16,246,128,0.764
2025-11-18T19:10:44.572067,Source c0.avi,921,2,,260,0,310,141,0.850
2025-11-18T19:10:44.572067,Source c0.avi,922,3,,41,10,117,234,0.850
2025-11-18T19:10:44.572067,Source c0.avi,923,4,,291,29,348,196,0.850
2025-11-18T19:10:44.619071,Source c1.avi,1029,1,,282,24,338,226,0.812
2025-11-18T19:10:44.619071,Source c1.avi,1030,2,,122,8,171,125,0.812
2025-11-18T19:10:44.619071,Source c1.avi,1031,3,,217,16,246,130,0.812
2025-11-18T19:10:44.729123,Source c0.avi,924,2,2,260,0,308,139,0.861
2025-11-18T19:10:44.741122,Source c0.avi,925,3,3,41,10,115,232,0.861
2025-11-18T19:10:44.753124,Source c0.avi,926,4,1,289,29,345,194,0.861
2025-11-18T19:10:44.800122,Source c1.avi,1032,1,1,280,25,337,228,0.809
2025-11-18T19:10:44.813122,Source c1.avi,1033,2,2,119,8,169,125,0.809
2025-11-18T19:10:44.825124,Source c1.avi,1034,3,4,217,16,247,131,0.809
2025-11-18T19:10:44.909633,Source c0.avi,927,2,,259,0,307,138,0.869
2025-11-18T19:10:44.909633,Source c0.avi,928,3,,39,10,113,228,0.869
2025-11-18T19:10:44.909633,Source c0.avi,929,4,,287,29,344,195,0.869
2025-11-18T19:10:44.955632,Source c1.avi,1035,1,,280,25,336,229,0.777
2025-11-18T19:10:44.955632,Source c1.avi,1036,2,,116,9,165,125,0.777
2025-11-18T19:10:44.955632,Source c1.avi,1037,3,,218,16,248,131,0.777
2025-11-18T19:10:45.043771,Source c0.avi,930,2,,256,0,304,137,0.837
2025-11-18T19:10:45.043771,Source c0.avi,931,3,,39,10,111,226,0.837
2025-11-18T19:10:45.043771,Source c0.avi,932,4,,284,29,343,195,0.837
2025-11-18T19:10:45.075768,Source c1.avi,1038,1,,279,25,336,231,0.786
2025-11-18T19:10:45.075768,Source c1.avi,1039,2,,114,9,163,125,0.786
2025-11-18T19:10:45.075768,Source c1.avi,1040,3,,218,16,249,132,0.786
2025-11-18T19:10:45.163287,Source c0.avi,933,2,,256,0,304,137,0.838
2025-11-18T19:10:45.163287,Source c0.avi,934,3,,38,10,110,225,0.838
2025-11-18T19:10:45.163287,Source c0.avi,935,4,,282,29,342,196,0.838
2025-11-18T19:10:45.212284,Source c1.avi,1041,1,,273,25,331,231,0.814
2025-11-18T19:10:45.212284,Source c1.avi,1042,2,,113,9,161,125,0.814
2025-11-18T19:10:45.212284,Source c1.avi,1043,3,,219,16,249,132,0.814
2025-11-18T19:10:45.307797,Source c0.avi,936,2,,255,0,303,137,0.836
2025-11-18T19:10:45.307797,Source c0.avi,937,3,,37,10,109,226,0.836
2025-11-18T19:10:45.308798,Source c0.avi,938,4,,280,29,341,196,0.836
2025-11-18T19:10:45.357797,Source c1.avi,1044,1,,271,26,329,232,0.816
2025-11-18T19:10:45.357797,Source c1.avi,1045,2,,111,10,159,125,0.816
2025-11-18T19:10:45.357797,Source c1.avi,1046,3,,219,16,250,132,0.816
2025-11-18T19:10:45.444312,Source c0.avi,939,2,,255,0,302,137,0.756
2025-11-18T19:10:45.445309,Source c0.avi,940,3,,36,11,107,224,0.756
2025-11-18T19:10:45.445309,Source c0.avi,941,4,,277,29,340,196,0.756
2025-11-18T19:10:45.491309,Source c1.avi,1047,1,,271,27,330,233,0.822
2025-11-18T19:10:45.491309,Source c1.avi,1048,2,,109,10,158,126,0.822
2025-11-18T19:10:45.492309,Source c1.avi,1049,3,,220,16,250,132,0.822
2025-11-18T19:10:45.581818,Source c0.avi,942,2,,254,0,302,137,0.805
2025-11-18T19:10:45.581818,Source c0.avi,943,3,,34,9,107,226,0.805
2025-11-18T19:10:45.581818,Source c0.avi,944,4,,275,28,337,196,0.805
2025-11-18T19:10:45.627816,Source c1.avi,1050,1,,270,27,330,233,0.822
2025-11-18T19:10:45.628818,Source c1.avi,1051,2,,108,10,158,126,0.822
2025-11-18T19:10:45.628818,Source c1.avi,1052,3,,220,16,250,132,0.822
2025-11-18T19:10:45.721966,Source c0.avi,945,2,,253,0,300,137,0.840
2025-11-18T19:10:45.721966,Source c0.avi,946,3,,33,8,106,228,0.840
2025-11-18T19:10:45.721966,Source c0.avi,947,4,,273,27,336,196,0.840
2025-11-18T19:10:45.777965,Source c1.avi,1053,1,,271,27,331,232,0.829
2025-11-18T19:10:45.777965,Source c1.avi,1054,2,,107,10,157,126,0.829
2025-11-18T19:10:45.777965,Source c1.avi,1055,3,,220,16,251,131,0.829
2025-11-18T19:10:45.871475,Source c0.avi,948,2,,253,0,299,136,0.759
2025-11-18T19:10:45.871475,Source c0.avi,949,3,,31,8,104,228,0.759
2025-11-18T19:10:45.871475,Source c0.avi,950,4,,271,26,334,196,0.759
2025-11-18T19:10:45.921479,Source c1.avi,1056,1,,272,28,333,232,0.801
2025-11-18T19:10:45.921479,Source c1.avi,1057,2,,107,11,158,126,0.801
2025-11-18T19:10:45.921479,Source c1.avi,1058,3,,220,16,251,132,0.801
2025-11-18T19:10:46.004986,Source c0.avi,951,2,,252,0,298,135,0.867
2025-11-18T19:10:46.004986,Source c0.avi,952,3,,29,9,102,228,0.867
2025-11-18T19:10:46.004986,Source c0.avi,953,4,,270,26,333,196,0.867
2025-11-18T19:10:46.054988,Source c1.avi,1059,1,,272,28,332,232,0.836
2025-11-18T19:10:46.054988,Source c1.avi,1060,2,,106,11,158,127,0.836
2025-11-18T19:10:46.054988,Source c1.avi,1061,3,,220,16,251,133,0.836
2025-11-18T19:10:46.145499,Source c0.avi,954,2,2,251,0,297,134,0.863
2025-11-18T19:10:46.161497,Source c0.avi,955,3,3,28,10,100,224,0.863
2025-11-18T19:10:46.174498,Source c0.avi,956,4,1,268,25,330,196,0.863
2025-11-18T19:10:46.236498,Source c1.avi,1062,1,1,271,28,332,233,0.768
2025-11-18T19:10:46.248497,Source c1.avi,1063,2,2,105,10,157,127,0.768
2025-11-18T19:10:46.258498,Source c1.avi,1064,3,4,219,17,251,136,0.768
2025-11-18T19:10:46.332012,Source c0.avi,957,2,,250,0,296,133,0.889
2025-11-18T19:10:46.332012,Source c0.avi,958,3,,27,9,101,227,0.889
2025-11-18T19:10:46.332012,Source c0.avi,959,4,,267,25,328,196,0.889
2025-11-18T19:10:46.379009,Source c1.avi,1065,1,,270,28,331,233,0.792
2025-11-18T19:10:46.379009,Source c1.avi,1066,2,,104,10,156,126,0.792
2025-11-18T19:10:46.379009,Source c1.avi,1067,3,,219,17,251,138,0.792
2025-11-18T19:10:46.462524,Source c0.avi,960,2,,250,0,295,132,0.854
2025-11-18T19:10:46.462524,Source c0.avi,961,3,,26,9,100,224,0.854
2025-11-18T19:10:46.462524,Source c0.avi,962,4,,262,25,323,197,0.854
2025-11-18T19:10:46.505522,Source c1.avi,1068,1,,271,29,331,233,0.831
2025-11-18T19:10:46.505522,Source c1.avi,1069,2,,103,10,155,126,0.831
2025-11-18T19:10:46.505522,Source c1.avi,1070,3,,218,18,251,140,0.831
2025-11-18T19:10:46.582819,Source c0.avi,963,2,,249,0,294,131,0.884
2025-11-18T19:10:46.582819,Source c0.avi,964,3,,24,8,99,224,0.884
2025-11-18T19:10:46.582819,Source c0.avi,965,4,,255,24,317,197,0.884
2025-11-18T19:10:46.622817,Source c1.avi,1071,1,,270,28,331,233,0.832
2025-11-18T19:10:46.622817,Source c1.avi,1072,2,,102,10,153,126,0.832
2025-11-18T19:10:46.622817,Source c1.avi,1073,3,,218,19,250,141,0.832
2025-11-18T19:10:46.704332,Source c0.avi,966,2,,248,-1,293,130,0.895
2025-11-18T19:10:46.704332,Source c0.avi,967,3,,22,9,96,222,0.895
2025-11-18T19:10:46.704332,Source c0.avi,968,4,,249,24,312,197,0.895
2025-11-18T19:10:46.739332,Source c1.avi,1074,1,,269,29,330,232,0.813
2025-11-18T19:10:46.739332,Source c1.avi,1075,2,,100,10,152,126,0.813
2025-11-18T19:10:46.739332,Source c1.avi,1076,3,,217,20,250,143,0.813
2025-11-18T19:10:46.819848,Source c0.avi,969,2,,247,-1,292,129,0.893
2025-11-18T19:10:46.819848,Source c0.avi,970,3,,20,9,94,220,0.893
2025-11-18T19:10:46.819848,Source c0.avi,971,4,,244,24,308,197,0.893
2025-11-18T19:10:46.866848,Source c1.avi,1077,1,,269,30,329,233,0.751
2025-11-18T19:10:46.866848,Source c1.avi,1078,2,,97,10,147,127,0.751
2025-11-18T19:10:46.866848,Source c1.avi,1079,3,,216,20,250,144,0.751
2025-11-18T19:10:46.947364,Source c0.avi,972,2,,246,-1,291,128,0.895
2025-11-18T19:10:46.947364,Source c0.avi,973,3,,17,9,91,217,0.895
2025-11-18T19:10:46.947364,Source c0.avi,974,4,,238,24,303,197,0.895
2025-11-18T19:10:46.995362,Source c1.avi,1080,1,,267,29,328,231,0.764
2025-11-18T19:10:46.995362,Source c1.avi,1081,2,,94,10,143,127,0.764
2025-11-18T19:10:46.995362,Source c1.avi,1082,3,,215,20,249,146,0.764
2025-11-18T19:10:47.073876,Source c0.avi,975,2,,246,-1,290,127,0.884
2025-11-18T19:10:47.074875,Source c0.avi,976,3,,16,9,88,212,0.884
2025-11-18T19:10:47.074875,Source c0.avi,977,4,,233,25,299,197,0.884
2025-11-18T19:10:47.119875,Source c1.avi,1083,1,,266,30,328,232,0.819
2025-11-18T19:10:47.119875,Source c1.avi,1084,2,,91,10,140,128,0.819
2025-11-18T19:10:47.119875,Source c1.avi,1085,3,,214,19,248,146,0.819
2025-11-18T19:10:47.204390,Source c0.avi,978,2,,245,-1,289,126,0.900
2025-11-18T19:10:47.204390,Source c0.avi,979,3,,14,8,86,211,0.900
2025-11-18T19:10:47.204390,Source c0.avi,980,4,,230,25,297,197,0.900
2025-11-18T19:10:47.258393,Source c1.avi,1086,1,,264,30,326,231,0.853
2025-11-18T19:10:47.258393,Source c1.avi,1087,2,,89,10,137,130,0.853
2025-11-18T19:10:47.258393,Source c1.avi,1088,3,,213,19,247,146,0.853
2025-11-18T19:10:47.337902,Source c0.avi,981,2,,244,-2,288,125,0.889
2025-11-18T19:10:47.337902,Source c0.avi,982,3,,12,8,84,210,0.889
2025-11-18T19:10:47.337902,Source c0.avi,983,4,,227,24,295,197,0.889
2025-11-18T19:10:47.385903,Source c1.avi,1089,1,,261,30,325,231,0.873
2025-11-18T19:10:47.385903,Source c1.avi,1090,2,,87,10,135,131,0.873
2025-11-18T19:10:47.385903,Source c1.avi,1091,3,,212,19,246,146,0.873
2025-11-18T19:10:47.479412,Source c0.avi,984,2,2,243,-2,287,124,0.882
2025-11-18T19:10:47.494416,Source c0.avi,985,3,3,10,8,82,210,0.882
2025-11-18T19:10:47.511411,Source c0.avi,986,4,1,226,23,294,197,0.882
2025-11-18T19:10:47.581414,Source c1.avi,1092,1,1,260,31,325,232,0.845
2025-11-18T19:10:47.594411,Source c1.avi,1093,2,2,85,10,133,132,0.845
2025-11-18T19:10:47.605411,Source c1.avi,1094,3,4,212,19,247,146,0.845
2025-11-18T19:10:47.683925,Source c0.avi,987,2,,243,-2,286,123,0.875
2025-11-18T19:10:47.683925,Source c0.avi,988,3,,9,8,80,210,0.875
2025-11-18T19:10:47.683925,Source c0.avi,989,4,,224,23,292,196,0.875
2025-11-18T19:10:47.734922,Source c1.avi,1095,1,,258,31,324,232,0.804
2025-11-18T19:10:47.734922,Source c1.avi,1096,2,,82,10,129,133,0.804
2025-11-18T19:10:47.734922,Source c1.avi,1097,3,,212,19,247,146,0.804
2025-11-18T19:10:47.813435,Source c0.avi,990,2,,242,-2,285,122,0.880
2025-11-18T19:10:47.813435,Source c0.avi,991,3,,8,8,78,209,0.880
2025-11-18T19:10:47.813435,Source c0.avi,992,4,,223,22,290,195,0.880
2025-11-18T19:10:47.862436,Source c1.avi,1098,1,,257,31,324,233,0.830
2025-11-18T19:10:47.862436,Source c1.avi,1099,2,,80,11,127,134,0.830
2025-11-18T19:10:47.862436,Source c1.avi,1100,3,,211,18,246,146,0.830
2025-11-18T19:10:47.942949,Source c0.avi,993,2,,241,-2,284,121,0.860
2025-11-18T19:10:47.942949,Source c0.avi,994,3,,8,8,78,209,0.860
2025-11-18T19:10:47.942949,Source c0.avi,995,4,,221,22,287,192,0.860
2025-11-18T19:10:47.993946,Source c1.avi,1101,1,,254,31,322,233,0.787
2025-11-18T19:10:47.993946,Source c1.avi,1102,2,,78,12,126,135,0.787
2025-11-18T19:10:47.993946,Source c1.avi,1103,3,,210,19,245,147,0.787
2025-11-18T19:10:48.079099,Source c0.avi,996,2,,240,-3,283,120,0.751
2025-11-18T19:10:48.079099,Source c0.avi,997,3,,7,7,77,209,0.751
2025-11-18T19:10:48.080103,Source c0.avi,998,4,,219,20,284,190,0.751
2025-11-18T19:10:48.127101,Source c1.avi,1104,1,,250,31,319,233,0.781
2025-11-18T19:10:48.128103,Source c1.avi,1105,2,,78,12,125,135,0.781
2025-11-18T19:10:48.128103,Source c1.avi,1106,3,,209,19,244,147,0.781
2025-11-18T19:10:48.225541,Source c0.avi,999,2,,240,-3,282,119,0.772
2025-11-18T19:10:48.225541,Source c0.avi,1000,3,,7,7,77,209,0.772
2025-11-18T19:10:48.225541,Source c0.avi,1001,4,,218,19,281,189,0.772
2025-11-18T19:10:48.276544,Source c1.avi,1107,1,,244,32,315,232,0.814
2025-11-18T19:10:48.276544,Source c1.avi,1108,2,,77,13,125,136,0.814
2025-11-18T19:10:48.276544,Source c1.avi,1109,3,,208,19,244,148,0.814
2025-11-18T19:10:48.360028,Source c0.avi,1002,2,,239,-3,281,118,0.870
2025-11-18T19:10:48.360028,Source c0.avi,1003,3,,7,7,76,209,0.870
2025-11-18T19:10:48.360028,Source c0.avi,1004,4,,216,19,277,188,0.870
2025-11-18T19:10:48.407029,Source c1.avi,1110,1,,239,32,313,232,0.803
2025-11-18T19:10:48.407029,Source c1.avi,1111,2,,76,13,124,137,0.803
2025-11-18T19:10:48.407029,Source c1.avi,1112,3,,207,19,244,151,0.803
2025-11-18T19:10:48.484429,Source c0.avi,1005,2,,238,-3,280,117,0.882
2025-11-18T19:10:48.484429,Source c0.avi,1006,3,,7,7,75,208,0.882
2025-11-18T19:10:48.484429,Source c0.avi,1007,4,,213,19,274,187,0.882
2025-11-18T19:10:48.534429,Source c1.avi,1113,1,,235,33,312,235,0.781
2025-11-18T19:10:48.534429,Source c1.avi,1114,2,,77,13,124,137,0.781
2025-11-18T19:10:48.534429,Source c1.avi,1115,3,,205,20,241,152,0.781
2025-11-18T19:10:48.613943,Source c0.avi,1008,2,,237,-3,279,117,0.886
2025-11-18T19:10:48.613943,Source c0.avi,1009,3,,7,7,75,209,0.886
2025-11-18T19:10:48.613943,Source c0.avi,1010,4,,211,18,271,187,0.886
2025-11-18T19:10:48.660945,Source c1.avi,1116,1,,230,34,309,236,0.758
2025-11-18T19:10:48.660945,Source c1.avi,1117,2,,77,13,124,138,0.758
2025-11-18T19:10:48.660945,Source c1.avi,1118,3,,203,20,240,155,0.758
2025-11-18T19:10:48.746290,Source c0.avi,1011,2,,236,-4,278,116,0.873
2025-11-18T19:10:48.746290,Source c0.avi,1012,3,,7,7,75,208,0.873
2025-11-18T19:10:48.746290,Source c0.avi,1013,4,,206,18,266,187,0.873
2025-11-18T19:10:48.796291,Source c1.avi,1119,1,,228,35,310,238,0.797
2025-11-18T19:10:48.796291,Source c1.avi,1120,2,,75,14,123,138,0.797
2025-11-18T19:10:48.796291,Source c1.avi,1121,3,,203,21,240,156,0.797
2025-11-18T19:10:48.888660,Source c0.avi,1014,2,2,236,-4,277,115,0.884
2025-11-18T19:10:48.905657,Source c0.avi,1015,3,3,8,8,75,209,0.884
2025-11-18T19:10:48.919661,Source c0.avi,1016,4,1,202,18,262,187,0.884
2025-11-18T19:10:48.989655,Source c1.avi,1122,1,1,227,35,314,240,0.778
2025-11-18T19:10:49.000658,Source c1.avi,1123,2,2,76,13,124,138,0.778
2025-11-18T19:10:49.012657,Source c1.avi,1124,3,4,201,22,239,158,0.778
2025-11-18T19:10:49.091165,Source c0.avi,1017,2,,235,-4,276,114,0.822
2025-11-18T19:10:49.091165,Source c0.avi,1018,3,,8,8,75,209,0.822
2025-11-18T19:10:49.091165,Source c0.avi,1019,4,,198,17,260,187,0.822
2025-11-18T19:10:49.143164,Source c1.avi,1125,1,,227,35,316,240,0.764
2025-11-18T19:10:49.143164,Source c1.avi,1126,2,,75,13,122,138,0.764
2025-11-18T19:10:49.143164,Source c1.avi,1127,3,,200,23,238,159,0.764
2025-11-18T19:10:49.224426,Source c0.avi,1020,2,,234,-4,274,113,0.874
2025-11-18T19:10:49.224426,Source c0.avi,1021,3,,8,9,75,209,0.874
2025-11-18T19:10:49.224426,Source c0.avi,1022,4,,194,17,256,186,0.874
2025-11-18T19:10:49.278427,Source c1.avi,1128,1,,226,35,317,241,0.806
2025-11-18T19:10:49.278427,Source c1.avi,1129,2,,74,13,121,139,0.806
2025-11-18T19:10:49.278427,Source c1.avi,1130,3,,199,23,237,161,0.806
2025-11-18T19:10:49.371479,Source c0.avi,1023,2,,237,0,276,116,0.777
2025-11-18T19:10:49.371479,Source c0.avi,1024,3,,9,9,75,209,0.777
2025-11-18T19:10:49.371479,Source c0.avi,1025,4,,190,17,252,187,0.777
2025-11-18T19:10:49.407476,Source c1.avi,1131,1,,222,36,317,243,0.831
2025-11-18T19:10:49.407476,Source c1.avi,1132,2,,73,13,120,139,0.831
2025-11-18T19:10:49.407476,Source c1.avi,1133,3,,197,23,235,162,0.831
2025-11-18T19:10:49.498989,Source c0.avi,1026,2,,237,0,275,115,0.875
2025-11-18T19:10:49.498989,Source c0.avi,1027,3,,10,9,76,209,0.875
2025-11-18T19:10:49.498989,Source c0.avi,1028,4,,187,17,250,186,0.875
2025-11-18T19:10:49.544989,Source c1.avi,1134,1,,216,37,309,241,0.803
2025-11-18T19:10:49.544989,Source c1.avi,1135,2,,72,13,119,140,0.803
2025-11-18T19:10:49.544989,Source c1.avi,1136,3,,197,23,234,161,0.803
2025-11-18T19:10:49.624495,Source c0.avi,1029,2,,236,0,274,114,0.839
2025-11-18T19:10:49.624495,Source c0.avi,1030,3,,11,9,76,210,0.839
2025-11-18T19:10:49.624495,Source c0.avi,1031,4,,186,23,248,186,0.839
2025-11-18T19:10:49.659493,Source c1.avi,1137,1,,211,37,303,241,0.776
2025-11-18T19:10:49.659493,Source c1.avi,1138,2,,71,13,118,140,0.776
2025-11-18T19:10:49.659493,Source c1.avi,1139,3,,196,23,233,162,0.776
2025-11-18T19:10:49.740007,Source c0.avi,1032,2,,236,0,274,113,0.873
2025-11-18T19:10:49.740007,Source c0.avi,1033,3,,11,8,76,210,0.873
2025-11-18T19:10:49.740007,Source c0.avi,1034,4,,184,19,247,184,0.873
2025-11-18T19:10:49.775004,Source c1.avi,1140,1,,208,37,300,242,0.857
2025-11-18T19:10:49.775004,Source c1.avi,1141,2,,70,13,117,141,0.857
2025-11-18T19:10:49.775004,Source c1.avi,1142,3,,195,23,233,163,0.857
2025-11-18T19:10:49.864317,Source c0.avi,1035,2,,234,0,272,109,0.792
2025-11-18T19:10:49.865315,Source c0.avi,1036,3,,12,9,76,208,0.792
2025-11-18T19:10:49.865315,Source c0.avi,1037,4,,183,18,246,182,0.792
2025-11-18T19:10:49.906315,Source c1.avi,1143,1,,206,38,298,244,0.799
2025-11-18T19:10:49.906315,Source c1.avi,1144,2,,68,13,116,141,0.799
2025-11-18T19:10:49.906315,Source c1.avi,1145,3,,193,22,231,162,0.799
2025-11-18T19:10:49.999763,Source c0.avi,1038,2,,233,0,270,108,0.873
2025-11-18T19:10:49.999763,Source c0.avi,1039,3,,13,8,76,208,0.873
2025-11-18T19:10:49.999763,Source c0.avi,1040,4,,183,17,244,179,0.873
2025-11-18T19:10:50.035759,Source c1.avi,1146,1,,204,36,297,244,0.843
2025-11-18T19:10:50.035759,Source c1.avi,1147,2,,67,13,115,142,0.843
2025-11-18T19:10:50.035759,Source c1.avi,1148,3,,191,22,229,163,0.843
2025-11-18T19:10:50.117272,Source c0.avi,1041,2,,232,0,269,107,0.875
2025-11-18T19:10:50.117272,Source c0.avi,1042,3,,15,8,76,204,0.875
2025-11-18T19:10:50.117272,Source c0.avi,1043,4,,182,16,242,176,0.875
2025-11-18T19:10:50.165270,Source c1.avi,1149,1,,204,36,295,243,0.783
2025-11-18T19:10:50.165270,Source c1.avi,1150,2,,59,13,105,138,0.783
2025-11-18T19:10:50.165270,Source c1.avi,1151,3,,190,22,228,163,0.783
2025-11-18T19:10:50.254553,Source c0.avi,1044,2,2,232,0,268,105,0.836
2025-11-18T19:10:50.266554,Source c0.avi,1045,3,3,15,7,77,203,0.836
2025-11-18T19:10:50.278555,Source c0.avi,1046,4,1,182,20,239,172,0.836
2025-11-18T19:10:50.342554,Source c1.avi,1152,1,1,201,32,293,244,0.751
2025-11-18T19:10:50.366557,Source c1.avi,1153,2,2,56,14,101,139,0.751
2025-11-18T19:10:50.380555,Source c1.avi,1154,3,4,189,23,227,163,0.751
2025-11-18T19:10:50.462066,Source c0.avi,1047,2,,231,0,267,104,0.804
2025-11-18T19:10:50.462066,Source c0.avi,1048,3,,17,6,77,199,0.804
2025-11-18T19:10:50.462066,Source c0.avi,1049,4,,184,30,236,168,0.804
2025-11-18T19:10:50.515070,Source c1.avi,1155,1,,200,33,290,243,0.820
2025-11-18T19:10:50.515070,Source c1.avi,1156,2,,54,14,99,139,0.820
2025-11-18T19:10:50.515070,Source c1.avi,1157,3,,188,23,226,163,0.820
2025-11-18T19:10:50.612266,Source c0.avi,1050,2,,219,0,255,107,0.770
2025-11-18T19:10:50.612266,Source c0.avi,1051,3,,19,5,79,196,0.770
2025-11-18T19:10:50.612266,Source c0.avi,1052,4,,182,31,233,166,0.770
2025-11-18T19:10:50.652266,Source c1.avi,1158,1,,202,32,289,239,0.808
2025-11-18T19:10:50.652266,Source c1.avi,1159,2,,52,14,97,140,0.808
2025-11-18T19:10:50.652266,Source c1.avi,1160,3,,187,23,225,163,0.808
2025-11-18T19:10:50.757775,Source c0.avi,1053,2,,218,0,253,107,0.757
2025-11-18T19:10:50.757775,Source c0.avi,1054,3,,20,4,80,192,0.757
2025-11-18T19:10:50.757775,Source c0.avi,1055,4,,178,16,233,166,0.757
2025-11-18T19:10:50.798773,Source c1.avi,1161,1,,200,32,283,237,0.823
2025-11-18T19:10:50.798773,Source c1.avi,1162,2,,50,14,95,140,0.823
2025-11-18T19:10:50.798773,Source c1.avi,1163,3,,186,24,224,162,0.823
2025-11-18T19:10:50.898233,Source c0.avi,1056,2,,217,0,251,107,0.812
2025-11-18T19:10:50.898233,Source c0.avi,1057,3,,21,2,80,188,0.812
2025-11-18T19:10:50.898233,Source c0.avi,1058,4,,176,15,231,165,0.812
2025-11-18T19:10:50.943231,Source c1.avi,1164,1,,199,30,279,232,0.816
2025-11-18T19:10:50.943231,Source c1.avi,1165,2,,51,14,98,143,0.816
2025-11-18T19:10:50.944231,Source c1.avi,1166,3,,184,24,224,165,0.816
2025-11-18T19:10:51.040746,Source c0.avi,1059,2,,215,0,249,107,0.796
2025-11-18T19:10:51.040746,Source c0.avi,1060,3,,22,1,80,182,0.796
2025-11-18T19:10:51.040746,Source c0.avi,1061,4,,174,15,229,163,0.796
2025-11-18T19:10:51.097745,Source c1.avi,1167,1,,197,30,275,231,0.807
2025-11-18T19:10:51.097745,Source c1.avi,1168,2,,49,15,96,143,0.807
2025-11-18T19:10:51.097745,Source c1.avi,1169,3,,182,25,222,168,0.807
2025-11-18T19:10:51.195256,Source c0.avi,1062,2,,213,0,247,108,0.774
2025-11-18T19:10:51.195256,Source c0.avi,1063,3,,23,0,80,177,0.774
2025-11-18T19:10:51.195256,Source c0.avi,1064,4,,172,12,227,167,0.774
2025-11-18T19:10:51.249258,Source c1.avi,1170,1,,193,30,271,234,0.769
2025-11-18T19:10:51.249258,Source c1.avi,1171,2,,49,15,96,146,0.769
2025-11-18T19:10:51.249258,Source c1.avi,1172,3,,181,26,221,169,0.769
2025-11-18T19:10:51.349479,Source c0.avi,1065,2,,211,0,245,107,0.835
2025-11-18T19:10:51.349479,Source c0.avi,1066,3,,24,0,81,174,0.835
2025-11-18T19:10:51.349479,Source c0.avi,1067,4,,170,11,225,166,0.835
2025-11-18T19:10:51.398479,Source c1.avi,1173,1,,190,29,267,239,0.814
2025-11-18T19:10:51.398479,Source c1.avi,1174,2,,47,16,94,147,0.814
2025-11-18T19:10:51.398479,Source c1.avi,1175,3,,180,26,220,169,0.814
2025-11-18T19:10:51.496652,Source c0.avi,1068,2,,209,0,244,107,0.815
2025-11-18T19:10:51.496652,Source c0.avi,1069,3,,25,0,81,173,0.815
2025-11-18T19:10:51.496652,Source c0.avi,1070,4,,168,12,222,167,0.815
2025-11-18T19:10:51.537649,Source c1.avi,1176,1,,187,29,262,238,0.803
2025-11-18T19:10:51.537649,Source c1.avi,1177,2,,46,16,93,148,0.803
2025-11-18T19:10:51.538650,Source c1.avi,1178,3,,179,26,219,169,0.803
